profile_id,replacement_standard_no,obsolete_source_id,replacement_standard_title,profile_family,standard_limit_target,medium,table_or_clause_ref,source_page,source_table_index,source_row_index,pollutant_item,standard_limit_metric,metric,operator,value,unit,lower_value,lower_unit,lower_inclusive,upper_value,upper_unit,upper_inclusive,equivalent_value,equivalent_unit,limit_context,monitoring_location,raw_fragment,extraction_method,extraction_confidence,adapter_mapping_basis,human_review_status,governance_status,final_state,runtime_status,runtime_integration,candidate_only
PSLPA-V8_7-00001,GB 13457-2025,PDS-V8_0-0114,屠宰及肉类加工工业水污染物排放标准,EMISSION_STANDARD_LIMIT_TABLE,direct_discharge_max_concentration,water,表1,6,1,6,pH 值（无量纲）,direct_discharge_max_concentration,direct_discharge_max_concentration,range,,dimensionless,6,dimensionless,TRUE,9,dimensionless,TRUE,,,direct_discharge_max_concentration,排污单位污水总排放口,pH 值（无量纲） | direct_discharge_max_concentration | 6～9,pymupdf_find_tables_standard_limit_adapter,HIGH,reuses permit_threshold_predicate_governance fieldset: metric/operator/value/unit/lower/upper/equivalent/raw_fragment/source_page/governance_status,APPROVED_BY_CANDY_FOR_STANDARD_LIMIT_PROFILE_ADAPTER,STANDARD_LIMIT_PROFILE_ADAPTER_APPROVED_FOR_RUNTIME_IMPORT_CONTRACT,APPROVED_STANDARD_LIMIT_PROFILE_ADAPTER,APPROVED_FOR_IMPORT_PENDING_TESTS,approved_standard_limit_profile_import_contract,TRUE
PSLPA-V8_7-00002,GB 13457-2025,PDS-V8_0-0114,屠宰及肉类加工工业水污染物排放标准,EMISSION_STANDARD_LIMIT_TABLE,indirect_discharge_max_concentration,water,表1,6,1,6,pH 值（无量纲）,indirect_discharge_max_concentration,indirect_discharge_max_concentration,range,,dimensionless,6,dimensionless,TRUE,9,dimensionless,TRUE,,,indirect_discharge_max_concentration,排污单位污水总排放口,pH 值（无量纲） | indirect_discharge_max_concentration | 6～9,pymupdf_find_tables_standard_limit_adapter,HIGH,reuses permit_threshold_predicate_governance fieldset: metric/operator/value/unit/lower/upper/equivalent/raw_fragment/source_page/governance_status,APPROVED_BY_CANDY_FOR_STANDARD_LIMIT_PROFILE_ADAPTER,STANDARD_LIMIT_PROFILE_ADAPTER_APPROVED_FOR_RUNTIME_IMPORT_CONTRACT,APPROVED_STANDARD_LIMIT_PROFILE_ADAPTER,APPROVED_FOR_IMPORT_PENDING_TESTS,approved_standard_limit_profile_import_contract,TRUE
PSLPA-V8_7-00003,GB 13457-2025,PDS-V8_0-0114,屠宰及肉类加工工业水污染物排放标准,EMISSION_STANDARD_LIMIT_TABLE,negotiated_indirect_discharge_max_concentration,water,表1,6,1,6,pH 值（无量纲）,negotiated_indirect_discharge_max_concentration,negotiated_indirect_discharge_max_concentration,range,,dimensionless,6.5,dimensionless,TRUE,9.5,dimensionless,TRUE,,,negotiated_indirect_discharge_max_concentration,排污单位污水总排放口,pH 值（无量纲） | negotiated_indirect_discharge_max_concentration | 6.5～9.5,pymupdf_find_tables_standard_limit_adapter,HIGH,reuses permit_threshold_predicate_governance fieldset: metric/operator/value/unit/lower/upper/equivalent/raw_fragment/source_page/governance_status,APPROVED_BY_CANDY_FOR_STANDARD_LIMIT_PROFILE_ADAPTER,STANDARD_LIMIT_PROFILE_ADAPTER_APPROVED_FOR_RUNTIME_IMPORT_CONTRACT,APPROVED_STANDARD_LIMIT_PROFILE_ADAPTER,APPROVED_FOR_IMPORT_PENDING_TESTS,approved_standard_limit_profile_import_contract,TRUE
PSLPA-V8_7-00004,GB 13457-2025,PDS-V8_0-0114,屠宰及肉类加工工业水污染物排放标准,EMISSION_STANDARD_LIMIT_TABLE,direct_discharge_max_concentration,water,表1,6,1,7,色度（稀释倍数）,direct_discharge_max_concentration,direct_discharge_max_concentration,lte,50,dilution_factor,,,,,,,,,direct_discharge_max_concentration,排污单位污水总排放口,色度（稀释倍数） | direct_discharge_max_concentration | 50,pymupdf_find_tables_standard_limit_adapter,HIGH,reuses permit_threshold_predicate_governance fieldset: metric/operator/value/unit/lower/upper/equivalent/raw_fragment/source_page/governance_status,APPROVED_BY_CANDY_FOR_STANDARD_LIMIT_PROFILE_ADAPTER,STANDARD_LIMIT_PROFILE_ADAPTER_APPROVED_FOR_RUNTIME_IMPORT_CONTRACT,APPROVED_STANDARD_LIMIT_PROFILE_ADAPTER,APPROVED_FOR_IMPORT_PENDING_TESTS,approved_standard_limit_profile_import_contract,TRUE
PSLPA-V8_7-00005,GB 13457-2025,PDS-V8_0-0114,屠宰及肉类加工工业水污染物排放标准,EMISSION_STANDARD_LIMIT_TABLE,direct_discharge_max_concentration,water,表1,6,1,9,悬浮物,direct_discharge_max_concentration,direct_discharge_max_concentration,lte,60,mg/L,,,,,,,,,direct_discharge_max_concentration,排污单位污水总排放口,悬浮物 | direct_discharge_max_concentration | 60,pymupdf_find_tables_standard_limit_adapter,HIGH,reuses permit_threshold_predicate_governance fieldset: metric/operator/value/unit/lower/upper/equivalent/raw_fragment/source_page/governance_status,APPROVED_BY_CANDY_FOR_STANDARD_LIMIT_PROFILE_ADAPTER,STANDARD_LIMIT_PROFILE_ADAPTER_APPROVED_FOR_RUNTIME_IMPORT_CONTRACT,APPROVED_STANDARD_LIMIT_PROFILE_ADAPTER,APPROVED_FOR_IMPORT_PENDING_TESTS,approved_standard_limit_profile_import_contract,TRUE
PSLPA-V8_7-00006,GB 13457-2025,PDS-V8_0-0114,屠宰及肉类加工工业水污染物排放标准,EMISSION_STANDARD_LIMIT_TABLE,indirect_discharge_max_concentration,water,表1,6,1,9,悬浮物,indirect_discharge_max_concentration,indirect_discharge_max_concentration,lte,400,mg/L,,,,,,,,,indirect_discharge_max_concentration,排污单位污水总排放口,悬浮物 | indirect_discharge_max_concentration | 400,pymupdf_find_tables_standard_limit_adapter,HIGH,reuses permit_threshold_predicate_governance fieldset: metric/operator/value/unit/lower/upper/equivalent/raw_fragment/source_page/governance_status,APPROVED_BY_CANDY_FOR_STANDARD_LIMIT_PROFILE_ADAPTER,STANDARD_LIMIT_PROFILE_ADAPTER_APPROVED_FOR_RUNTIME_IMPORT_CONTRACT,APPROVED_STANDARD_LIMIT_PROFILE_ADAPTER,APPROVED_FOR_IMPORT_PENDING_TESTS,approved_standard_limit_profile_import_contract,TRUE
PSLPA-V8_7-00007,GB 13457-2025,PDS-V8_0-0114,屠宰及肉类加工工业水污染物排放标准,EMISSION_STANDARD_LIMIT_TABLE,negotiated_indirect_discharge_max_concentration,water,表1,6,1,9,悬浮物,negotiated_indirect_discharge_max_concentration,negotiated_indirect_discharge_max_concentration,lte,400,mg/L,,,,,,,,,negotiated_indirect_discharge_max_concentration,排污单位污水总排放口,悬浮物 | negotiated_indirect_discharge_max_concentration | 400,pymupdf_find_tables_standard_limit_adapter,HIGH,reuses permit_threshold_predicate_governance fieldset: metric/operator/value/unit/lower/upper/equivalent/raw_fragment/source_page/governance_status,APPROVED_BY_CANDY_FOR_STANDARD_LIMIT_PROFILE_ADAPTER,STANDARD_LIMIT_PROFILE_ADAPTER_APPROVED_FOR_RUNTIME_IMPORT_CONTRACT,APPROVED_STANDARD_LIMIT_PROFILE_ADAPTER,APPROVED_FOR_IMPORT_PENDING_TESTS,approved_standard_limit_profile_import_contract,TRUE
PSLPA-V8_7-00008,GB 13457-2025,PDS-V8_0-0114,屠宰及肉类加工工业水污染物排放标准,EMISSION_STANDARD_LIMIT_TABLE,direct_discharge_max_concentration,water,表1,6,1,11,五日生化需氧量（BOD） 5,direct_discharge_max_concentration,direct_discharge_max_concentration,lte,25,mg/L,,,,,,,,,direct_discharge_max_concentration,排污单位污水总排放口,五日生化需氧量（BOD） 5 | direct_discharge_max_concentration | 25,pymupdf_find_tables_standard_limit_adapter,HIGH,reuses permit_threshold_predicate_governance fieldset: metric/operator/value/unit/lower/upper/equivalent/raw_fragment/source_page/governance_status,APPROVED_BY_CANDY_FOR_STANDARD_LIMIT_PROFILE_ADAPTER,STANDARD_LIMIT_PROFILE_ADAPTER_APPROVED_FOR_RUNTIME_IMPORT_CONTRACT,APPROVED_STANDARD_LIMIT_PROFILE_ADAPTER,APPROVED_FOR_IMPORT_PENDING_TESTS,approved_standard_limit_profile_import_contract,TRUE
PSLPA-V8_7-00009,GB 13457-2025,PDS-V8_0-0114,屠宰及肉类加工工业水污染物排放标准,EMISSION_STANDARD_LIMIT_TABLE,indirect_discharge_max_concentration,water,表1,6,1,11,五日生化需氧量（BOD） 5,indirect_discharge_max_concentration,indirect_discharge_max_concentration,lte,350,mg/L,,,,,,,,,indirect_discharge_max_concentration,排污单位污水总排放口,五日生化需氧量（BOD） 5 | indirect_discharge_max_concentration | 350,pymupdf_find_tables_standard_limit_adapter,HIGH,reuses permit_threshold_predicate_governance fieldset: metric/operator/value/unit/lower/upper/equivalent/raw_fragment/source_page/governance_status,APPROVED_BY_CANDY_FOR_STANDARD_LIMIT_PROFILE_ADAPTER,STANDARD_LIMIT_PROFILE_ADAPTER_APPROVED_FOR_RUNTIME_IMPORT_CONTRACT,APPROVED_STANDARD_LIMIT_PROFILE_ADAPTER,APPROVED_FOR_IMPORT_PENDING_TESTS,approved_standard_limit_profile_import_contract,TRUE
PSLPA-V8_7-00010,GB 13457-2025,PDS-V8_0-0114,屠宰及肉类加工工业水污染物排放标准,EMISSION_STANDARD_LIMIT_TABLE,negotiated_indirect_discharge_max_concentration,water,表1,6,1,11,五日生化需氧量（BOD） 5,negotiated_indirect_discharge_max_concentration,negotiated_indirect_discharge_max_concentration,lte,1500,mg/L,,,,,,,,,negotiated_indirect_discharge_max_concentration,排污单位污水总排放口,五日生化需氧量（BOD） 5 | negotiated_indirect_discharge_max_concentration | 1 500,pymupdf_find_tables_standard_limit_adapter,HIGH,reuses permit_threshold_predicate_governance fieldset: metric/operator/value/unit/lower/upper/equivalent/raw_fragment/source_page/governance_status,APPROVED_BY_CANDY_FOR_STANDARD_LIMIT_PROFILE_ADAPTER,STANDARD_LIMIT_PROFILE_ADAPTER_APPROVED_FOR_RUNTIME_IMPORT_CONTRACT,APPROVED_STANDARD_LIMIT_PROFILE_ADAPTER,APPROVED_FOR_IMPORT_PENDING_TESTS,approved_standard_limit_profile_import_contract,TRUE
PSLPA-V8_7-00011,GB 13457-2025,PDS-V8_0-0114,屠宰及肉类加工工业水污染物排放标准,EMISSION_STANDARD_LIMIT_TABLE,direct_discharge_max_concentration,water,表1,6,1,13,化学需氧量（COD ） Cr,direct_discharge_max_concentration,direct_discharge_max_concentration,mixed_limit_with_note,70a/80,mg/L,,,,,,,,,direct_discharge_max_concentration,排污单位污水总排放口,化学需氧量（COD ） Cr | direct_discharge_max_concentration | 70a/80,pymupdf_find_tables_standard_limit_adapter,HIGH,reuses permit_threshold_predicate_governance fieldset: metric/operator/value/unit/lower/upper/equivalent/raw_fragment/source_page/governance_status,APPROVED_BY_CANDY_FOR_STANDARD_LIMIT_PROFILE_ADAPTER,STANDARD_LIMIT_PROFILE_ADAPTER_APPROVED_FOR_RUNTIME_IMPORT_CONTRACT,APPROVED_STANDARD_LIMIT_PROFILE_ADAPTER,APPROVED_FOR_IMPORT_PENDING_TESTS,approved_standard_limit_profile_import_contract,TRUE
PSLPA-V8_7-00012,GB 13457-2025,PDS-V8_0-0114,屠宰及肉类加工工业水污染物排放标准,EMISSION_STANDARD_LIMIT_TABLE,indirect_discharge_max_concentration,water,表1,6,1,13,化学需氧量（COD ） Cr,indirect_discharge_max_concentration,indirect_discharge_max_concentration,lte,500,mg/L,,,,,,,,,indirect_discharge_max_concentration,排污单位污水总排放口,化学需氧量（COD ） Cr | indirect_discharge_max_concentration | 500,pymupdf_find_tables_standard_limit_adapter,HIGH,reuses permit_threshold_predicate_governance fieldset: metric/operator/value/unit/lower/upper/equivalent/raw_fragment/source_page/governance_status,APPROVED_BY_CANDY_FOR_STANDARD_LIMIT_PROFILE_ADAPTER,STANDARD_LIMIT_PROFILE_ADAPTER_APPROVED_FOR_RUNTIME_IMPORT_CONTRACT,APPROVED_STANDARD_LIMIT_PROFILE_ADAPTER,APPROVED_FOR_IMPORT_PENDING_TESTS,approved_standard_limit_profile_import_contract,TRUE
PSLPA-V8_7-00013,GB 13457-2025,PDS-V8_0-0114,屠宰及肉类加工工业水污染物排放标准,EMISSION_STANDARD_LIMIT_TABLE,negotiated_indirect_discharge_max_concentration,water,表1,6,1,13,化学需氧量（COD ） Cr,negotiated_indirect_discharge_max_concentration,negotiated_indirect_discharge_max_concentration,lte,3000,mg/L,,,,,,,,,negotiated_indirect_discharge_max_concentration,排污单位污水总排放口,化学需氧量（COD ） Cr | negotiated_indirect_discharge_max_concentration | 3 000,pymupdf_find_tables_standard_limit_adapter,HIGH,reuses permit_threshold_predicate_governance fieldset: metric/operator/value/unit/lower/upper/equivalent/raw_fragment/source_page/governance_status,APPROVED_BY_CANDY_FOR_STANDARD_LIMIT_PROFILE_ADAPTER,STANDARD_LIMIT_PROFILE_ADAPTER_APPROVED_FOR_RUNTIME_IMPORT_CONTRACT,APPROVED_STANDARD_LIMIT_PROFILE_ADAPTER,APPROVED_FOR_IMPORT_PENDING_TESTS,approved_standard_limit_profile_import_contract,TRUE
PSLPA-V8_7-00014,GB 13457-2025,PDS-V8_0-0114,屠宰及肉类加工工业水污染物排放标准,EMISSION_STANDARD_LIMIT_TABLE,direct_discharge_max_concentration,water,表1,7,1,6,氨氮,direct_discharge_max_concentration,direct_discharge_max_concentration,lte,15,mg/L,,,,,,,,,direct_discharge_max_concentration,排污单位污水总排放口,氨氮 | direct_discharge_max_concentration | 15,pymupdf_find_tables_standard_limit_adapter,HIGH,reuses permit_threshold_predicate_governance fieldset: metric/operator/value/unit/lower/upper/equivalent/raw_fragment/source_page/governance_status,APPROVED_BY_CANDY_FOR_STANDARD_LIMIT_PROFILE_ADAPTER,STANDARD_LIMIT_PROFILE_ADAPTER_APPROVED_FOR_RUNTIME_IMPORT_CONTRACT,APPROVED_STANDARD_LIMIT_PROFILE_ADAPTER,APPROVED_FOR_IMPORT_PENDING_TESTS,approved_standard_limit_profile_import_contract,TRUE
PSLPA-V8_7-00015,GB 13457-2025,PDS-V8_0-0114,屠宰及肉类加工工业水污染物排放标准,EMISSION_STANDARD_LIMIT_TABLE,indirect_discharge_max_concentration,water,表1,7,1,6,氨氮,indirect_discharge_max_concentration,indirect_discharge_max_concentration,lte,45,mg/L,,,,,,,,,indirect_discharge_max_concentration,排污单位污水总排放口,氨氮 | indirect_discharge_max_concentration | 45,pymupdf_find_tables_standard_limit_adapter,HIGH,reuses permit_threshold_predicate_governance fieldset: metric/operator/value/unit/lower/upper/equivalent/raw_fragment/source_page/governance_status,APPROVED_BY_CANDY_FOR_STANDARD_LIMIT_PROFILE_ADAPTER,STANDARD_LIMIT_PROFILE_ADAPTER_APPROVED_FOR_RUNTIME_IMPORT_CONTRACT,APPROVED_STANDARD_LIMIT_PROFILE_ADAPTER,APPROVED_FOR_IMPORT_PENDING_TESTS,approved_standard_limit_profile_import_contract,TRUE
PSLPA-V8_7-00016,GB 13457-2025,PDS-V8_0-0114,屠宰及肉类加工工业水污染物排放标准,EMISSION_STANDARD_LIMIT_TABLE,negotiated_indirect_discharge_max_concentration,water,表1,7,1,6,氨氮,negotiated_indirect_discharge_max_concentration,negotiated_indirect_discharge_max_concentration,lte,200,mg/L,,,,,,,,,negotiated_indirect_discharge_max_concentration,排污单位污水总排放口,氨氮 | negotiated_indirect_discharge_max_concentration | 200,pymupdf_find_tables_standard_limit_adapter,HIGH,reuses permit_threshold_predicate_governance fieldset: metric/operator/value/unit/lower/upper/equivalent/raw_fragment/source_page/governance_status,APPROVED_BY_CANDY_FOR_STANDARD_LIMIT_PROFILE_ADAPTER,STANDARD_LIMIT_PROFILE_ADAPTER_APPROVED_FOR_RUNTIME_IMPORT_CONTRACT,APPROVED_STANDARD_LIMIT_PROFILE_ADAPTER,APPROVED_FOR_IMPORT_PENDING_TESTS,approved_standard_limit_profile_import_contract,TRUE
PSLPA-V8_7-00017,GB 13457-2025,PDS-V8_0-0114,屠宰及肉类加工工业水污染物排放标准,EMISSION_STANDARD_LIMIT_TABLE,direct_discharge_max_concentration,water,表1,7,1,7,总氮,direct_discharge_max_concentration,direct_discharge_max_concentration,lte,25,mg/L,,,,,,,,,direct_discharge_max_concentration,排污单位污水总排放口,总氮 | direct_discharge_max_concentration | 25,pymupdf_find_tables_standard_limit_adapter,HIGH,reuses permit_threshold_predicate_governance fieldset: metric/operator/value/unit/lower/upper/equivalent/raw_fragment/source_page/governance_status,APPROVED_BY_CANDY_FOR_STANDARD_LIMIT_PROFILE_ADAPTER,STANDARD_LIMIT_PROFILE_ADAPTER_APPROVED_FOR_RUNTIME_IMPORT_CONTRACT,APPROVED_STANDARD_LIMIT_PROFILE_ADAPTER,APPROVED_FOR_IMPORT_PENDING_TESTS,approved_standard_limit_profile_import_contract,TRUE
PSLPA-V8_7-00018,GB 13457-2025,PDS-V8_0-0114,屠宰及肉类加工工业水污染物排放标准,EMISSION_STANDARD_LIMIT_TABLE,indirect_discharge_max_concentration,water,表1,7,1,7,总氮,indirect_discharge_max_concentration,indirect_discharge_max_concentration,lte,70,mg/L,,,,,,,,,indirect_discharge_max_concentration,排污单位污水总排放口,总氮 | indirect_discharge_max_concentration | 70,pymupdf_find_tables_standard_limit_adapter,HIGH,reuses permit_threshold_predicate_governance fieldset: metric/operator/value/unit/lower/upper/equivalent/raw_fragment/source_page/governance_status,APPROVED_BY_CANDY_FOR_STANDARD_LIMIT_PROFILE_ADAPTER,STANDARD_LIMIT_PROFILE_ADAPTER_APPROVED_FOR_RUNTIME_IMPORT_CONTRACT,APPROVED_STANDARD_LIMIT_PROFILE_ADAPTER,APPROVED_FOR_IMPORT_PENDING_TESTS,approved_standard_limit_profile_import_contract,TRUE
PSLPA-V8_7-00019,GB 13457-2025,PDS-V8_0-0114,屠宰及肉类加工工业水污染物排放标准,EMISSION_STANDARD_LIMIT_TABLE,negotiated_indirect_discharge_max_concentration,water,表1,7,1,7,总氮,negotiated_indirect_discharge_max_concentration,negotiated_indirect_discharge_max_concentration,lte,300,mg/L,,,,,,,,,negotiated_indirect_discharge_max_concentration,排污单位污水总排放口,总氮 | negotiated_indirect_discharge_max_concentration | 300,pymupdf_find_tables_standard_limit_adapter,HIGH,reuses permit_threshold_predicate_governance fieldset: metric/operator/value/unit/lower/upper/equivalent/raw_fragment/source_page/governance_status,APPROVED_BY_CANDY_FOR_STANDARD_LIMIT_PROFILE_ADAPTER,STANDARD_LIMIT_PROFILE_ADAPTER_APPROVED_FOR_RUNTIME_IMPORT_CONTRACT,APPROVED_STANDARD_LIMIT_PROFILE_ADAPTER,APPROVED_FOR_IMPORT_PENDING_TESTS,approved_standard_limit_profile_import_contract,TRUE
PSLPA-V8_7-00020,GB 13457-2025,PDS-V8_0-0114,屠宰及肉类加工工业水污染物排放标准,EMISSION_STANDARD_LIMIT_TABLE,direct_discharge_max_concentration,water,表1,7,1,8,总磷,direct_discharge_max_concentration,direct_discharge_max_concentration,lte,2,mg/L,,,,,,,,,direct_discharge_max_concentration,排污单位污水总排放口,总磷 | direct_discharge_max_concentration | 2,pymupdf_find_tables_standard_limit_adapter,HIGH,reuses permit_threshold_predicate_governance fieldset: metric/operator/value/unit/lower/upper/equivalent/raw_fragment/source_page/governance_status,APPROVED_BY_CANDY_FOR_STANDARD_LIMIT_PROFILE_ADAPTER,STANDARD_LIMIT_PROFILE_ADAPTER_APPROVED_FOR_RUNTIME_IMPORT_CONTRACT,APPROVED_STANDARD_LIMIT_PROFILE_ADAPTER,APPROVED_FOR_IMPORT_PENDING_TESTS,approved_standard_limit_profile_import_contract,TRUE
PSLPA-V8_7-00021,GB 13457-2025,PDS-V8_0-0114,屠宰及肉类加工工业水污染物排放标准,EMISSION_STANDARD_LIMIT_TABLE,indirect_discharge_max_concentration,water,表1,7,1,8,总磷,indirect_discharge_max_concentration,indirect_discharge_max_concentration,lte,8,mg/L,,,,,,,,,indirect_discharge_max_concentration,排污单位污水总排放口,总磷 | indirect_discharge_max_concentration | 8,pymupdf_find_tables_standard_limit_adapter,HIGH,reuses permit_threshold_predicate_governance fieldset: metric/operator/value/unit/lower/upper/equivalent/raw_fragment/source_page/governance_status,APPROVED_BY_CANDY_FOR_STANDARD_LIMIT_PROFILE_ADAPTER,STANDARD_LIMIT_PROFILE_ADAPTER_APPROVED_FOR_RUNTIME_IMPORT_CONTRACT,APPROVED_STANDARD_LIMIT_PROFILE_ADAPTER,APPROVED_FOR_IMPORT_PENDING_TESTS,approved_standard_limit_profile_import_contract,TRUE
PSLPA-V8_7-00022,GB 13457-2025,PDS-V8_0-0114,屠宰及肉类加工工业水污染物排放标准,EMISSION_STANDARD_LIMIT_TABLE,negotiated_indirect_discharge_max_concentration,water,表1,7,1,8,总磷,negotiated_indirect_discharge_max_concentration,negotiated_indirect_discharge_max_concentration,lte,45,mg/L,,,,,,,,,negotiated_indirect_discharge_max_concentration,排污单位污水总排放口,总磷 | negotiated_indirect_discharge_max_concentration | 45,pymupdf_find_tables_standard_limit_adapter,HIGH,reuses permit_threshold_predicate_governance fieldset: metric/operator/value/unit/lower/upper/equivalent/raw_fragment/source_page/governance_status,APPROVED_BY_CANDY_FOR_STANDARD_LIMIT_PROFILE_ADAPTER,STANDARD_LIMIT_PROFILE_ADAPTER_APPROVED_FOR_RUNTIME_IMPORT_CONTRACT,APPROVED_STANDARD_LIMIT_PROFILE_ADAPTER,APPROVED_FOR_IMPORT_PENDING_TESTS,approved_standard_limit_profile_import_contract,TRUE
PSLPA-V8_7-00023,GB 13457-2025,PDS-V8_0-0114,屠宰及肉类加工工业水污染物排放标准,EMISSION_STANDARD_LIMIT_TABLE,direct_discharge_max_concentration,water,表1,7,1,9,动植物油,direct_discharge_max_concentration,direct_discharge_max_concentration,lte,15,mg/L,,,,,,,,,direct_discharge_max_concentration,排污单位污水总排放口,动植物油 | direct_discharge_max_concentration | 15,pymupdf_find_tables_standard_limit_adapter,HIGH,reuses permit_threshold_predicate_governance fieldset: metric/operator/value/unit/lower/upper/equivalent/raw_fragment/source_page/governance_status,APPROVED_BY_CANDY_FOR_STANDARD_LIMIT_PROFILE_ADAPTER,STANDARD_LIMIT_PROFILE_ADAPTER_APPROVED_FOR_RUNTIME_IMPORT_CONTRACT,APPROVED_STANDARD_LIMIT_PROFILE_ADAPTER,APPROVED_FOR_IMPORT_PENDING_TESTS,approved_standard_limit_profile_import_contract,TRUE
PSLPA-V8_7-00024,GB 13457-2025,PDS-V8_0-0114,屠宰及肉类加工工业水污染物排放标准,EMISSION_STANDARD_LIMIT_TABLE,indirect_discharge_max_concentration,water,表1,7,1,9,动植物油,indirect_discharge_max_concentration,indirect_discharge_max_concentration,lte,100,mg/L,,,,,,,,,indirect_discharge_max_concentration,排污单位污水总排放口,动植物油 | indirect_discharge_max_concentration | 100,pymupdf_find_tables_standard_limit_adapter,HIGH,reuses permit_threshold_predicate_governance fieldset: metric/operator/value/unit/lower/upper/equivalent/raw_fragment/source_page/governance_status,APPROVED_BY_CANDY_FOR_STANDARD_LIMIT_PROFILE_ADAPTER,STANDARD_LIMIT_PROFILE_ADAPTER_APPROVED_FOR_RUNTIME_IMPORT_CONTRACT,APPROVED_STANDARD_LIMIT_PROFILE_ADAPTER,APPROVED_FOR_IMPORT_PENDING_TESTS,approved_standard_limit_profile_import_contract,TRUE
PSLPA-V8_7-00025,GB 13457-2025,PDS-V8_0-0114,屠宰及肉类加工工业水污染物排放标准,EMISSION_STANDARD_LIMIT_TABLE,negotiated_indirect_discharge_max_concentration,water,表1,7,1,9,动植物油,negotiated_indirect_discharge_max_concentration,negotiated_indirect_discharge_max_concentration,lte,100,mg/L,,,,,,,,,negotiated_indirect_discharge_max_concentration,排污单位污水总排放口,动植物油 | negotiated_indirect_discharge_max_concentration | 100,pymupdf_find_tables_standard_limit_adapter,HIGH,reuses permit_threshold_predicate_governance fieldset: metric/operator/value/unit/lower/upper/equivalent/raw_fragment/source_page/governance_status,APPROVED_BY_CANDY_FOR_STANDARD_LIMIT_PROFILE_ADAPTER,STANDARD_LIMIT_PROFILE_ADAPTER_APPROVED_FOR_RUNTIME_IMPORT_CONTRACT,APPROVED_STANDARD_LIMIT_PROFILE_ADAPTER,APPROVED_FOR_IMPORT_PENDING_TESTS,approved_standard_limit_profile_import_contract,TRUE
PSLPA-V8_7-00026,GB 13457-2025,PDS-V8_0-0114,屠宰及肉类加工工业水污染物排放标准,EMISSION_STANDARD_LIMIT_TABLE,direct_discharge_max_concentration,water,表1,7,1,10,总大肠菌群数（MPN/L）,direct_discharge_max_concentration,direct_discharge_max_concentration,lte,5000,MPN/L,,,,,,,,,direct_discharge_max_concentration,排污单位污水总排放口,总大肠菌群数（MPN/L） | direct_discharge_max_concentration | 5 000,pymupdf_find_tables_standard_limit_adapter,HIGH,reuses permit_threshold_predicate_governance fieldset: metric/operator/value/unit/lower/upper/equivalent/raw_fragment/source_page/governance_status,APPROVED_BY_CANDY_FOR_STANDARD_LIMIT_PROFILE_ADAPTER,STANDARD_LIMIT_PROFILE_ADAPTER_APPROVED_FOR_RUNTIME_IMPORT_CONTRACT,APPROVED_STANDARD_LIMIT_PROFILE_ADAPTER,APPROVED_FOR_IMPORT_PENDING_TESTS,approved_standard_limit_profile_import_contract,TRUE
PSLPA-V8_7-00027,GB 13457-2025,PDS-V8_0-0114,屠宰及肉类加工工业水污染物排放标准,WATER_USE_BENCHMARK_TABLE,unit_product_benchmark_drainage,water,表2,7,2,4,猪,unit_product_benchmark_drainage,unit_product_benchmark_drainage,benchmark,0.6,,,,,,,,,,,与污染物排放监控位置一致,猪 | 0.6,pymupdf_find_tables_standard_limit_adapter,HIGH,reuses permit_threshold_predicate_governance fieldset: metric/operator/value/unit/lower/upper/equivalent/raw_fragment/source_page/governance_status,APPROVED_BY_CANDY_FOR_STANDARD_LIMIT_PROFILE_ADAPTER,STANDARD_LIMIT_PROFILE_ADAPTER_APPROVED_FOR_RUNTIME_IMPORT_CONTRACT,APPROVED_STANDARD_LIMIT_PROFILE_ADAPTER,APPROVED_FOR_IMPORT_PENDING_TESTS,approved_standard_limit_profile_import_contract,TRUE
PSLPA-V8_7-00028,GB 13457-2025,PDS-V8_0-0114,屠宰及肉类加工工业水污染物排放标准,WATER_USE_BENCHMARK_TABLE,unit_product_benchmark_drainage,water,表2,7,2,6,牛,unit_product_benchmark_drainage,unit_product_benchmark_drainage,benchmark,2.5,,,,,,,,,,畜类屠宰a,与污染物排放监控位置一致,牛 | 2.5,pymupdf_find_tables_standard_limit_adapter,HIGH,reuses permit_threshold_predicate_governance fieldset: metric/operator/value/unit/lower/upper/equivalent/raw_fragment/source_page/governance_status,APPROVED_BY_CANDY_FOR_STANDARD_LIMIT_PROFILE_ADAPTER,STANDARD_LIMIT_PROFILE_ADAPTER_APPROVED_FOR_RUNTIME_IMPORT_CONTRACT,APPROVED_STANDARD_LIMIT_PROFILE_ADAPTER,APPROVED_FOR_IMPORT_PENDING_TESTS,approved_standard_limit_profile_import_contract,TRUE
PSLPA-V8_7-00029,GB 13457-2025,PDS-V8_0-0114,屠宰及肉类加工工业水污染物排放标准,WATER_USE_BENCHMARK_TABLE,unit_product_benchmark_drainage,water,表2,7,2,8,羊,unit_product_benchmark_drainage,unit_product_benchmark_drainage,benchmark,0.3,m3/头,,,,,,,,,（m3/头）,与污染物排放监控位置一致,羊 | 0.3,pymupdf_find_tables_standard_limit_adapter,HIGH,reuses permit_threshold_predicate_governance fieldset: metric/operator/value/unit/lower/upper/equivalent/raw_fragment/source_page/governance_status,APPROVED_BY_CANDY_FOR_STANDARD_LIMIT_PROFILE_ADAPTER,STANDARD_LIMIT_PROFILE_ADAPTER_APPROVED_FOR_RUNTIME_IMPORT_CONTRACT,APPROVED_STANDARD_LIMIT_PROFILE_ADAPTER,APPROVED_FOR_IMPORT_PENDING_TESTS,approved_standard_limit_profile_import_contract,TRUE
PSLPA-V8_7-00030,GB 13457-2025,PDS-V8_0-0114,屠宰及肉类加工工业水污染物排放标准,WATER_USE_BENCHMARK_TABLE,unit_product_benchmark_drainage,water,表2,7,2,10,禽类屠宰b（m3/百只）,unit_product_benchmark_drainage,unit_product_benchmark_drainage,benchmark,3,m3/百只,,,,,,,,,禽类屠宰b（m3/百只）,与污染物排放监控位置一致,禽类屠宰b（m3/百只） | 3,pymupdf_find_tables_standard_limit_adapter,HIGH,reuses permit_threshold_predicate_governance fieldset: metric/operator/value/unit/lower/upper/equivalent/raw_fragment/source_page/governance_status,APPROVED_BY_CANDY_FOR_STANDARD_LIMIT_PROFILE_ADAPTER,STANDARD_LIMIT_PROFILE_ADAPTER_APPROVED_FOR_RUNTIME_IMPORT_CONTRACT,APPROVED_STANDARD_LIMIT_PROFILE_ADAPTER,APPROVED_FOR_IMPORT_PENDING_TESTS,approved_standard_limit_profile_import_contract,TRUE
PSLPA-V8_7-00031,GB 13457-2025,PDS-V8_0-0114,屠宰及肉类加工工业水污染物排放标准,WATER_USE_BENCHMARK_TABLE,unit_product_benchmark_drainage,water,表2,7,2,11,酱卤肉制品/熟肉干制品,unit_product_benchmark_drainage,unit_product_benchmark_drainage,benchmark,20,m3/百只,,,,,,,,,禽类屠宰b（m3/百只）,与污染物排放监控位置一致,酱卤肉制品/熟肉干制品 | 20,pymupdf_find_tables_standard_limit_adapter,HIGH,reuses permit_threshold_predicate_governance fieldset: metric/operator/value/unit/lower/upper/equivalent/raw_fragment/source_page/governance_status,APPROVED_BY_CANDY_FOR_STANDARD_LIMIT_PROFILE_ADAPTER,STANDARD_LIMIT_PROFILE_ADAPTER_APPROVED_FOR_RUNTIME_IMPORT_CONTRACT,APPROVED_STANDARD_LIMIT_PROFILE_ADAPTER,APPROVED_FOR_IMPORT_PENDING_TESTS,approved_standard_limit_profile_import_contract,TRUE
PSLPA-V8_7-00032,GB 13457-2025,PDS-V8_0-0114,屠宰及肉类加工工业水污染物排放标准,WATER_USE_BENCHMARK_TABLE,unit_product_benchmark_drainage,water,表2,7,2,12,熏烧烤肉制品,unit_product_benchmark_drainage,unit_product_benchmark_drainage,benchmark,10,m3/百只,,,,,,,,,禽类屠宰b（m3/百只）,与污染物排放监控位置一致,熏烧烤肉制品 | 10,pymupdf_find_tables_standard_limit_adapter,HIGH,reuses permit_threshold_predicate_governance fieldset: metric/operator/value/unit/lower/upper/equivalent/raw_fragment/source_page/governance_status,APPROVED_BY_CANDY_FOR_STANDARD_LIMIT_PROFILE_ADAPTER,STANDARD_LIMIT_PROFILE_ADAPTER_APPROVED_FOR_RUNTIME_IMPORT_CONTRACT,APPROVED_STANDARD_LIMIT_PROFILE_ADAPTER,APPROVED_FOR_IMPORT_PENDING_TESTS,approved_standard_limit_profile_import_contract,TRUE
PSLPA-V8_7-00033,GB 13457-2025,PDS-V8_0-0114,屠宰及肉类加工工业水污染物排放标准,WATER_USE_BENCHMARK_TABLE,unit_product_benchmark_drainage,water,表2,7,2,14,熏煮香肠火腿制品,unit_product_benchmark_drainage,unit_product_benchmark_drainage,benchmark,13,m3/百只,,,,,,,,,肉制品加工,与污染物排放监控位置一致,熏煮香肠火腿制品 | 13,pymupdf_find_tables_standard_limit_adapter,HIGH,reuses permit_threshold_predicate_governance fieldset: metric/operator/value/unit/lower/upper/equivalent/raw_fragment/source_page/governance_status,APPROVED_BY_CANDY_FOR_STANDARD_LIMIT_PROFILE_ADAPTER,STANDARD_LIMIT_PROFILE_ADAPTER_APPROVED_FOR_RUNTIME_IMPORT_CONTRACT,APPROVED_STANDARD_LIMIT_PROFILE_ADAPTER,APPROVED_FOR_IMPORT_PENDING_TESTS,approved_standard_limit_profile_import_contract,TRUE
PSLPA-V8_7-00034,GB 13457-2025,PDS-V8_0-0114,屠宰及肉类加工工业水污染物排放标准,WATER_USE_BENCHMARK_TABLE,unit_product_benchmark_drainage,water,表2,7,2,16,腌腊肉制品,unit_product_benchmark_drainage,unit_product_benchmark_drainage,benchmark,9,m3/t 产品,,,,,,,,,（m3/t 产品）,与污染物排放监控位置一致,腌腊肉制品 | 9,pymupdf_find_tables_standard_limit_adapter,HIGH,reuses permit_threshold_predicate_governance fieldset: metric/operator/value/unit/lower/upper/equivalent/raw_fragment/source_page/governance_status,APPROVED_BY_CANDY_FOR_STANDARD_LIMIT_PROFILE_ADAPTER,STANDARD_LIMIT_PROFILE_ADAPTER_APPROVED_FOR_RUNTIME_IMPORT_CONTRACT,APPROVED_STANDARD_LIMIT_PROFILE_ADAPTER,APPROVED_FOR_IMPORT_PENDING_TESTS,approved_standard_limit_profile_import_contract,TRUE
PSLPA-V8_7-00035,GB 13457-2025,PDS-V8_0-0114,屠宰及肉类加工工业水污染物排放标准,WATER_USE_BENCHMARK_TABLE,unit_product_benchmark_drainage,water,表2,7,2,18,发酵肉制品,unit_product_benchmark_drainage,unit_product_benchmark_drainage,benchmark,10,m3/t 产品,,,,,,,,,（m3/t 产品）,与污染物排放监控位置一致,发酵肉制品 | 10,pymupdf_find_tables_standard_limit_adapter,HIGH,reuses permit_threshold_predicate_governance fieldset: metric/operator/value/unit/lower/upper/equivalent/raw_fragment/source_page/governance_status,APPROVED_BY_CANDY_FOR_STANDARD_LIMIT_PROFILE_ADAPTER,STANDARD_LIMIT_PROFILE_ADAPTER_APPROVED_FOR_RUNTIME_IMPORT_CONTRACT,APPROVED_STANDARD_LIMIT_PROFILE_ADAPTER,APPROVED_FOR_IMPORT_PENDING_TESTS,approved_standard_limit_profile_import_contract,TRUE
PSLPA-V8_7-00036,GB 13457-2025,PDS-V8_0-0114,屠宰及肉类加工工业水污染物排放标准,WATER_USE_BENCHMARK_TABLE,unit_product_benchmark_drainage,water,表2,7,2,19,刮制、盐渍工序,unit_product_benchmark_drainage,unit_product_benchmark_drainage,benchmark,10,m3/t 产品,,,,,,,,,天然肠衣加工,与污染物排放监控位置一致,天然肠衣加工 | 刮制、盐渍工序 | 10,pymupdf_find_tables_standard_limit_adapter,HIGH,reuses permit_threshold_predicate_governance fieldset: metric/operator/value/unit/lower/upper/equivalent/raw_fragment/source_page/governance_status,APPROVED_BY_CANDY_FOR_STANDARD_LIMIT_PROFILE_ADAPTER,STANDARD_LIMIT_PROFILE_ADAPTER_APPROVED_FOR_RUNTIME_IMPORT_CONTRACT,APPROVED_STANDARD_LIMIT_PROFILE_ADAPTER,APPROVED_FOR_IMPORT_PENDING_TESTS,approved_standard_limit_profile_import_contract,TRUE
PSLPA-V8_7-00037,GB 13457-2025,PDS-V8_0-0114,屠宰及肉类加工工业水污染物排放标准,WATER_USE_BENCHMARK_TABLE,unit_product_benchmark_drainage,water,表2,7,2,20,分路、量码工序,unit_product_benchmark_drainage,unit_product_benchmark_drainage,benchmark,5,m3/千根,,,,,,,,,（m3/千根）,与污染物排放监控位置一致,（m3/千根） | 分路、量码工序 | 5,pymupdf_find_tables_standard_limit_adapter,HIGH,reuses permit_threshold_predicate_governance fieldset: metric/operator/value/unit/lower/upper/equivalent/raw_fragment/source_page/governance_status,APPROVED_BY_CANDY_FOR_STANDARD_LIMIT_PROFILE_ADAPTER,STANDARD_LIMIT_PROFILE_ADAPTER_APPROVED_FOR_RUNTIME_IMPORT_CONTRACT,APPROVED_STANDARD_LIMIT_PROFILE_ADAPTER,APPROVED_FOR_IMPORT_PENDING_TESTS,approved_standard_limit_profile_import_contract,TRUE
PSLPA-V8_7-00038,GB 13457-2025,PDS-V8_0-0114,屠宰及肉类加工工业水污染物排放标准,WATER_USE_BENCHMARK_TABLE,unit_product_benchmark_drainage,water,表2,7,2,21,食用动物油脂加工（m3/t 产品）,unit_product_benchmark_drainage,unit_product_benchmark_drainage,benchmark,0.4,m3/t 产品,,,,,,,,,食用动物油脂加工（m3/t 产品）,与污染物排放监控位置一致,食用动物油脂加工（m3/t 产品） | 0.4,pymupdf_find_tables_standard_limit_adapter,HIGH,reuses permit_threshold_predicate_governance fieldset: metric/operator/value/unit/lower/upper/equivalent/raw_fragment/source_page/governance_status,APPROVED_BY_CANDY_FOR_STANDARD_LIMIT_PROFILE_ADAPTER,STANDARD_LIMIT_PROFILE_ADAPTER_APPROVED_FOR_RUNTIME_IMPORT_CONTRACT,APPROVED_STANDARD_LIMIT_PROFILE_ADAPTER,APPROVED_FOR_IMPORT_PENDING_TESTS,approved_standard_limit_profile_import_contract,TRUE
PSLPA-V8_7-00039,GB 13457-2025,PDS-V8_0-0114,屠宰及肉类加工工业水污染物排放标准,WATER_USE_BENCHMARK_TABLE,unit_product_benchmark_drainage,water,表2,7,2,22,蛋品加工（m3/t 鲜蛋）,unit_product_benchmark_drainage,unit_product_benchmark_drainage,benchmark,4,m3/t 鲜蛋,,,,,,,,,蛋品加工（m3/t 鲜蛋）,与污染物排放监控位置一致,蛋品加工（m3/t 鲜蛋） | 4,pymupdf_find_tables_standard_limit_adapter,HIGH,reuses permit_threshold_predicate_governance fieldset: metric/operator/value/unit/lower/upper/equivalent/raw_fragment/source_page/governance_status,APPROVED_BY_CANDY_FOR_STANDARD_LIMIT_PROFILE_ADAPTER,STANDARD_LIMIT_PROFILE_ADAPTER_APPROVED_FOR_RUNTIME_IMPORT_CONTRACT,APPROVED_STANDARD_LIMIT_PROFILE_ADAPTER,APPROVED_FOR_IMPORT_PENDING_TESTS,approved_standard_limit_profile_import_contract,TRUE
PSLPA-V8_7-00040,GB 15848-2009,PDS-V8_0-0215,铀矿地质勘查辐射防护和环境保护规定,RADIATION_NUMERIC_CONSTRAINT,effective_dose_constraint,radiation,page_4_numeric_constraint,4,0,1,effective_dose_constraint,effective_dose_constraint,effective_dose_constraint,lte_or_threshold_context,15,mSv,,,,,,,,,effective_dose_constraint,,5．2从事铀矿地质勘查职业工作人员年有效剂量约束值不高于15 mSv,text_numeric_constraint_standard_limit_adapter,MEDIUM,reuses permit_threshold_predicate_governance fieldset: metric/operator/value/unit/lower/upper/equivalent/raw_fragment/source_page/governance_status,APPROVED_BY_CANDY_FOR_STANDARD_LIMIT_PROFILE_ADAPTER,STANDARD_LIMIT_PROFILE_ADAPTER_APPROVED_FOR_RUNTIME_IMPORT_CONTRACT,APPROVED_STANDARD_LIMIT_PROFILE_ADAPTER,APPROVED_FOR_IMPORT_PENDING_TESTS,approved_standard_limit_profile_import_contract,TRUE
PSLPA-V8_7-00041,GB 15848-2009,PDS-V8_0-0215,铀矿地质勘查辐射防护和环境保护规定,RADIATION_NUMERIC_CONSTRAINT,effective_dose_constraint,radiation,page_4_numeric_constraint,4,0,2,effective_dose_constraint,effective_dose_constraint,effective_dose_constraint,lte_or_threshold_context,1,mSv,,,,,,,,,effective_dose_constraint,,5．3孕妇、授乳妇不得从事铀矿地质坑井探作业，从事铀矿地质其他工作时年有效剂量约束值不高于 1 mSv,text_numeric_constraint_standard_limit_adapter,MEDIUM,reuses permit_threshold_predicate_governance fieldset: metric/operator/value/unit/lower/upper/equivalent/raw_fragment/source_page/governance_status,APPROVED_BY_CANDY_FOR_STANDARD_LIMIT_PROFILE_ADAPTER,STANDARD_LIMIT_PROFILE_ADAPTER_APPROVED_FOR_RUNTIME_IMPORT_CONTRACT,APPROVED_STANDARD_LIMIT_PROFILE_ADAPTER,APPROVED_FOR_IMPORT_PENDING_TESTS,approved_standard_limit_profile_import_contract,TRUE
PSLPA-V8_7-00042,GB 15848-2009,PDS-V8_0-0215,铀矿地质勘查辐射防护和环境保护规定,RADIATION_NUMERIC_CONSTRAINT,effective_dose_constraint,radiation,page_4_numeric_constraint,4,0,3,effective_dose_constraint,effective_dose_constraint,effective_dose_constraint,lte_or_threshold_context,6,mSv,,,,,,,,,effective_dose_constraint,,于18岁接受涉及辐射照射就业培训的徒工和年龄小于18岁的学习过程中需要使用 放射源的学生，应控制其职业照射年有效剂量不超过6 mSv,text_numeric_constraint_standard_limit_adapter,MEDIUM,reuses permit_threshold_predicate_governance fieldset: metric/operator/value/unit/lower/upper/equivalent/raw_fragment/source_page/governance_status,APPROVED_BY_CANDY_FOR_STANDARD_LIMIT_PROFILE_ADAPTER,STANDARD_LIMIT_PROFILE_ADAPTER_APPROVED_FOR_RUNTIME_IMPORT_CONTRACT,APPROVED_STANDARD_LIMIT_PROFILE_ADAPTER,APPROVED_FOR_IMPORT_PENDING_TESTS,approved_standard_limit_profile_import_contract,TRUE
PSLPA-V8_7-00043,GB 15848-2009,PDS-V8_0-0215,铀矿地质勘查辐射防护和环境保护规定,RADIATION_NUMERIC_CONSTRAINT,effective_dose_constraint,radiation,page_4_numeric_constraint,4,0,4,effective_dose_constraint,effective_dose_constraint,effective_dose_constraint,lte_or_threshold_context,1,mSv,,,,,,,,,effective_dose_constraint,,5．5伴有辐射照射的实践使公众中有关关键人群组的成员所受到的剂量估计值不应超过下述限值： a)年有效剂量，1 mSv,text_numeric_constraint_standard_limit_adapter,MEDIUM,reuses permit_threshold_predicate_governance fieldset: metric/operator/value/unit/lower/upper/equivalent/raw_fragment/source_page/governance_status,APPROVED_BY_CANDY_FOR_STANDARD_LIMIT_PROFILE_ADAPTER,STANDARD_LIMIT_PROFILE_ADAPTER_APPROVED_FOR_RUNTIME_IMPORT_CONTRACT,APPROVED_STANDARD_LIMIT_PROFILE_ADAPTER,APPROVED_FOR_IMPORT_PENDING_TESTS,approved_standard_limit_profile_import_contract,TRUE
PSLPA-V8_7-00044,GB 15848-2009,PDS-V8_0-0215,铀矿地质勘查辐射防护和环境保护规定,RADIATION_NUMERIC_CONSTRAINT,effective_dose_constraint,radiation,page_4_numeric_constraint,4,0,5,effective_dose_constraint,effective_dose_constraint,effective_dose_constraint,lte_or_threshold_context,1,mSv,,,,,,,,,effective_dose_constraint,,b)特殊情况下，如果5个连续年的年平均剂量不超过1 mSv，则某一单一年份的有效剂量可提高 到5mSv,text_numeric_constraint_standard_limit_adapter,MEDIUM,reuses permit_threshold_predicate_governance fieldset: metric/operator/value/unit/lower/upper/equivalent/raw_fragment/source_page/governance_status,APPROVED_BY_CANDY_FOR_STANDARD_LIMIT_PROFILE_ADAPTER,STANDARD_LIMIT_PROFILE_ADAPTER_APPROVED_FOR_RUNTIME_IMPORT_CONTRACT,APPROVED_STANDARD_LIMIT_PROFILE_ADAPTER,APPROVED_FOR_IMPORT_PENDING_TESTS,approved_standard_limit_profile_import_contract,TRUE
PSLPA-V8_7-00045,GB 15848-2009,PDS-V8_0-0215,铀矿地质勘查辐射防护和环境保护规定,RADIATION_NUMERIC_CONSTRAINT,effective_dose_constraint,radiation,page_4_numeric_constraint,4,0,5,effective_dose_constraint,effective_dose_constraint,effective_dose_constraint,lte_or_threshold_context,5,mSv,,,,,,,,,effective_dose_constraint,,b)特殊情况下，如果5个连续年的年平均剂量不超过1 mSv，则某一单一年份的有效剂量可提高 到5mSv,text_numeric_constraint_standard_limit_adapter,MEDIUM,reuses permit_threshold_predicate_governance fieldset: metric/operator/value/unit/lower/upper/equivalent/raw_fragment/source_page/governance_status,APPROVED_BY_CANDY_FOR_STANDARD_LIMIT_PROFILE_ADAPTER,STANDARD_LIMIT_PROFILE_ADAPTER_APPROVED_FOR_RUNTIME_IMPORT_CONTRACT,APPROVED_STANDARD_LIMIT_PROFILE_ADAPTER,APPROVED_FOR_IMPORT_PENDING_TESTS,approved_standard_limit_profile_import_contract,TRUE
PSLPA-V8_7-00046,GB 15848-2009,PDS-V8_0-0215,铀矿地质勘查辐射防护和环境保护规定,RADIATION_NUMERIC_CONSTRAINT,ventilation_distance_or_depth_requirement,radiation_workplace,page_5_numeric_constraint,5,0,2,ventilation_distance_or_depth_requirement,ventilation_distance_or_depth_requirement,ventilation_distance_or_depth_requirement,lte_or_threshold_context,20,m,,,,,,,,,ventilation_distance_or_depth_requirement,,6．2．3井下通风要求 6．2．3．1平巷和斜井深度超过20 m、竖井或浅井超过10 m、天井超过5 rla，均应采用机械通风,text_numeric_constraint_standard_limit_adapter,MEDIUM,reuses permit_threshold_predicate_governance fieldset: metric/operator/value/unit/lower/upper/equivalent/raw_fragment/source_page/governance_status,APPROVED_BY_CANDY_FOR_STANDARD_LIMIT_PROFILE_ADAPTER,STANDARD_LIMIT_PROFILE_ADAPTER_APPROVED_FOR_RUNTIME_IMPORT_CONTRACT,APPROVED_STANDARD_LIMIT_PROFILE_ADAPTER,APPROVED_FOR_IMPORT_PENDING_TESTS,approved_standard_limit_profile_import_contract,TRUE
PSLPA-V8_7-00047,GB 15848-2009,PDS-V8_0-0215,铀矿地质勘查辐射防护和环境保护规定,RADIATION_NUMERIC_CONSTRAINT,ventilation_distance_or_depth_requirement,radiation_workplace,page_5_numeric_constraint,5,0,2,ventilation_distance_or_depth_requirement,ventilation_distance_or_depth_requirement,ventilation_distance_or_depth_requirement,lte_or_threshold_context,10,m,,,,,,,,,ventilation_distance_or_depth_requirement,,6．2．3井下通风要求 6．2．3．1平巷和斜井深度超过20 m、竖井或浅井超过10 m、天井超过5 rla，均应采用机械通风,text_numeric_constraint_standard_limit_adapter,MEDIUM,reuses permit_threshold_predicate_governance fieldset: metric/operator/value/unit/lower/upper/equivalent/raw_fragment/source_page/governance_status,APPROVED_BY_CANDY_FOR_STANDARD_LIMIT_PROFILE_ADAPTER,STANDARD_LIMIT_PROFILE_ADAPTER_APPROVED_FOR_RUNTIME_IMPORT_CONTRACT,APPROVED_STANDARD_LIMIT_PROFILE_ADAPTER,APPROVED_FOR_IMPORT_PENDING_TESTS,approved_standard_limit_profile_import_contract,TRUE
PSLPA-V8_7-00048,GB 15848-2009,PDS-V8_0-0215,铀矿地质勘查辐射防护和环境保护规定,RADIATION_NUMERIC_CONSTRAINT,ventilation_distance_or_depth_requirement,radiation_workplace,page_5_numeric_constraint,5,0,3,ventilation_distance_or_depth_requirement,ventilation_distance_or_depth_requirement,ventilation_distance_or_depth_requirement,lte_or_threshold_context,10,m,,,,,,,,,ventilation_distance_or_depth_requirement,,工作 面应采用压入式通风，压人风简末端距工作面不得超过10 m，开支巷或巷道转弯掘进，深度超过5 m 时，应有专门的通风,text_numeric_constraint_standard_limit_adapter,MEDIUM,reuses permit_threshold_predicate_governance fieldset: metric/operator/value/unit/lower/upper/equivalent/raw_fragment/source_page/governance_status,APPROVED_BY_CANDY_FOR_STANDARD_LIMIT_PROFILE_ADAPTER,STANDARD_LIMIT_PROFILE_ADAPTER_APPROVED_FOR_RUNTIME_IMPORT_CONTRACT,APPROVED_STANDARD_LIMIT_PROFILE_ADAPTER,APPROVED_FOR_IMPORT_PENDING_TESTS,approved_standard_limit_profile_import_contract,TRUE
PSLPA-V8_7-00049,GB 15848-2009,PDS-V8_0-0215,铀矿地质勘查辐射防护和环境保护规定,RADIATION_NUMERIC_CONSTRAINT,ventilation_distance_or_depth_requirement,radiation_workplace,page_5_numeric_constraint,5,0,3,ventilation_distance_or_depth_requirement,ventilation_distance_or_depth_requirement,ventilation_distance_or_depth_requirement,lte_or_threshold_context,5,m,,,,,,,,,ventilation_distance_or_depth_requirement,,工作 面应采用压入式通风，压人风简末端距工作面不得超过10 m，开支巷或巷道转弯掘进，深度超过5 m 时，应有专门的通风,text_numeric_constraint_standard_limit_adapter,MEDIUM,reuses permit_threshold_predicate_governance fieldset: metric/operator/value/unit/lower/upper/equivalent/raw_fragment/source_page/governance_status,APPROVED_BY_CANDY_FOR_STANDARD_LIMIT_PROFILE_ADAPTER,STANDARD_LIMIT_PROFILE_ADAPTER_APPROVED_FOR_RUNTIME_IMPORT_CONTRACT,APPROVED_STANDARD_LIMIT_PROFILE_ADAPTER,APPROVED_FOR_IMPORT_PENDING_TESTS,approved_standard_limit_profile_import_contract,TRUE
PSLPA-V8_7-00050,GB 15848-2009,PDS-V8_0-0215,铀矿地质勘查辐射防护和环境保护规定,RADIATION_NUMERIC_CONSTRAINT,radiation_numeric_constraint,radiation,page_6_numeric_constraint,6,0,1,radiation_numeric_constraint,radiation_numeric_constraint,radiation_numeric_constraint,lte_or_threshold_context,5,倍,,,,,,,,,radiation_numeric_constraint,,经审管部门或审管部门授权的部门检查同意后，可以适当提高控制水平，但不得超过附 录B表B．1中所列数值的5倍,text_numeric_constraint_standard_limit_adapter,MEDIUM,reuses permit_threshold_predicate_governance fieldset: metric/operator/value/unit/lower/upper/equivalent/raw_fragment/source_page/governance_status,APPROVED_BY_CANDY_FOR_STANDARD_LIMIT_PROFILE_ADAPTER,STANDARD_LIMIT_PROFILE_ADAPTER_APPROVED_FOR_RUNTIME_IMPORT_CONTRACT,APPROVED_STANDARD_LIMIT_PROFILE_ADAPTER,APPROVED_FOR_IMPORT_PENDING_TESTS,approved_standard_limit_profile_import_contract,TRUE
PSLPA-V8_7-00051,GB 15848-2009,PDS-V8_0-0215,铀矿地质勘查辐射防护和环境保护规定,RADIATION_NUMERIC_CONSTRAINT,effective_dose_constraint,radiation,page_7_numeric_constraint,7,0,1,effective_dose_constraint,effective_dose_constraint,effective_dose_constraint,lte_or_threshold_context,1,mSv,,,,,,,,,effective_dose_constraint,,6．5．3工作人员在运输中的剂量要求 a)一年中有效剂量不可能超过1 mSv时，不必采用特殊的工作方式，也不必细致监测、制定剂量 评定计划和保存个人记录,text_numeric_constraint_standard_limit_adapter,MEDIUM,reuses permit_threshold_predicate_governance fieldset: metric/operator/value/unit/lower/upper/equivalent/raw_fragment/source_page/governance_status,APPROVED_BY_CANDY_FOR_STANDARD_LIMIT_PROFILE_ADAPTER,STANDARD_LIMIT_PROFILE_ADAPTER_APPROVED_FOR_RUNTIME_IMPORT_CONTRACT,APPROVED_STANDARD_LIMIT_PROFILE_ADAPTER,APPROVED_FOR_IMPORT_PENDING_TESTS,approved_standard_limit_profile_import_contract,TRUE
PSLPA-V8_7-00052,GB 15848-2009,PDS-V8_0-0215,铀矿地质勘查辐射防护和环境保护规定,RADIATION_NUMERIC_CONSTRAINT,effective_dose_constraint,radiation,page_7_numeric_constraint,7,0,2,effective_dose_constraint,effective_dose_constraint,effective_dose_constraint,lte_or_threshold_context,5,mSv,,,,,,,,,effective_dose_constraint,,c)一年中有效剂量预计可能超过5 mSv时，应进行个人监测,text_numeric_constraint_standard_limit_adapter,MEDIUM,reuses permit_threshold_predicate_governance fieldset: metric/operator/value/unit/lower/upper/equivalent/raw_fragment/source_page/governance_status,APPROVED_BY_CANDY_FOR_STANDARD_LIMIT_PROFILE_ADAPTER,STANDARD_LIMIT_PROFILE_ADAPTER_APPROVED_FOR_RUNTIME_IMPORT_CONTRACT,APPROVED_STANDARD_LIMIT_PROFILE_ADAPTER,APPROVED_FOR_IMPORT_PENDING_TESTS,approved_standard_limit_profile_import_contract,TRUE
PSLPA-V8_7-00053,GB 15848-2009,PDS-V8_0-0215,铀矿地质勘查辐射防护和环境保护规定,RADIATION_NUMERIC_CONSTRAINT,annual_intake_or_internal_dose_constraint,radiation,page_7_numeric_constraint,7,0,3,annual_intake_or_internal_dose_constraint,annual_intake_or_internal_dose_constraint,annual_intake_or_internal_dose_constraint,lte_or_threshold_context,5,mSv/a,,,,,,,,,annual_intake_or_internal_dose_constraint,,7．3．1．2铀矿地质井下作业、矿石破碎、高品位矿石模型制作及其他年摄入量可能超过年剂量限值 5 mSv／a的辐射工作人员，应进行个人内照射剂量监测和皮肤、衣服的污染监测,text_numeric_constraint_standard_limit_adapter,MEDIUM,reuses permit_threshold_predicate_governance fieldset: metric/operator/value/unit/lower/upper/equivalent/raw_fragment/source_page/governance_status,APPROVED_BY_CANDY_FOR_STANDARD_LIMIT_PROFILE_ADAPTER,STANDARD_LIMIT_PROFILE_ADAPTER_APPROVED_FOR_RUNTIME_IMPORT_CONTRACT,APPROVED_STANDARD_LIMIT_PROFILE_ADAPTER,APPROVED_FOR_IMPORT_PENDING_TESTS,approved_standard_limit_profile_import_contract,TRUE
PSLPA-V8_7-00054,GB 15848-2009,PDS-V8_0-0215,铀矿地质勘查辐射防护和环境保护规定,RADIATION_NUMERIC_CONSTRAINT,effective_dose_constraint,radiation,page_7_numeric_constraint,7,0,4,effective_dose_constraint,effective_dose_constraint,effective_dose_constraint,lte_or_threshold_context,5,mSv/a,,,,,,,,,effective_dose_constraint,,射源校准检漏的人员，在铀矿石品位大于千分之五地段从事坑探作业的人员及其他外 照射年剂量可能超过年剂量限值5 mSv／a的辐射工作人员应进行外照射个人剂量监测,text_numeric_constraint_standard_limit_adapter,MEDIUM,reuses permit_threshold_predicate_governance fieldset: metric/operator/value/unit/lower/upper/equivalent/raw_fragment/source_page/governance_status,APPROVED_BY_CANDY_FOR_STANDARD_LIMIT_PROFILE_ADAPTER,STANDARD_LIMIT_PROFILE_ADAPTER_APPROVED_FOR_RUNTIME_IMPORT_CONTRACT,APPROVED_STANDARD_LIMIT_PROFILE_ADAPTER,APPROVED_FOR_IMPORT_PENDING_TESTS,approved_standard_limit_profile_import_contract,TRUE
PSLPA-V8_7-00055,GB 15848-2009,PDS-V8_0-0215,铀矿地质勘查辐射防护和环境保护规定,RADIATION_NUMERIC_CONSTRAINT,effective_dose_constraint,radiation,page_8_numeric_constraint,8,0,1,effective_dose_constraint,effective_dose_constraint,effective_dose_constraint,lte_or_threshold_context,1,mSv/a,,,,,,,,,effective_dose_constraint,,7．3．1．5个人内外照射剂量大于年限值1 mSv／a，但不太可能超过年剂量限值5 mSv／a的人员，可通 过工作场所氡、氡子体和T外照射的常规监测和工作时间调查进行估算，对部分有,text_numeric_constraint_standard_limit_adapter,MEDIUM,reuses permit_threshold_predicate_governance fieldset: metric/operator/value/unit/lower/upper/equivalent/raw_fragment/source_page/governance_status,APPROVED_BY_CANDY_FOR_STANDARD_LIMIT_PROFILE_ADAPTER,STANDARD_LIMIT_PROFILE_ADAPTER_APPROVED_FOR_RUNTIME_IMPORT_CONTRACT,APPROVED_STANDARD_LIMIT_PROFILE_ADAPTER,APPROVED_FOR_IMPORT_PENDING_TESTS,approved_standard_limit_profile_import_contract,TRUE
PSLPA-V8_7-00056,GB 15848-2009,PDS-V8_0-0215,铀矿地质勘查辐射防护和环境保护规定,RADIATION_NUMERIC_CONSTRAINT,effective_dose_constraint,radiation,page_8_numeric_constraint,8,0,1,effective_dose_constraint,effective_dose_constraint,effective_dose_constraint,lte_or_threshold_context,5,mSv/a,,,,,,,,,effective_dose_constraint,,7．3．1．5个人内外照射剂量大于年限值1 mSv／a，但不太可能超过年剂量限值5 mSv／a的人员，可通 过工作场所氡、氡子体和T外照射的常规监测和工作时间调查进行估算，对部分有,text_numeric_constraint_standard_limit_adapter,MEDIUM,reuses permit_threshold_predicate_governance fieldset: metric/operator/value/unit/lower/upper/equivalent/raw_fragment/source_page/governance_status,APPROVED_BY_CANDY_FOR_STANDARD_LIMIT_PROFILE_ADAPTER,STANDARD_LIMIT_PROFILE_ADAPTER_APPROVED_FOR_RUNTIME_IMPORT_CONTRACT,APPROVED_STANDARD_LIMIT_PROFILE_ADAPTER,APPROVED_FOR_IMPORT_PENDING_TESTS,approved_standard_limit_profile_import_contract,TRUE
PSLPA-V8_7-00057,GB 15848-2009,PDS-V8_0-0215,铀矿地质勘查辐射防护和环境保护规定,RADIATION_NUMERIC_CONSTRAINT,effective_dose_constraint,radiation,page_8_numeric_constraint,8,0,2,effective_dose_constraint,effective_dose_constraint,effective_dose_constraint,lte_or_threshold_context,5,mSv/a,,,,,,,,,effective_dose_constraint,,7．3．1．6当辐射工作人员每年内、外照射剂量等于或高于年剂量限值5 mSv／a时，要查明原因，作出 相应的辐射防护评价,text_numeric_constraint_standard_limit_adapter,MEDIUM,reuses permit_threshold_predicate_governance fieldset: metric/operator/value/unit/lower/upper/equivalent/raw_fragment/source_page/governance_status,APPROVED_BY_CANDY_FOR_STANDARD_LIMIT_PROFILE_ADAPTER,STANDARD_LIMIT_PROFILE_ADAPTER_APPROVED_FOR_RUNTIME_IMPORT_CONTRACT,APPROVED_STANDARD_LIMIT_PROFILE_ADAPTER,APPROVED_FOR_IMPORT_PENDING_TESTS,approved_standard_limit_profile_import_contract,TRUE
PSLPA-V8_7-00058,GB 15848-2009,PDS-V8_0-0215,铀矿地质勘查辐射防护和环境保护规定,RADIATION_NUMERIC_CONSTRAINT,effective_dose_constraint,radiation,page_10_numeric_constraint,10,0,1,effective_dose_constraint,effective_dose_constraint,effective_dose_constraint,lte_or_threshold_context,0.25,mSv/a,,,,,,,,,effective_dose_constraint,,退役工程公众剂量约束值不超过0．25 mSv／a,text_numeric_constraint_standard_limit_adapter,MEDIUM,reuses permit_threshold_predicate_governance fieldset: metric/operator/value/unit/lower/upper/equivalent/raw_fragment/source_page/governance_status,APPROVED_BY_CANDY_FOR_STANDARD_LIMIT_PROFILE_ADAPTER,STANDARD_LIMIT_PROFILE_ADAPTER_APPROVED_FOR_RUNTIME_IMPORT_CONTRACT,APPROVED_STANDARD_LIMIT_PROFILE_ADAPTER,APPROVED_FOR_IMPORT_PENDING_TESTS,approved_standard_limit_profile_import_contract,TRUE
PSLPA-V8_7-00059,GB 15848-2009,PDS-V8_0-0215,铀矿地质勘查辐射防护和环境保护规定,RADIATION_NUMERIC_CONSTRAINT,surface_contamination_control_level,radiation_surface,page_13_numeric_constraint,13,0,2,surface_contamination_control_level,surface_contamination_control_level,surface_contamination_control_level,lte_or_threshold_context,100,cm2,,,,,,,,,surface_contamination_control_level,,注4：表面污染控制水平按一定面积上的平均值计算：皮肤、工作服等取100 cm2，设备取300 cm2，地面取 l 000 cm2,text_numeric_constraint_standard_limit_adapter,MEDIUM,reuses permit_threshold_predicate_governance fieldset: metric/operator/value/unit/lower/upper/equivalent/raw_fragment/source_page/governance_status,APPROVED_BY_CANDY_FOR_STANDARD_LIMIT_PROFILE_ADAPTER,STANDARD_LIMIT_PROFILE_ADAPTER_APPROVED_FOR_RUNTIME_IMPORT_CONTRACT,APPROVED_STANDARD_LIMIT_PROFILE_ADAPTER,APPROVED_FOR_IMPORT_PENDING_TESTS,approved_standard_limit_profile_import_contract,TRUE
PSLPA-V8_7-00060,GB 15848-2009,PDS-V8_0-0215,铀矿地质勘查辐射防护和环境保护规定,RADIATION_NUMERIC_CONSTRAINT,surface_contamination_control_level,radiation_surface,page_13_numeric_constraint,13,0,2,surface_contamination_control_level,surface_contamination_control_level,surface_contamination_control_level,lte_or_threshold_context,300,cm2,,,,,,,,,surface_contamination_control_level,,注4：表面污染控制水平按一定面积上的平均值计算：皮肤、工作服等取100 cm2，设备取300 cm2，地面取 l 000 cm2,text_numeric_constraint_standard_limit_adapter,MEDIUM,reuses permit_threshold_predicate_governance fieldset: metric/operator/value/unit/lower/upper/equivalent/raw_fragment/source_page/governance_status,APPROVED_BY_CANDY_FOR_STANDARD_LIMIT_PROFILE_ADAPTER,STANDARD_LIMIT_PROFILE_ADAPTER_APPROVED_FOR_RUNTIME_IMPORT_CONTRACT,APPROVED_STANDARD_LIMIT_PROFILE_ADAPTER,APPROVED_FOR_IMPORT_PENDING_TESTS,approved_standard_limit_profile_import_contract,TRUE
PSLPA-V8_7-00061,GB 15848-2009,PDS-V8_0-0215,铀矿地质勘查辐射防护和环境保护规定,RADIATION_NUMERIC_CONSTRAINT,surface_contamination_control_level,radiation_surface,page_13_numeric_constraint,13,0,2,surface_contamination_control_level,surface_contamination_control_level,surface_contamination_control_level,lte_or_threshold_context,000,cm2,,,,,,,,,surface_contamination_control_level,,注4：表面污染控制水平按一定面积上的平均值计算：皮肤、工作服等取100 cm2，设备取300 cm2，地面取 l 000 cm2,text_numeric_constraint_standard_limit_adapter,MEDIUM,reuses permit_threshold_predicate_governance fieldset: metric/operator/value/unit/lower/upper/equivalent/raw_fragment/source_page/governance_status,APPROVED_BY_CANDY_FOR_STANDARD_LIMIT_PROFILE_ADAPTER,STANDARD_LIMIT_PROFILE_ADAPTER_APPROVED_FOR_RUNTIME_IMPORT_CONTRACT,APPROVED_STANDARD_LIMIT_PROFILE_ADAPTER,APPROVED_FOR_IMPORT_PENDING_TESTS,approved_standard_limit_profile_import_contract,TRUE
PSLPA-V8_7-00062,GB 15848-2009,PDS-V8_0-0215,铀矿地质勘查辐射防护和环境保护规定,RADIATION_NUMERIC_CONSTRAINT,surface_contamination_control_level,radiation_surface,page_13_numeric_constraint,13,0,3,surface_contamination_control_level,surface_contamination_control_level,surface_contamination_control_level,lte_or_threshold_context,0.3,MeV,,,,,,,,,surface_contamination_control_level,,注5：8粒子最大能量小于0．3MeV，放射性物质表面污染控制水平为表中所列数值的5倍,text_numeric_constraint_standard_limit_adapter,MEDIUM,reuses permit_threshold_predicate_governance fieldset: metric/operator/value/unit/lower/upper/equivalent/raw_fragment/source_page/governance_status,APPROVED_BY_CANDY_FOR_STANDARD_LIMIT_PROFILE_ADAPTER,STANDARD_LIMIT_PROFILE_ADAPTER_APPROVED_FOR_RUNTIME_IMPORT_CONTRACT,APPROVED_STANDARD_LIMIT_PROFILE_ADAPTER,APPROVED_FOR_IMPORT_PENDING_TESTS,approved_standard_limit_profile_import_contract,TRUE
PSLPA-V8_7-00063,GB 15848-2009,PDS-V8_0-0215,铀矿地质勘查辐射防护和环境保护规定,RADIATION_NUMERIC_CONSTRAINT,surface_contamination_control_level,radiation_surface,page_13_numeric_constraint,13,0,3,surface_contamination_control_level,surface_contamination_control_level,surface_contamination_control_level,lte_or_threshold_context,5,倍,,,,,,,,,surface_contamination_control_level,,注5：8粒子最大能量小于0．3MeV，放射性物质表面污染控制水平为表中所列数值的5倍,text_numeric_constraint_standard_limit_adapter,MEDIUM,reuses permit_threshold_predicate_governance fieldset: metric/operator/value/unit/lower/upper/equivalent/raw_fragment/source_page/governance_status,APPROVED_BY_CANDY_FOR_STANDARD_LIMIT_PROFILE_ADAPTER,STANDARD_LIMIT_PROFILE_ADAPTER_APPROVED_FOR_RUNTIME_IMPORT_CONTRACT,APPROVED_STANDARD_LIMIT_PROFILE_ADAPTER,APPROVED_FOR_IMPORT_PENDING_TESTS,approved_standard_limit_profile_import_contract,TRUE
PSLPA-V8_7-00064,HJ 5.2-2026,PDS-V8_0-0206,环境影响评价技术导则 放射性固体废物近地表处置环境影响报告书的格式与内容,STANDARD_LIMIT_FIELD_REQUIREMENT,nonradioactive_pollutant_discharge_requirement,radiation,非放射性污染物,7,0,11,waste_gas_concentration;discharge_concentration;discharge_amount;waste_liquid_characteristic_pollutant_concentration,nonradioactive_pollutant_discharge_requirement,nonradioactive_pollutant_discharge_requirement,required_field_present,,,,,,,,,,,EIA_REPORT_FORMAT_AND_CONTENT_REQUIREMENT,,非放射性污染物的排放控制，应当执行相应的国家或地方污染物排放标准。 5.3 环境影响评价范围 5.3.1 辐射环境 5.3.1.1 地面环境的辐射环境影响评价范围一般是指以处置设施为中心，半径为5 km 的区域。如5 km 范围内没有环境保护目标，或者处置设施没有气、液态流出物排放，则仅需评价处置设施场址边界处公,text_requirement_standard_limit_adapter,MEDIUM,reuses permit_threshold_predicate_governance fieldset: metric/operator/value/unit/lower/upper/equivalent/raw_fragment/source_page/governance_status,APPROVED_BY_CANDY_FOR_STANDARD_LIMIT_PROFILE_ADAPTER,STANDARD_LIMIT_PROFILE_ADAPTER_APPROVED_FOR_RUNTIME_IMPORT_CONTRACT,APPROVED_STANDARD_LIMIT_PROFILE_ADAPTER,APPROVED_FOR_IMPORT_PENDING_TESTS,approved_standard_limit_profile_import_contract,TRUE
PSLPA-V8_7-00065,HJ 5.2-2026,PDS-V8_0-0206,环境影响评价技术导则 放射性固体废物近地表处置环境影响报告书的格式与内容,STANDARD_LIMIT_FIELD_REQUIREMENT,nonradioactive_pollutant_discharge_requirement,radiation,非放射性污染物,8,0,32,waste_gas_concentration;discharge_concentration;discharge_amount;waste_liquid_characteristic_pollutant_concentration,nonradioactive_pollutant_discharge_requirement,nonradioactive_pollutant_discharge_requirement,required_field_present,,,,,,,,,,,EIA_REPORT_FORMAT_AND_CONTENT_REQUIREMENT,,5.5.3.4 非放射性环境现状调查与评价工作，应根据处置设施运行期间所排放的主要非放射性污染物情 况，依照4.1.5 开展。 6 环境影响报告书的格式与内容 放射性固体废物近地表处置环境影响报告书的格式与内容见附录A。,text_requirement_standard_limit_adapter,MEDIUM,reuses permit_threshold_predicate_governance fieldset: metric/operator/value/unit/lower/upper/equivalent/raw_fragment/source_page/governance_status,APPROVED_BY_CANDY_FOR_STANDARD_LIMIT_PROFILE_ADAPTER,STANDARD_LIMIT_PROFILE_ADAPTER_APPROVED_FOR_RUNTIME_IMPORT_CONTRACT,APPROVED_STANDARD_LIMIT_PROFILE_ADAPTER,APPROVED_FOR_IMPORT_PENDING_TESTS,approved_standard_limit_profile_import_contract,TRUE
PSLPA-V8_7-00066,HJ 5.2-2026,PDS-V8_0-0206,环境影响评价技术导则 放射性固体废物近地表处置环境影响报告书的格式与内容,STANDARD_LIMIT_FIELD_REQUIREMENT,waste_package_radioactivity_profile_requirement,radiation,废物包表面剂量率水平,13,0,29,nuclide_composition;activity_concentration;total_activity;surface_dose_rate;surface_contamination_level,waste_package_radioactivity_profile_requirement,waste_package_radioactivity_profile_requirement,required_field_present,,,,,,,,,,,EIA_REPORT_FORMAT_AND_CONTENT_REQUIREMENT,,成、活度浓度、总活度、废物包表面剂量率水平、废物包表面污染水平等。 详细说明处置废物的接收准则。 提供接收处置各类废物的主要核素组成与对应的最大活度浓度数据。 提供处置设施运行期内的废物处置量与年度处置需求估算。 A.3.2.2 关闭阶段要求,text_requirement_standard_limit_adapter,MEDIUM,reuses permit_threshold_predicate_governance fieldset: metric/operator/value/unit/lower/upper/equivalent/raw_fragment/source_page/governance_status,APPROVED_BY_CANDY_FOR_STANDARD_LIMIT_PROFILE_ADAPTER,STANDARD_LIMIT_PROFILE_ADAPTER_APPROVED_FOR_RUNTIME_IMPORT_CONTRACT,APPROVED_STANDARD_LIMIT_PROFILE_ADAPTER,APPROVED_FOR_IMPORT_PENDING_TESTS,approved_standard_limit_profile_import_contract,TRUE
PSLPA-V8_7-00067,HJ 5.2-2026,PDS-V8_0-0206,环境影响评价技术导则 放射性固体废物近地表处置环境影响报告书的格式与内容,STANDARD_LIMIT_FIELD_REQUIREMENT,pollutant_concentration_and_generation_amount_requirement,radiation,A.3.7.1,15,0,3,pollutant_concentration;generation_amount,pollutant_concentration_and_generation_amount_requirement,pollutant_concentration_and_generation_amount_requirement,required_field_present,,,,,,,,,,,EIA_REPORT_FORMAT_AND_CONTENT_REQUIREMENT,,A.3.7.1 一般要 对运行期处置系统实际演化状况进行分析与评价。基于处置设施场址特性、处置设施现状，对评价 时间尺度内处置系统的性能演化进行预测与分析，给出论证结论。 A.3.7 三废的产生与处理 求,text_requirement_standard_limit_adapter,MEDIUM,reuses permit_threshold_predicate_governance fieldset: metric/operator/value/unit/lower/upper/equivalent/raw_fragment/source_page/governance_status,APPROVED_BY_CANDY_FOR_STANDARD_LIMIT_PROFILE_ADAPTER,STANDARD_LIMIT_PROFILE_ADAPTER_APPROVED_FOR_RUNTIME_IMPORT_CONTRACT,APPROVED_STANDARD_LIMIT_PROFILE_ADAPTER,APPROVED_FOR_IMPORT_PENDING_TESTS,approved_standard_limit_profile_import_contract,TRUE
PSLPA-V8_7-00068,HJ 5.2-2026,PDS-V8_0-0206,环境影响评价技术导则 放射性固体废物近地表处置环境影响报告书的格式与内容,STANDARD_LIMIT_FIELD_REQUIREMENT,effluent_discharge_inventory_requirement,radiation,流出物排放清单,15,0,19,nuclide_type;discharge_concentration;radioactivity_level;executed_standard,effluent_discharge_inventory_requirement,effluent_discharge_inventory_requirement,required_field_present,,,,,,,,,,,EIA_REPORT_FORMAT_AND_CONTENT_REQUIREMENT,,如果处置设施有气、液态流出物排放，应给出流出物排放清单，明确流出物排放的管理要求，包括 拟采取的环境保护措施及主要运行参数，排放的流出物中核素种类、排放浓度、放射性水平，执行的排 放标准，以及环境风险防范措施等。 说明运行期各类固体废物的来源、收集、贮存、处理及处置方案。列表给出固体废物的种类、数量 （体积）、活度浓度（表面污染水平）及处理处置方式。,text_requirement_standard_limit_adapter,MEDIUM,reuses permit_threshold_predicate_governance fieldset: metric/operator/value/unit/lower/upper/equivalent/raw_fragment/source_page/governance_status,APPROVED_BY_CANDY_FOR_STANDARD_LIMIT_PROFILE_ADAPTER,STANDARD_LIMIT_PROFILE_ADAPTER_APPROVED_FOR_RUNTIME_IMPORT_CONTRACT,APPROVED_STANDARD_LIMIT_PROFILE_ADAPTER,APPROVED_FOR_IMPORT_PENDING_TESTS,approved_standard_limit_profile_import_contract,TRUE
PSLPA-V8_7-00069,HJ 5.2-2026,PDS-V8_0-0206,环境影响评价技术导则 放射性固体废物近地表处置环境影响报告书的格式与内容,STANDARD_LIMIT_FIELD_REQUIREMENT,nonradioactive_pollutant_discharge_requirement,radiation,非放射性污染物,15,0,24,waste_gas_concentration;discharge_concentration;discharge_amount;waste_liquid_characteristic_pollutant_concentration,nonradioactive_pollutant_discharge_requirement,nonradioactive_pollutant_discharge_requirement,required_field_present,,,,,,,,,,,EIA_REPORT_FORMAT_AND_CONTENT_REQUIREMENT,,A.3.7.3 非放射性污染物 若涉及非放射性污染物排放，应描述各类非放射性污染物的产生环节、产生方式和治理措施。应给 出非放射性废气的产生环节、产生浓度、废气处理方式、排放浓度和排放量，以及排放源特征。给出非 放射性废液的产生环节、废液中特征污染物浓度、处理方式、排放浓度及排放量。给出非放射性固体废 物的年产生情况及最终去向。,text_requirement_standard_limit_adapter,MEDIUM,reuses permit_threshold_predicate_governance fieldset: metric/operator/value/unit/lower/upper/equivalent/raw_fragment/source_page/governance_status,APPROVED_BY_CANDY_FOR_STANDARD_LIMIT_PROFILE_ADAPTER,STANDARD_LIMIT_PROFILE_ADAPTER_APPROVED_FOR_RUNTIME_IMPORT_CONTRACT,APPROVED_STANDARD_LIMIT_PROFILE_ADAPTER,APPROVED_FOR_IMPORT_PENDING_TESTS,approved_standard_limit_profile_import_contract,TRUE
PSLPA-V8_7-00070,HJ 5.2-2026,PDS-V8_0-0206,环境影响评价技术导则 放射性固体废物近地表处置环境影响报告书的格式与内容,STANDARD_LIMIT_FIELD_REQUIREMENT,nonradioactive_pollutant_discharge_requirement,radiation,非放射性污染物,17,0,36,waste_gas_concentration;discharge_concentration;discharge_amount;waste_liquid_characteristic_pollutant_concentration,nonradioactive_pollutant_discharge_requirement,nonradioactive_pollutant_discharge_requirement,required_field_present,,,,,,,,,,,EIA_REPORT_FORMAT_AND_CONTENT_REQUIREMENT,,A.5.3.3 非放射性污染物环境影响 依据HJ 2.2、HJ 2.3、HJ 2.4、HJ 19、HJ 610 等相关导则，分析运行期非放射性污染物排放的环境 影响，明确预测模型、方法、参数选取的依据和来源，分析其适用性。,text_requirement_standard_limit_adapter,MEDIUM,reuses permit_threshold_predicate_governance fieldset: metric/operator/value/unit/lower/upper/equivalent/raw_fragment/source_page/governance_status,APPROVED_BY_CANDY_FOR_STANDARD_LIMIT_PROFILE_ADAPTER,STANDARD_LIMIT_PROFILE_ADAPTER_APPROVED_FOR_RUNTIME_IMPORT_CONTRACT,APPROVED_STANDARD_LIMIT_PROFILE_ADAPTER,APPROVED_FOR_IMPORT_PENDING_TESTS,approved_standard_limit_profile_import_contract,TRUE
PSLPA-V8_7-00071,HJ 5.2-2026,PDS-V8_0-0206,环境影响评价技术导则 放射性固体废物近地表处置环境影响报告书的格式与内容,STANDARD_LIMIT_FIELD_REQUIREMENT,nuclide_annual_concentration_and_dose_requirement,radiation,核素年均浓度,17,0,28,nuclide_annual_concentration;personal_effective_dose,nuclide_annual_concentration_and_dose_requirement,nuclide_annual_concentration_and_dose_requirement,required_field_present,,,,,,,,,,,EIA_REPORT_FORMAT_AND_CONTENT_REQUIREMENT,,来源，分析其适用性。列表给出各子区的空气中核素年均浓度、各年龄组个人有效剂量。 液态流出物途径剂量估算应给出相应的估算模式和参数，明确预测模型、方法、参数选取的依据和 来源，分析其适用性。列表给出排放口下游不同距离的受纳水体中预测点处核素年均浓度，相关子区各 年龄组个人有效剂量。预测点的设置应根据受纳水体和项目特点确定。 列表给出不同年龄组各子区不同照射途径叠加的公众个人有效剂量。给出最大个人有效剂量出现,text_requirement_standard_limit_adapter,MEDIUM,reuses permit_threshold_predicate_governance fieldset: metric/operator/value/unit/lower/upper/equivalent/raw_fragment/source_page/governance_status,APPROVED_BY_CANDY_FOR_STANDARD_LIMIT_PROFILE_ADAPTER,STANDARD_LIMIT_PROFILE_ADAPTER_APPROVED_FOR_RUNTIME_IMPORT_CONTRACT,APPROVED_STANDARD_LIMIT_PROFILE_ADAPTER,APPROVED_FOR_IMPORT_PENDING_TESTS,approved_standard_limit_profile_import_contract,TRUE
PSLPA-V8_7-00072,HJ 5.2-2026,PDS-V8_0-0206,环境影响评价技术导则 放射性固体废物近地表处置环境影响报告书的格式与内容,STANDARD_LIMIT_FIELD_REQUIREMENT,public_effective_dose_estimation_requirement,radiation,公众个人有效剂量,17,0,32,public_effective_dose,public_effective_dose_estimation_requirement,public_effective_dose_estimation_requirement,required_field_present,,,,,,,,,,,EIA_REPORT_FORMAT_AND_CONTENT_REQUIREMENT,,列表给出不同年龄组各子区不同照射途径叠加的公众个人有效剂量。给出最大个人有效剂量出现 位置各核素、各照射途径所致不同年龄组的剂量及其贡献份额，明确关键人群组、关键核素和关键照 射途径。 如果处置设施运行期没有气、液态流出物排放，则仅需进行简要的辐射环境影响分析。 A.5.3.3 非放射性污染物环境影响,text_requirement_standard_limit_adapter,MEDIUM,reuses permit_threshold_predicate_governance fieldset: metric/operator/value/unit/lower/upper/equivalent/raw_fragment/source_page/governance_status,APPROVED_BY_CANDY_FOR_STANDARD_LIMIT_PROFILE_ADAPTER,STANDARD_LIMIT_PROFILE_ADAPTER_APPROVED_FOR_RUNTIME_IMPORT_CONTRACT,APPROVED_STANDARD_LIMIT_PROFILE_ADAPTER,APPROVED_FOR_IMPORT_PENDING_TESTS,approved_standard_limit_profile_import_contract,TRUE
PSLPA-V8_7-00073,HJ 5.2-2026,PDS-V8_0-0206,环境影响评价技术导则 放射性固体废物近地表处置环境影响报告书的格式与内容,STANDARD_LIMIT_FIELD_REQUIREMENT,public_effective_dose_estimation_requirement,radiation,公众个人有效剂量,19,0,2,public_effective_dose,public_effective_dose_estimation_requirement,public_effective_dose_estimation_requirement,required_field_present,,,,,,,,,,,EIA_REPORT_FORMAT_AND_CONTENT_REQUIREMENT,,给出公众个人有效剂量估算结果。 给出各评价景象的不同照射途径叠加的公众年最大个人有效剂量，各核素、各照射途径所致的剂量 及其贡献份额 A.5.5.4 剂量评价 。,text_requirement_standard_limit_adapter,MEDIUM,reuses permit_threshold_predicate_governance fieldset: metric/operator/value/unit/lower/upper/equivalent/raw_fragment/source_page/governance_status,APPROVED_BY_CANDY_FOR_STANDARD_LIMIT_PROFILE_ADAPTER,STANDARD_LIMIT_PROFILE_ADAPTER_APPROVED_FOR_RUNTIME_IMPORT_CONTRACT,APPROVED_STANDARD_LIMIT_PROFILE_ADAPTER,APPROVED_FOR_IMPORT_PENDING_TESTS,approved_standard_limit_profile_import_contract,TRUE
PSLPA-V8_7-00074,HJ 5.2-2026,PDS-V8_0-0206,环境影响评价技术导则 放射性固体废物近地表处置环境影响报告书的格式与内容,STANDARD_LIMIT_FIELD_REQUIREMENT,nonradioactive_pollutant_discharge_requirement,radiation,非放射性污染物,20,0,15,waste_gas_concentration;discharge_concentration;discharge_amount;waste_liquid_characteristic_pollutant_concentration,nonradioactive_pollutant_discharge_requirement,nonradioactive_pollutant_discharge_requirement,required_field_present,,,,,,,,,,,EIA_REPORT_FORMAT_AND_CONTENT_REQUIREMENT,,各阶段如涉及非放射性污染物排放的，应根据非放射性污染物排放管理的相关要求，提供相应的环 境监测方案。 A.6.3 监测的质量保证 从机构设置、人员资格、仪器的校准与检定、管理制度和实验室质控措施等方面说明监测的质量保 证措施。,text_requirement_standard_limit_adapter,MEDIUM,reuses permit_threshold_predicate_governance fieldset: metric/operator/value/unit/lower/upper/equivalent/raw_fragment/source_page/governance_status,APPROVED_BY_CANDY_FOR_STANDARD_LIMIT_PROFILE_ADAPTER,STANDARD_LIMIT_PROFILE_ADAPTER_APPROVED_FOR_RUNTIME_IMPORT_CONTRACT,APPROVED_STANDARD_LIMIT_PROFILE_ADAPTER,APPROVED_FOR_IMPORT_PENDING_TESTS,approved_standard_limit_profile_import_contract,TRUE
