candidate_rule_id,industry_code,industry_name,division_code,division_name,group_code,group_name,permit_type,scenario_template_ids,unknown_scenarios,source_basis,confidence,confirmation_questions,runtime_status,notes
BATCH10_GB4754_8310,8310,学前教育,83,教育,831,学前教育,NEED_CONFIRM,"[""SCN_BASE_PRODUCTION_SOLID_NOISE_LEDGER""]","[""SCN_WW_PROCESS_AND_TREATMENT"", ""SCN_HAZWASTE_STORAGE_TRANSFER"", ""SCN_MEDICAL_WASTE_RADIATION""]","[""GB/T 4754-2017 industry_catalog_base.csv"", ""固定污染源排污许可分类管理名录(2019年版)表格级抽取与条件规则化草案，仅作为候选召回依据"", ""scenario_templates.json v0.1 复用；不新增运行时模板""]",LOW,"[""企业实际经营、生产、服务或作业活动是否与营业执照行业一致？"", ""环评、批复、排污许可、登记回执、监测报告或现场事实中载明的主要污染物、设施和排口是什么？"", ""是否涉及锅炉、工业炉窑、污水处理、表面处理、喷涂、危废暂存、在线监测、事故水或其他通用工序？"", ""是否有实验室、医务室、食堂、锅炉、废液、试剂瓶、动物实验或放射源/射线装置？""]",CANDIDATE_ONLY,Batch10候选：教育机构多为轻画像，实验室/医务室/食堂触发专项。
BATCH10_GB4754_8321,8321,普通小学教育,83,教育,832,初等教育,NEED_CONFIRM,"[""SCN_BASE_PRODUCTION_SOLID_NOISE_LEDGER""]","[""SCN_WW_PROCESS_AND_TREATMENT"", ""SCN_HAZWASTE_STORAGE_TRANSFER"", ""SCN_MEDICAL_WASTE_RADIATION""]","[""GB/T 4754-2017 industry_catalog_base.csv"", ""固定污染源排污许可分类管理名录(2019年版)表格级抽取与条件规则化草案，仅作为候选召回依据"", ""scenario_templates.json v0.1 复用；不新增运行时模板""]",LOW,"[""企业实际经营、生产、服务或作业活动是否与营业执照行业一致？"", ""环评、批复、排污许可、登记回执、监测报告或现场事实中载明的主要污染物、设施和排口是什么？"", ""是否涉及锅炉、工业炉窑、污水处理、表面处理、喷涂、危废暂存、在线监测、事故水或其他通用工序？"", ""是否有实验室、医务室、食堂、锅炉、废液、试剂瓶、动物实验或放射源/射线装置？""]",CANDIDATE_ONLY,Batch10候选：教育机构多为轻画像，实验室/医务室/食堂触发专项。
BATCH10_GB4754_8322,8322,成人小学教育,83,教育,832,初等教育,NEED_CONFIRM,"[""SCN_BASE_PRODUCTION_SOLID_NOISE_LEDGER""]","[""SCN_WW_PROCESS_AND_TREATMENT"", ""SCN_HAZWASTE_STORAGE_TRANSFER"", ""SCN_MEDICAL_WASTE_RADIATION""]","[""GB/T 4754-2017 industry_catalog_base.csv"", ""固定污染源排污许可分类管理名录(2019年版)表格级抽取与条件规则化草案，仅作为候选召回依据"", ""scenario_templates.json v0.1 复用；不新增运行时模板""]",LOW,"[""企业实际经营、生产、服务或作业活动是否与营业执照行业一致？"", ""环评、批复、排污许可、登记回执、监测报告或现场事实中载明的主要污染物、设施和排口是什么？"", ""是否涉及锅炉、工业炉窑、污水处理、表面处理、喷涂、危废暂存、在线监测、事故水或其他通用工序？"", ""是否有实验室、医务室、食堂、锅炉、废液、试剂瓶、动物实验或放射源/射线装置？""]",CANDIDATE_ONLY,Batch10候选：教育机构多为轻画像，实验室/医务室/食堂触发专项。
BATCH10_GB4754_8331,8331,普通初中教育,83,教育,833,中等教育,NEED_CONFIRM,"[""SCN_BASE_PRODUCTION_SOLID_NOISE_LEDGER""]","[""SCN_WW_PROCESS_AND_TREATMENT"", ""SCN_HAZWASTE_STORAGE_TRANSFER"", ""SCN_MEDICAL_WASTE_RADIATION""]","[""GB/T 4754-2017 industry_catalog_base.csv"", ""固定污染源排污许可分类管理名录(2019年版)表格级抽取与条件规则化草案，仅作为候选召回依据"", ""scenario_templates.json v0.1 复用；不新增运行时模板""]",LOW,"[""企业实际经营、生产、服务或作业活动是否与营业执照行业一致？"", ""环评、批复、排污许可、登记回执、监测报告或现场事实中载明的主要污染物、设施和排口是什么？"", ""是否涉及锅炉、工业炉窑、污水处理、表面处理、喷涂、危废暂存、在线监测、事故水或其他通用工序？"", ""是否有实验室、医务室、食堂、锅炉、废液、试剂瓶、动物实验或放射源/射线装置？""]",CANDIDATE_ONLY,Batch10候选：教育机构多为轻画像，实验室/医务室/食堂触发专项。
BATCH10_GB4754_8332,8332,职业初中教育,83,教育,833,中等教育,NEED_CONFIRM,"[""SCN_BASE_PRODUCTION_SOLID_NOISE_LEDGER""]","[""SCN_WW_PROCESS_AND_TREATMENT"", ""SCN_HAZWASTE_STORAGE_TRANSFER"", ""SCN_MEDICAL_WASTE_RADIATION""]","[""GB/T 4754-2017 industry_catalog_base.csv"", ""固定污染源排污许可分类管理名录(2019年版)表格级抽取与条件规则化草案，仅作为候选召回依据"", ""scenario_templates.json v0.1 复用；不新增运行时模板""]",LOW,"[""企业实际经营、生产、服务或作业活动是否与营业执照行业一致？"", ""环评、批复、排污许可、登记回执、监测报告或现场事实中载明的主要污染物、设施和排口是什么？"", ""是否涉及锅炉、工业炉窑、污水处理、表面处理、喷涂、危废暂存、在线监测、事故水或其他通用工序？"", ""是否有实验室、医务室、食堂、锅炉、废液、试剂瓶、动物实验或放射源/射线装置？""]",CANDIDATE_ONLY,Batch10候选：教育机构多为轻画像，实验室/医务室/食堂触发专项。
BATCH10_GB4754_8333,8333,成人初中教育,83,教育,833,中等教育,NEED_CONFIRM,"[""SCN_BASE_PRODUCTION_SOLID_NOISE_LEDGER""]","[""SCN_WW_PROCESS_AND_TREATMENT"", ""SCN_HAZWASTE_STORAGE_TRANSFER"", ""SCN_MEDICAL_WASTE_RADIATION""]","[""GB/T 4754-2017 industry_catalog_base.csv"", ""固定污染源排污许可分类管理名录(2019年版)表格级抽取与条件规则化草案，仅作为候选召回依据"", ""scenario_templates.json v0.1 复用；不新增运行时模板""]",LOW,"[""企业实际经营、生产、服务或作业活动是否与营业执照行业一致？"", ""环评、批复、排污许可、登记回执、监测报告或现场事实中载明的主要污染物、设施和排口是什么？"", ""是否涉及锅炉、工业炉窑、污水处理、表面处理、喷涂、危废暂存、在线监测、事故水或其他通用工序？"", ""是否有实验室、医务室、食堂、锅炉、废液、试剂瓶、动物实验或放射源/射线装置？""]",CANDIDATE_ONLY,Batch10候选：教育机构多为轻画像，实验室/医务室/食堂触发专项。
BATCH10_GB4754_8334,8334,普通高中教育,83,教育,833,中等教育,NEED_CONFIRM,"[""SCN_BASE_PRODUCTION_SOLID_NOISE_LEDGER""]","[""SCN_WW_PROCESS_AND_TREATMENT"", ""SCN_HAZWASTE_STORAGE_TRANSFER"", ""SCN_MEDICAL_WASTE_RADIATION""]","[""GB/T 4754-2017 industry_catalog_base.csv"", ""固定污染源排污许可分类管理名录(2019年版)表格级抽取与条件规则化草案，仅作为候选召回依据"", ""scenario_templates.json v0.1 复用；不新增运行时模板""]",LOW,"[""企业实际经营、生产、服务或作业活动是否与营业执照行业一致？"", ""环评、批复、排污许可、登记回执、监测报告或现场事实中载明的主要污染物、设施和排口是什么？"", ""是否涉及锅炉、工业炉窑、污水处理、表面处理、喷涂、危废暂存、在线监测、事故水或其他通用工序？"", ""是否有实验室、医务室、食堂、锅炉、废液、试剂瓶、动物实验或放射源/射线装置？""]",CANDIDATE_ONLY,Batch10候选：教育机构多为轻画像，实验室/医务室/食堂触发专项。
BATCH10_GB4754_8335,8335,成人高中教育,83,教育,833,中等教育,NEED_CONFIRM,"[""SCN_BASE_PRODUCTION_SOLID_NOISE_LEDGER""]","[""SCN_WW_PROCESS_AND_TREATMENT"", ""SCN_HAZWASTE_STORAGE_TRANSFER"", ""SCN_MEDICAL_WASTE_RADIATION""]","[""GB/T 4754-2017 industry_catalog_base.csv"", ""固定污染源排污许可分类管理名录(2019年版)表格级抽取与条件规则化草案，仅作为候选召回依据"", ""scenario_templates.json v0.1 复用；不新增运行时模板""]",LOW,"[""企业实际经营、生产、服务或作业活动是否与营业执照行业一致？"", ""环评、批复、排污许可、登记回执、监测报告或现场事实中载明的主要污染物、设施和排口是什么？"", ""是否涉及锅炉、工业炉窑、污水处理、表面处理、喷涂、危废暂存、在线监测、事故水或其他通用工序？"", ""是否有实验室、医务室、食堂、锅炉、废液、试剂瓶、动物实验或放射源/射线装置？""]",CANDIDATE_ONLY,Batch10候选：教育机构多为轻画像，实验室/医务室/食堂触发专项。
BATCH10_GB4754_8336,8336,中等职业学校教育,83,教育,833,中等教育,NEED_CONFIRM,"[""SCN_BASE_PRODUCTION_SOLID_NOISE_LEDGER""]","[""SCN_WW_PROCESS_AND_TREATMENT"", ""SCN_HAZWASTE_STORAGE_TRANSFER"", ""SCN_MEDICAL_WASTE_RADIATION""]","[""GB/T 4754-2017 industry_catalog_base.csv"", ""固定污染源排污许可分类管理名录(2019年版)表格级抽取与条件规则化草案，仅作为候选召回依据"", ""scenario_templates.json v0.1 复用；不新增运行时模板""]",LOW,"[""企业实际经营、生产、服务或作业活动是否与营业执照行业一致？"", ""环评、批复、排污许可、登记回执、监测报告或现场事实中载明的主要污染物、设施和排口是什么？"", ""是否涉及锅炉、工业炉窑、污水处理、表面处理、喷涂、危废暂存、在线监测、事故水或其他通用工序？"", ""是否有实验室、医务室、食堂、锅炉、废液、试剂瓶、动物实验或放射源/射线装置？""]",CANDIDATE_ONLY,Batch10候选：教育机构多为轻画像，实验室/医务室/食堂触发专项。
BATCH10_GB4754_8341,8341,普通高等教育,83,教育,834,高等教育,NEED_CONFIRM,"[""SCN_BASE_PRODUCTION_SOLID_NOISE_LEDGER""]","[""SCN_WW_PROCESS_AND_TREATMENT"", ""SCN_HAZWASTE_STORAGE_TRANSFER"", ""SCN_MEDICAL_WASTE_RADIATION""]","[""GB/T 4754-2017 industry_catalog_base.csv"", ""固定污染源排污许可分类管理名录(2019年版)表格级抽取与条件规则化草案，仅作为候选召回依据"", ""scenario_templates.json v0.1 复用；不新增运行时模板""]",LOW,"[""企业实际经营、生产、服务或作业活动是否与营业执照行业一致？"", ""环评、批复、排污许可、登记回执、监测报告或现场事实中载明的主要污染物、设施和排口是什么？"", ""是否涉及锅炉、工业炉窑、污水处理、表面处理、喷涂、危废暂存、在线监测、事故水或其他通用工序？"", ""是否有实验室、医务室、食堂、锅炉、废液、试剂瓶、动物实验或放射源/射线装置？""]",CANDIDATE_ONLY,Batch10候选：教育机构多为轻画像，实验室/医务室/食堂触发专项。
BATCH10_GB4754_8342,8342,成人高等教育,83,教育,834,高等教育,NEED_CONFIRM,"[""SCN_BASE_PRODUCTION_SOLID_NOISE_LEDGER""]","[""SCN_WW_PROCESS_AND_TREATMENT"", ""SCN_HAZWASTE_STORAGE_TRANSFER"", ""SCN_MEDICAL_WASTE_RADIATION""]","[""GB/T 4754-2017 industry_catalog_base.csv"", ""固定污染源排污许可分类管理名录(2019年版)表格级抽取与条件规则化草案，仅作为候选召回依据"", ""scenario_templates.json v0.1 复用；不新增运行时模板""]",LOW,"[""企业实际经营、生产、服务或作业活动是否与营业执照行业一致？"", ""环评、批复、排污许可、登记回执、监测报告或现场事实中载明的主要污染物、设施和排口是什么？"", ""是否涉及锅炉、工业炉窑、污水处理、表面处理、喷涂、危废暂存、在线监测、事故水或其他通用工序？"", ""是否有实验室、医务室、食堂、锅炉、废液、试剂瓶、动物实验或放射源/射线装置？""]",CANDIDATE_ONLY,Batch10候选：教育机构多为轻画像，实验室/医务室/食堂触发专项。
BATCH10_GB4754_8350,8350,特殊教育,83,教育,835,特殊教育,NEED_CONFIRM,"[""SCN_BASE_PRODUCTION_SOLID_NOISE_LEDGER""]","[""SCN_WW_PROCESS_AND_TREATMENT"", ""SCN_HAZWASTE_STORAGE_TRANSFER"", ""SCN_MEDICAL_WASTE_RADIATION""]","[""GB/T 4754-2017 industry_catalog_base.csv"", ""固定污染源排污许可分类管理名录(2019年版)表格级抽取与条件规则化草案，仅作为候选召回依据"", ""scenario_templates.json v0.1 复用；不新增运行时模板""]",LOW,"[""企业实际经营、生产、服务或作业活动是否与营业执照行业一致？"", ""环评、批复、排污许可、登记回执、监测报告或现场事实中载明的主要污染物、设施和排口是什么？"", ""是否涉及锅炉、工业炉窑、污水处理、表面处理、喷涂、危废暂存、在线监测、事故水或其他通用工序？"", ""是否有实验室、医务室、食堂、锅炉、废液、试剂瓶、动物实验或放射源/射线装置？""]",CANDIDATE_ONLY,Batch10候选：教育机构多为轻画像，实验室/医务室/食堂触发专项。
BATCH10_GB4754_8391,8391,职业技能培训,83,教育,839,技能培训、教育辅助及其他教育,NEED_CONFIRM,"[""SCN_BASE_PRODUCTION_SOLID_NOISE_LEDGER""]","[""SCN_WW_PROCESS_AND_TREATMENT"", ""SCN_HAZWASTE_STORAGE_TRANSFER"", ""SCN_MEDICAL_WASTE_RADIATION""]","[""GB/T 4754-2017 industry_catalog_base.csv"", ""固定污染源排污许可分类管理名录(2019年版)表格级抽取与条件规则化草案，仅作为候选召回依据"", ""scenario_templates.json v0.1 复用；不新增运行时模板""]",LOW,"[""企业实际经营、生产、服务或作业活动是否与营业执照行业一致？"", ""环评、批复、排污许可、登记回执、监测报告或现场事实中载明的主要污染物、设施和排口是什么？"", ""是否涉及锅炉、工业炉窑、污水处理、表面处理、喷涂、危废暂存、在线监测、事故水或其他通用工序？"", ""是否有实验室、医务室、食堂、锅炉、废液、试剂瓶、动物实验或放射源/射线装置？""]",CANDIDATE_ONLY,Batch10候选：教育机构多为轻画像，实验室/医务室/食堂触发专项。
BATCH10_GB4754_8392,8392,体校及体育培训,83,教育,839,技能培训、教育辅助及其他教育,NEED_CONFIRM,"[""SCN_BASE_PRODUCTION_SOLID_NOISE_LEDGER""]","[""SCN_WW_PROCESS_AND_TREATMENT"", ""SCN_HAZWASTE_STORAGE_TRANSFER"", ""SCN_MEDICAL_WASTE_RADIATION""]","[""GB/T 4754-2017 industry_catalog_base.csv"", ""固定污染源排污许可分类管理名录(2019年版)表格级抽取与条件规则化草案，仅作为候选召回依据"", ""scenario_templates.json v0.1 复用；不新增运行时模板""]",LOW,"[""企业实际经营、生产、服务或作业活动是否与营业执照行业一致？"", ""环评、批复、排污许可、登记回执、监测报告或现场事实中载明的主要污染物、设施和排口是什么？"", ""是否涉及锅炉、工业炉窑、污水处理、表面处理、喷涂、危废暂存、在线监测、事故水或其他通用工序？"", ""是否有实验室、医务室、食堂、锅炉、废液、试剂瓶、动物实验或放射源/射线装置？""]",CANDIDATE_ONLY,Batch10候选：教育机构多为轻画像，实验室/医务室/食堂触发专项。
BATCH10_GB4754_8393,8393,文化艺术培训,83,教育,839,技能培训、教育辅助及其他教育,NEED_CONFIRM,"[""SCN_BASE_PRODUCTION_SOLID_NOISE_LEDGER""]","[""SCN_WW_PROCESS_AND_TREATMENT"", ""SCN_HAZWASTE_STORAGE_TRANSFER"", ""SCN_MEDICAL_WASTE_RADIATION""]","[""GB/T 4754-2017 industry_catalog_base.csv"", ""固定污染源排污许可分类管理名录(2019年版)表格级抽取与条件规则化草案，仅作为候选召回依据"", ""scenario_templates.json v0.1 复用；不新增运行时模板""]",LOW,"[""企业实际经营、生产、服务或作业活动是否与营业执照行业一致？"", ""环评、批复、排污许可、登记回执、监测报告或现场事实中载明的主要污染物、设施和排口是什么？"", ""是否涉及锅炉、工业炉窑、污水处理、表面处理、喷涂、危废暂存、在线监测、事故水或其他通用工序？"", ""是否有实验室、医务室、食堂、锅炉、废液、试剂瓶、动物实验或放射源/射线装置？""]",CANDIDATE_ONLY,Batch10候选：教育机构多为轻画像，实验室/医务室/食堂触发专项。
BATCH10_GB4754_8394,8394,教育辅助服务,83,教育,839,技能培训、教育辅助及其他教育,NEED_CONFIRM,"[""SCN_BASE_PRODUCTION_SOLID_NOISE_LEDGER""]","[""SCN_WW_PROCESS_AND_TREATMENT"", ""SCN_HAZWASTE_STORAGE_TRANSFER"", ""SCN_MEDICAL_WASTE_RADIATION""]","[""GB/T 4754-2017 industry_catalog_base.csv"", ""固定污染源排污许可分类管理名录(2019年版)表格级抽取与条件规则化草案，仅作为候选召回依据"", ""scenario_templates.json v0.1 复用；不新增运行时模板""]",LOW,"[""企业实际经营、生产、服务或作业活动是否与营业执照行业一致？"", ""环评、批复、排污许可、登记回执、监测报告或现场事实中载明的主要污染物、设施和排口是什么？"", ""是否涉及锅炉、工业炉窑、污水处理、表面处理、喷涂、危废暂存、在线监测、事故水或其他通用工序？"", ""是否有实验室、医务室、食堂、锅炉、废液、试剂瓶、动物实验或放射源/射线装置？""]",CANDIDATE_ONLY,Batch10候选：教育机构多为轻画像，实验室/医务室/食堂触发专项。
BATCH10_GB4754_8399,8399,其他未列明教育,83,教育,839,技能培训、教育辅助及其他教育,NEED_CONFIRM,"[""SCN_BASE_PRODUCTION_SOLID_NOISE_LEDGER""]","[""SCN_WW_PROCESS_AND_TREATMENT"", ""SCN_HAZWASTE_STORAGE_TRANSFER"", ""SCN_MEDICAL_WASTE_RADIATION""]","[""GB/T 4754-2017 industry_catalog_base.csv"", ""固定污染源排污许可分类管理名录(2019年版)表格级抽取与条件规则化草案，仅作为候选召回依据"", ""scenario_templates.json v0.1 复用；不新增运行时模板""]",LOW,"[""企业实际经营、生产、服务或作业活动是否与营业执照行业一致？"", ""环评、批复、排污许可、登记回执、监测报告或现场事实中载明的主要污染物、设施和排口是什么？"", ""是否涉及锅炉、工业炉窑、污水处理、表面处理、喷涂、危废暂存、在线监测、事故水或其他通用工序？"", ""是否有实验室、医务室、食堂、锅炉、废液、试剂瓶、动物实验或放射源/射线装置？""]",CANDIDATE_ONLY,Batch10候选：教育机构多为轻画像，实验室/医务室/食堂触发专项。
BATCH10_GB4754_8411,8411,综合医院,84,卫生,841,医院,NEED_CONFIRM,"[""SCN_BASE_PRODUCTION_SOLID_NOISE_LEDGER"", ""SCN_MEDICAL_WASTE_RADIATION""]","[""SCN_WW_PROCESS_AND_TREATMENT"", ""SCN_HAZWASTE_STORAGE_TRANSFER"", ""SCN_ONLINE_MONITORING_KEY_UNIT""]","[""GB/T 4754-2017 industry_catalog_base.csv"", ""固定污染源排污许可分类管理名录(2019年版)表格级抽取与条件规则化草案，仅作为候选召回依据"", ""scenario_templates.json v0.1 复用；不新增运行时模板""]",MEDIUM,"[""企业实际经营、生产、服务或作业活动是否与营业执照行业一致？"", ""环评、批复、排污许可、登记回执、监测报告或现场事实中载明的主要污染物、设施和排口是什么？"", ""是否涉及锅炉、工业炉窑、污水处理、表面处理、喷涂、危废暂存、在线监测、事故水或其他通用工序？"", ""是否为医疗机构、疾控、妇幼、专科诊疗、放射诊疗、检验实验室或床位达到许可名录阈值？""]",CANDIDATE_ONLY,Batch10候选：卫生行业医疗废物/医疗废水/放射诊疗为强确认场景，但许可类型仍按床位、机构类别和名录条件确认。
BATCH10_GB4754_8412,8412,中医医院,84,卫生,841,医院,NEED_CONFIRM,"[""SCN_BASE_PRODUCTION_SOLID_NOISE_LEDGER"", ""SCN_MEDICAL_WASTE_RADIATION""]","[""SCN_WW_PROCESS_AND_TREATMENT"", ""SCN_HAZWASTE_STORAGE_TRANSFER"", ""SCN_ONLINE_MONITORING_KEY_UNIT""]","[""GB/T 4754-2017 industry_catalog_base.csv"", ""固定污染源排污许可分类管理名录(2019年版)表格级抽取与条件规则化草案，仅作为候选召回依据"", ""scenario_templates.json v0.1 复用；不新增运行时模板""]",MEDIUM,"[""企业实际经营、生产、服务或作业活动是否与营业执照行业一致？"", ""环评、批复、排污许可、登记回执、监测报告或现场事实中载明的主要污染物、设施和排口是什么？"", ""是否涉及锅炉、工业炉窑、污水处理、表面处理、喷涂、危废暂存、在线监测、事故水或其他通用工序？"", ""是否为医疗机构、疾控、妇幼、专科诊疗、放射诊疗、检验实验室或床位达到许可名录阈值？""]",CANDIDATE_ONLY,Batch10候选：卫生行业医疗废物/医疗废水/放射诊疗为强确认场景，但许可类型仍按床位、机构类别和名录条件确认。
BATCH10_GB4754_8413,8413,中西医结合医院,84,卫生,841,医院,NEED_CONFIRM,"[""SCN_BASE_PRODUCTION_SOLID_NOISE_LEDGER"", ""SCN_MEDICAL_WASTE_RADIATION""]","[""SCN_WW_PROCESS_AND_TREATMENT"", ""SCN_HAZWASTE_STORAGE_TRANSFER"", ""SCN_ONLINE_MONITORING_KEY_UNIT""]","[""GB/T 4754-2017 industry_catalog_base.csv"", ""固定污染源排污许可分类管理名录(2019年版)表格级抽取与条件规则化草案，仅作为候选召回依据"", ""scenario_templates.json v0.1 复用；不新增运行时模板""]",MEDIUM,"[""企业实际经营、生产、服务或作业活动是否与营业执照行业一致？"", ""环评、批复、排污许可、登记回执、监测报告或现场事实中载明的主要污染物、设施和排口是什么？"", ""是否涉及锅炉、工业炉窑、污水处理、表面处理、喷涂、危废暂存、在线监测、事故水或其他通用工序？"", ""是否为医疗机构、疾控、妇幼、专科诊疗、放射诊疗、检验实验室或床位达到许可名录阈值？""]",CANDIDATE_ONLY,Batch10候选：卫生行业医疗废物/医疗废水/放射诊疗为强确认场景，但许可类型仍按床位、机构类别和名录条件确认。
BATCH10_GB4754_8414,8414,民族医院,84,卫生,841,医院,NEED_CONFIRM,"[""SCN_BASE_PRODUCTION_SOLID_NOISE_LEDGER"", ""SCN_MEDICAL_WASTE_RADIATION""]","[""SCN_WW_PROCESS_AND_TREATMENT"", ""SCN_HAZWASTE_STORAGE_TRANSFER"", ""SCN_ONLINE_MONITORING_KEY_UNIT""]","[""GB/T 4754-2017 industry_catalog_base.csv"", ""固定污染源排污许可分类管理名录(2019年版)表格级抽取与条件规则化草案，仅作为候选召回依据"", ""scenario_templates.json v0.1 复用；不新增运行时模板""]",MEDIUM,"[""企业实际经营、生产、服务或作业活动是否与营业执照行业一致？"", ""环评、批复、排污许可、登记回执、监测报告或现场事实中载明的主要污染物、设施和排口是什么？"", ""是否涉及锅炉、工业炉窑、污水处理、表面处理、喷涂、危废暂存、在线监测、事故水或其他通用工序？"", ""是否为医疗机构、疾控、妇幼、专科诊疗、放射诊疗、检验实验室或床位达到许可名录阈值？""]",CANDIDATE_ONLY,Batch10候选：卫生行业医疗废物/医疗废水/放射诊疗为强确认场景，但许可类型仍按床位、机构类别和名录条件确认。
BATCH10_GB4754_8415,8415,专科医院,84,卫生,841,医院,NEED_CONFIRM,"[""SCN_BASE_PRODUCTION_SOLID_NOISE_LEDGER"", ""SCN_MEDICAL_WASTE_RADIATION""]","[""SCN_WW_PROCESS_AND_TREATMENT"", ""SCN_HAZWASTE_STORAGE_TRANSFER"", ""SCN_ONLINE_MONITORING_KEY_UNIT""]","[""GB/T 4754-2017 industry_catalog_base.csv"", ""固定污染源排污许可分类管理名录(2019年版)表格级抽取与条件规则化草案，仅作为候选召回依据"", ""scenario_templates.json v0.1 复用；不新增运行时模板""]",MEDIUM,"[""企业实际经营、生产、服务或作业活动是否与营业执照行业一致？"", ""环评、批复、排污许可、登记回执、监测报告或现场事实中载明的主要污染物、设施和排口是什么？"", ""是否涉及锅炉、工业炉窑、污水处理、表面处理、喷涂、危废暂存、在线监测、事故水或其他通用工序？"", ""是否为医疗机构、疾控、妇幼、专科诊疗、放射诊疗、检验实验室或床位达到许可名录阈值？""]",CANDIDATE_ONLY,Batch10候选：卫生行业医疗废物/医疗废水/放射诊疗为强确认场景，但许可类型仍按床位、机构类别和名录条件确认。
BATCH10_GB4754_8416,8416,疗养院,84,卫生,841,医院,NEED_CONFIRM,"[""SCN_BASE_PRODUCTION_SOLID_NOISE_LEDGER"", ""SCN_MEDICAL_WASTE_RADIATION""]","[""SCN_WW_PROCESS_AND_TREATMENT"", ""SCN_HAZWASTE_STORAGE_TRANSFER"", ""SCN_ONLINE_MONITORING_KEY_UNIT""]","[""GB/T 4754-2017 industry_catalog_base.csv"", ""固定污染源排污许可分类管理名录(2019年版)表格级抽取与条件规则化草案，仅作为候选召回依据"", ""scenario_templates.json v0.1 复用；不新增运行时模板""]",MEDIUM,"[""企业实际经营、生产、服务或作业活动是否与营业执照行业一致？"", ""环评、批复、排污许可、登记回执、监测报告或现场事实中载明的主要污染物、设施和排口是什么？"", ""是否涉及锅炉、工业炉窑、污水处理、表面处理、喷涂、危废暂存、在线监测、事故水或其他通用工序？"", ""是否为医疗机构、疾控、妇幼、专科诊疗、放射诊疗、检验实验室或床位达到许可名录阈值？""]",CANDIDATE_ONLY,Batch10候选：卫生行业医疗废物/医疗废水/放射诊疗为强确认场景，但许可类型仍按床位、机构类别和名录条件确认。
BATCH10_GB4754_8421,8421,社区卫生服务中心（站）,84,卫生,842,基层医疗卫生服务,NEED_CONFIRM,"[""SCN_BASE_PRODUCTION_SOLID_NOISE_LEDGER"", ""SCN_MEDICAL_WASTE_RADIATION""]","[""SCN_WW_PROCESS_AND_TREATMENT"", ""SCN_HAZWASTE_STORAGE_TRANSFER"", ""SCN_ONLINE_MONITORING_KEY_UNIT""]","[""GB/T 4754-2017 industry_catalog_base.csv"", ""固定污染源排污许可分类管理名录(2019年版)表格级抽取与条件规则化草案，仅作为候选召回依据"", ""scenario_templates.json v0.1 复用；不新增运行时模板""]",MEDIUM,"[""企业实际经营、生产、服务或作业活动是否与营业执照行业一致？"", ""环评、批复、排污许可、登记回执、监测报告或现场事实中载明的主要污染物、设施和排口是什么？"", ""是否涉及锅炉、工业炉窑、污水处理、表面处理、喷涂、危废暂存、在线监测、事故水或其他通用工序？"", ""是否为医疗机构、疾控、妇幼、专科诊疗、放射诊疗、检验实验室或床位达到许可名录阈值？""]",CANDIDATE_ONLY,Batch10候选：卫生行业医疗废物/医疗废水/放射诊疗为强确认场景，但许可类型仍按床位、机构类别和名录条件确认。
BATCH10_GB4754_8422,8422,街道卫生院,84,卫生,842,基层医疗卫生服务,NEED_CONFIRM,"[""SCN_BASE_PRODUCTION_SOLID_NOISE_LEDGER"", ""SCN_MEDICAL_WASTE_RADIATION""]","[""SCN_WW_PROCESS_AND_TREATMENT"", ""SCN_HAZWASTE_STORAGE_TRANSFER"", ""SCN_ONLINE_MONITORING_KEY_UNIT""]","[""GB/T 4754-2017 industry_catalog_base.csv"", ""固定污染源排污许可分类管理名录(2019年版)表格级抽取与条件规则化草案，仅作为候选召回依据"", ""scenario_templates.json v0.1 复用；不新增运行时模板""]",MEDIUM,"[""企业实际经营、生产、服务或作业活动是否与营业执照行业一致？"", ""环评、批复、排污许可、登记回执、监测报告或现场事实中载明的主要污染物、设施和排口是什么？"", ""是否涉及锅炉、工业炉窑、污水处理、表面处理、喷涂、危废暂存、在线监测、事故水或其他通用工序？"", ""是否为医疗机构、疾控、妇幼、专科诊疗、放射诊疗、检验实验室或床位达到许可名录阈值？""]",CANDIDATE_ONLY,Batch10候选：卫生行业医疗废物/医疗废水/放射诊疗为强确认场景，但许可类型仍按床位、机构类别和名录条件确认。
BATCH10_GB4754_8423,8423,乡镇卫生院,84,卫生,842,基层医疗卫生服务,NEED_CONFIRM,"[""SCN_BASE_PRODUCTION_SOLID_NOISE_LEDGER"", ""SCN_MEDICAL_WASTE_RADIATION""]","[""SCN_WW_PROCESS_AND_TREATMENT"", ""SCN_HAZWASTE_STORAGE_TRANSFER"", ""SCN_ONLINE_MONITORING_KEY_UNIT""]","[""GB/T 4754-2017 industry_catalog_base.csv"", ""固定污染源排污许可分类管理名录(2019年版)表格级抽取与条件规则化草案，仅作为候选召回依据"", ""scenario_templates.json v0.1 复用；不新增运行时模板""]",MEDIUM,"[""企业实际经营、生产、服务或作业活动是否与营业执照行业一致？"", ""环评、批复、排污许可、登记回执、监测报告或现场事实中载明的主要污染物、设施和排口是什么？"", ""是否涉及锅炉、工业炉窑、污水处理、表面处理、喷涂、危废暂存、在线监测、事故水或其他通用工序？"", ""是否为医疗机构、疾控、妇幼、专科诊疗、放射诊疗、检验实验室或床位达到许可名录阈值？""]",CANDIDATE_ONLY,Batch10候选：卫生行业医疗废物/医疗废水/放射诊疗为强确认场景，但许可类型仍按床位、机构类别和名录条件确认。
BATCH10_GB4754_8424,8424,村卫生室,84,卫生,842,基层医疗卫生服务,NEED_CONFIRM,"[""SCN_BASE_PRODUCTION_SOLID_NOISE_LEDGER"", ""SCN_MEDICAL_WASTE_RADIATION""]","[""SCN_WW_PROCESS_AND_TREATMENT"", ""SCN_HAZWASTE_STORAGE_TRANSFER"", ""SCN_ONLINE_MONITORING_KEY_UNIT""]","[""GB/T 4754-2017 industry_catalog_base.csv"", ""固定污染源排污许可分类管理名录(2019年版)表格级抽取与条件规则化草案，仅作为候选召回依据"", ""scenario_templates.json v0.1 复用；不新增运行时模板""]",MEDIUM,"[""企业实际经营、生产、服务或作业活动是否与营业执照行业一致？"", ""环评、批复、排污许可、登记回执、监测报告或现场事实中载明的主要污染物、设施和排口是什么？"", ""是否涉及锅炉、工业炉窑、污水处理、表面处理、喷涂、危废暂存、在线监测、事故水或其他通用工序？"", ""是否为医疗机构、疾控、妇幼、专科诊疗、放射诊疗、检验实验室或床位达到许可名录阈值？""]",CANDIDATE_ONLY,Batch10候选：卫生行业医疗废物/医疗废水/放射诊疗为强确认场景，但许可类型仍按床位、机构类别和名录条件确认。
BATCH10_GB4754_8425,8425,门诊部（所）,84,卫生,842,基层医疗卫生服务,NEED_CONFIRM,"[""SCN_BASE_PRODUCTION_SOLID_NOISE_LEDGER"", ""SCN_MEDICAL_WASTE_RADIATION""]","[""SCN_WW_PROCESS_AND_TREATMENT"", ""SCN_HAZWASTE_STORAGE_TRANSFER"", ""SCN_ONLINE_MONITORING_KEY_UNIT""]","[""GB/T 4754-2017 industry_catalog_base.csv"", ""固定污染源排污许可分类管理名录(2019年版)表格级抽取与条件规则化草案，仅作为候选召回依据"", ""scenario_templates.json v0.1 复用；不新增运行时模板""]",MEDIUM,"[""企业实际经营、生产、服务或作业活动是否与营业执照行业一致？"", ""环评、批复、排污许可、登记回执、监测报告或现场事实中载明的主要污染物、设施和排口是什么？"", ""是否涉及锅炉、工业炉窑、污水处理、表面处理、喷涂、危废暂存、在线监测、事故水或其他通用工序？"", ""是否为医疗机构、疾控、妇幼、专科诊疗、放射诊疗、检验实验室或床位达到许可名录阈值？""]",CANDIDATE_ONLY,Batch10候选：卫生行业医疗废物/医疗废水/放射诊疗为强确认场景，但许可类型仍按床位、机构类别和名录条件确认。
BATCH10_GB4754_8431,8431,疾病预防控制中心,84,卫生,843,专业公共卫生服务,NEED_CONFIRM,"[""SCN_BASE_PRODUCTION_SOLID_NOISE_LEDGER"", ""SCN_MEDICAL_WASTE_RADIATION""]","[""SCN_WW_PROCESS_AND_TREATMENT"", ""SCN_HAZWASTE_STORAGE_TRANSFER"", ""SCN_ONLINE_MONITORING_KEY_UNIT""]","[""GB/T 4754-2017 industry_catalog_base.csv"", ""固定污染源排污许可分类管理名录(2019年版)表格级抽取与条件规则化草案，仅作为候选召回依据"", ""scenario_templates.json v0.1 复用；不新增运行时模板""]",MEDIUM,"[""企业实际经营、生产、服务或作业活动是否与营业执照行业一致？"", ""环评、批复、排污许可、登记回执、监测报告或现场事实中载明的主要污染物、设施和排口是什么？"", ""是否涉及锅炉、工业炉窑、污水处理、表面处理、喷涂、危废暂存、在线监测、事故水或其他通用工序？"", ""是否为医疗机构、疾控、妇幼、专科诊疗、放射诊疗、检验实验室或床位达到许可名录阈值？""]",CANDIDATE_ONLY,Batch10候选：卫生行业医疗废物/医疗废水/放射诊疗为强确认场景，但许可类型仍按床位、机构类别和名录条件确认。
BATCH10_GB4754_8432,8432,专科疾病防治院（所、站),84,卫生,843,专业公共卫生服务,NEED_CONFIRM,"[""SCN_BASE_PRODUCTION_SOLID_NOISE_LEDGER"", ""SCN_MEDICAL_WASTE_RADIATION""]","[""SCN_WW_PROCESS_AND_TREATMENT"", ""SCN_HAZWASTE_STORAGE_TRANSFER"", ""SCN_ONLINE_MONITORING_KEY_UNIT""]","[""GB/T 4754-2017 industry_catalog_base.csv"", ""固定污染源排污许可分类管理名录(2019年版)表格级抽取与条件规则化草案，仅作为候选召回依据"", ""scenario_templates.json v0.1 复用；不新增运行时模板""]",MEDIUM,"[""企业实际经营、生产、服务或作业活动是否与营业执照行业一致？"", ""环评、批复、排污许可、登记回执、监测报告或现场事实中载明的主要污染物、设施和排口是什么？"", ""是否涉及锅炉、工业炉窑、污水处理、表面处理、喷涂、危废暂存、在线监测、事故水或其他通用工序？"", ""是否为医疗机构、疾控、妇幼、专科诊疗、放射诊疗、检验实验室或床位达到许可名录阈值？""]",CANDIDATE_ONLY,Batch10候选：卫生行业医疗废物/医疗废水/放射诊疗为强确认场景，但许可类型仍按床位、机构类别和名录条件确认。
BATCH10_GB4754_8433,8433,妇幼保健院（所、站）,84,卫生,843,专业公共卫生服务,NEED_CONFIRM,"[""SCN_BASE_PRODUCTION_SOLID_NOISE_LEDGER"", ""SCN_MEDICAL_WASTE_RADIATION""]","[""SCN_WW_PROCESS_AND_TREATMENT"", ""SCN_HAZWASTE_STORAGE_TRANSFER"", ""SCN_ONLINE_MONITORING_KEY_UNIT""]","[""GB/T 4754-2017 industry_catalog_base.csv"", ""固定污染源排污许可分类管理名录(2019年版)表格级抽取与条件规则化草案，仅作为候选召回依据"", ""scenario_templates.json v0.1 复用；不新增运行时模板""]",MEDIUM,"[""企业实际经营、生产、服务或作业活动是否与营业执照行业一致？"", ""环评、批复、排污许可、登记回执、监测报告或现场事实中载明的主要污染物、设施和排口是什么？"", ""是否涉及锅炉、工业炉窑、污水处理、表面处理、喷涂、危废暂存、在线监测、事故水或其他通用工序？"", ""是否为医疗机构、疾控、妇幼、专科诊疗、放射诊疗、检验实验室或床位达到许可名录阈值？""]",CANDIDATE_ONLY,Batch10候选：卫生行业医疗废物/医疗废水/放射诊疗为强确认场景，但许可类型仍按床位、机构类别和名录条件确认。
BATCH10_GB4754_8434,8434,急救中心（站）服务,84,卫生,843,专业公共卫生服务,NEED_CONFIRM,"[""SCN_BASE_PRODUCTION_SOLID_NOISE_LEDGER"", ""SCN_MEDICAL_WASTE_RADIATION""]","[""SCN_WW_PROCESS_AND_TREATMENT"", ""SCN_HAZWASTE_STORAGE_TRANSFER"", ""SCN_ONLINE_MONITORING_KEY_UNIT""]","[""GB/T 4754-2017 industry_catalog_base.csv"", ""固定污染源排污许可分类管理名录(2019年版)表格级抽取与条件规则化草案，仅作为候选召回依据"", ""scenario_templates.json v0.1 复用；不新增运行时模板""]",MEDIUM,"[""企业实际经营、生产、服务或作业活动是否与营业执照行业一致？"", ""环评、批复、排污许可、登记回执、监测报告或现场事实中载明的主要污染物、设施和排口是什么？"", ""是否涉及锅炉、工业炉窑、污水处理、表面处理、喷涂、危废暂存、在线监测、事故水或其他通用工序？"", ""是否为医疗机构、疾控、妇幼、专科诊疗、放射诊疗、检验实验室或床位达到许可名录阈值？""]",CANDIDATE_ONLY,Batch10候选：卫生行业医疗废物/医疗废水/放射诊疗为强确认场景，但许可类型仍按床位、机构类别和名录条件确认。
BATCH10_GB4754_8435,8435,采供血机构服务,84,卫生,843,专业公共卫生服务,NEED_CONFIRM,"[""SCN_BASE_PRODUCTION_SOLID_NOISE_LEDGER"", ""SCN_MEDICAL_WASTE_RADIATION""]","[""SCN_WW_PROCESS_AND_TREATMENT"", ""SCN_HAZWASTE_STORAGE_TRANSFER"", ""SCN_ONLINE_MONITORING_KEY_UNIT""]","[""GB/T 4754-2017 industry_catalog_base.csv"", ""固定污染源排污许可分类管理名录(2019年版)表格级抽取与条件规则化草案，仅作为候选召回依据"", ""scenario_templates.json v0.1 复用；不新增运行时模板""]",MEDIUM,"[""企业实际经营、生产、服务或作业活动是否与营业执照行业一致？"", ""环评、批复、排污许可、登记回执、监测报告或现场事实中载明的主要污染物、设施和排口是什么？"", ""是否涉及锅炉、工业炉窑、污水处理、表面处理、喷涂、危废暂存、在线监测、事故水或其他通用工序？"", ""是否为医疗机构、疾控、妇幼、专科诊疗、放射诊疗、检验实验室或床位达到许可名录阈值？""]",CANDIDATE_ONLY,Batch10候选：卫生行业医疗废物/医疗废水/放射诊疗为强确认场景，但许可类型仍按床位、机构类别和名录条件确认。
BATCH10_GB4754_8436,8436,计划生育技术服务活动,84,卫生,843,专业公共卫生服务,NEED_CONFIRM,"[""SCN_BASE_PRODUCTION_SOLID_NOISE_LEDGER"", ""SCN_MEDICAL_WASTE_RADIATION""]","[""SCN_WW_PROCESS_AND_TREATMENT"", ""SCN_HAZWASTE_STORAGE_TRANSFER"", ""SCN_ONLINE_MONITORING_KEY_UNIT""]","[""GB/T 4754-2017 industry_catalog_base.csv"", ""固定污染源排污许可分类管理名录(2019年版)表格级抽取与条件规则化草案，仅作为候选召回依据"", ""scenario_templates.json v0.1 复用；不新增运行时模板""]",MEDIUM,"[""企业实际经营、生产、服务或作业活动是否与营业执照行业一致？"", ""环评、批复、排污许可、登记回执、监测报告或现场事实中载明的主要污染物、设施和排口是什么？"", ""是否涉及锅炉、工业炉窑、污水处理、表面处理、喷涂、危废暂存、在线监测、事故水或其他通用工序？"", ""是否为医疗机构、疾控、妇幼、专科诊疗、放射诊疗、检验实验室或床位达到许可名录阈值？""]",CANDIDATE_ONLY,Batch10候选：卫生行业医疗废物/医疗废水/放射诊疗为强确认场景，但许可类型仍按床位、机构类别和名录条件确认。
BATCH10_GB4754_8491,8491,健康体检服务,84,卫生,849,其他卫生活动,NEED_CONFIRM,"[""SCN_BASE_PRODUCTION_SOLID_NOISE_LEDGER"", ""SCN_MEDICAL_WASTE_RADIATION""]","[""SCN_WW_PROCESS_AND_TREATMENT"", ""SCN_HAZWASTE_STORAGE_TRANSFER"", ""SCN_ONLINE_MONITORING_KEY_UNIT""]","[""GB/T 4754-2017 industry_catalog_base.csv"", ""固定污染源排污许可分类管理名录(2019年版)表格级抽取与条件规则化草案，仅作为候选召回依据"", ""scenario_templates.json v0.1 复用；不新增运行时模板""]",MEDIUM,"[""企业实际经营、生产、服务或作业活动是否与营业执照行业一致？"", ""环评、批复、排污许可、登记回执、监测报告或现场事实中载明的主要污染物、设施和排口是什么？"", ""是否涉及锅炉、工业炉窑、污水处理、表面处理、喷涂、危废暂存、在线监测、事故水或其他通用工序？"", ""是否为医疗机构、疾控、妇幼、专科诊疗、放射诊疗、检验实验室或床位达到许可名录阈值？""]",CANDIDATE_ONLY,Batch10候选：卫生行业医疗废物/医疗废水/放射诊疗为强确认场景，但许可类型仍按床位、机构类别和名录条件确认。
BATCH10_GB4754_8492,8492,临床检验服务,84,卫生,849,其他卫生活动,NEED_CONFIRM,"[""SCN_BASE_PRODUCTION_SOLID_NOISE_LEDGER"", ""SCN_MEDICAL_WASTE_RADIATION""]","[""SCN_WW_PROCESS_AND_TREATMENT"", ""SCN_HAZWASTE_STORAGE_TRANSFER"", ""SCN_ONLINE_MONITORING_KEY_UNIT""]","[""GB/T 4754-2017 industry_catalog_base.csv"", ""固定污染源排污许可分类管理名录(2019年版)表格级抽取与条件规则化草案，仅作为候选召回依据"", ""scenario_templates.json v0.1 复用；不新增运行时模板""]",MEDIUM,"[""企业实际经营、生产、服务或作业活动是否与营业执照行业一致？"", ""环评、批复、排污许可、登记回执、监测报告或现场事实中载明的主要污染物、设施和排口是什么？"", ""是否涉及锅炉、工业炉窑、污水处理、表面处理、喷涂、危废暂存、在线监测、事故水或其他通用工序？"", ""是否为医疗机构、疾控、妇幼、专科诊疗、放射诊疗、检验实验室或床位达到许可名录阈值？""]",CANDIDATE_ONLY,Batch10候选：卫生行业医疗废物/医疗废水/放射诊疗为强确认场景，但许可类型仍按床位、机构类别和名录条件确认。
BATCH10_GB4754_8499,8499,其他未列明卫生服务,84,卫生,849,其他卫生活动,NEED_CONFIRM,"[""SCN_BASE_PRODUCTION_SOLID_NOISE_LEDGER"", ""SCN_MEDICAL_WASTE_RADIATION""]","[""SCN_WW_PROCESS_AND_TREATMENT"", ""SCN_HAZWASTE_STORAGE_TRANSFER"", ""SCN_ONLINE_MONITORING_KEY_UNIT""]","[""GB/T 4754-2017 industry_catalog_base.csv"", ""固定污染源排污许可分类管理名录(2019年版)表格级抽取与条件规则化草案，仅作为候选召回依据"", ""scenario_templates.json v0.1 复用；不新增运行时模板""]",MEDIUM,"[""企业实际经营、生产、服务或作业活动是否与营业执照行业一致？"", ""环评、批复、排污许可、登记回执、监测报告或现场事实中载明的主要污染物、设施和排口是什么？"", ""是否涉及锅炉、工业炉窑、污水处理、表面处理、喷涂、危废暂存、在线监测、事故水或其他通用工序？"", ""是否为医疗机构、疾控、妇幼、专科诊疗、放射诊疗、检验实验室或床位达到许可名录阈值？""]",CANDIDATE_ONLY,Batch10候选：卫生行业医疗废物/医疗废水/放射诊疗为强确认场景，但许可类型仍按床位、机构类别和名录条件确认。
BATCH10_GB4754_8511,8511,干部休养所,85,社会工作,851,提供住宿社会工作,NEED_CONFIRM,"[""SCN_BASE_PRODUCTION_SOLID_NOISE_LEDGER""]","[""SCN_MEDICAL_WASTE_RADIATION"", ""SCN_WW_PROCESS_AND_TREATMENT"", ""SCN_HAZWASTE_STORAGE_TRANSFER""]","[""GB/T 4754-2017 industry_catalog_base.csv"", ""固定污染源排污许可分类管理名录(2019年版)表格级抽取与条件规则化草案，仅作为候选召回依据"", ""scenario_templates.json v0.1 复用；不新增运行时模板""]",LOW,"[""企业实际经营、生产、服务或作业活动是否与营业执照行业一致？"", ""环评、批复、排污许可、登记回执、监测报告或现场事实中载明的主要污染物、设施和排口是什么？"", ""是否涉及锅炉、工业炉窑、污水处理、表面处理、喷涂、危废暂存、在线监测、事故水或其他通用工序？"", ""是否提供医疗护理、康复、养老院内诊疗、医废产生、污水处理或药品/锐器管理？""]",CANDIDATE_ONLY,Batch10候选：社会工作机构是否产生医废/医疗废水必须由服务内容确认。
BATCH10_GB4754_8512,8512,护理机构服务,85,社会工作,851,提供住宿社会工作,NEED_CONFIRM,"[""SCN_BASE_PRODUCTION_SOLID_NOISE_LEDGER""]","[""SCN_MEDICAL_WASTE_RADIATION"", ""SCN_WW_PROCESS_AND_TREATMENT"", ""SCN_HAZWASTE_STORAGE_TRANSFER""]","[""GB/T 4754-2017 industry_catalog_base.csv"", ""固定污染源排污许可分类管理名录(2019年版)表格级抽取与条件规则化草案，仅作为候选召回依据"", ""scenario_templates.json v0.1 复用；不新增运行时模板""]",LOW,"[""企业实际经营、生产、服务或作业活动是否与营业执照行业一致？"", ""环评、批复、排污许可、登记回执、监测报告或现场事实中载明的主要污染物、设施和排口是什么？"", ""是否涉及锅炉、工业炉窑、污水处理、表面处理、喷涂、危废暂存、在线监测、事故水或其他通用工序？"", ""是否提供医疗护理、康复、养老院内诊疗、医废产生、污水处理或药品/锐器管理？""]",CANDIDATE_ONLY,Batch10候选：社会工作机构是否产生医废/医疗废水必须由服务内容确认。
BATCH10_GB4754_8513,8513,精神康复服务,85,社会工作,851,提供住宿社会工作,NEED_CONFIRM,"[""SCN_BASE_PRODUCTION_SOLID_NOISE_LEDGER""]","[""SCN_MEDICAL_WASTE_RADIATION"", ""SCN_WW_PROCESS_AND_TREATMENT"", ""SCN_HAZWASTE_STORAGE_TRANSFER""]","[""GB/T 4754-2017 industry_catalog_base.csv"", ""固定污染源排污许可分类管理名录(2019年版)表格级抽取与条件规则化草案，仅作为候选召回依据"", ""scenario_templates.json v0.1 复用；不新增运行时模板""]",LOW,"[""企业实际经营、生产、服务或作业活动是否与营业执照行业一致？"", ""环评、批复、排污许可、登记回执、监测报告或现场事实中载明的主要污染物、设施和排口是什么？"", ""是否涉及锅炉、工业炉窑、污水处理、表面处理、喷涂、危废暂存、在线监测、事故水或其他通用工序？"", ""是否提供医疗护理、康复、养老院内诊疗、医废产生、污水处理或药品/锐器管理？""]",CANDIDATE_ONLY,Batch10候选：社会工作机构是否产生医废/医疗废水必须由服务内容确认。
BATCH10_GB4754_8514,8514,老年人、残疾人养护服务,85,社会工作,851,提供住宿社会工作,NEED_CONFIRM,"[""SCN_BASE_PRODUCTION_SOLID_NOISE_LEDGER""]","[""SCN_MEDICAL_WASTE_RADIATION"", ""SCN_WW_PROCESS_AND_TREATMENT"", ""SCN_HAZWASTE_STORAGE_TRANSFER""]","[""GB/T 4754-2017 industry_catalog_base.csv"", ""固定污染源排污许可分类管理名录(2019年版)表格级抽取与条件规则化草案，仅作为候选召回依据"", ""scenario_templates.json v0.1 复用；不新增运行时模板""]",LOW,"[""企业实际经营、生产、服务或作业活动是否与营业执照行业一致？"", ""环评、批复、排污许可、登记回执、监测报告或现场事实中载明的主要污染物、设施和排口是什么？"", ""是否涉及锅炉、工业炉窑、污水处理、表面处理、喷涂、危废暂存、在线监测、事故水或其他通用工序？"", ""是否提供医疗护理、康复、养老院内诊疗、医废产生、污水处理或药品/锐器管理？""]",CANDIDATE_ONLY,Batch10候选：社会工作机构是否产生医废/医疗废水必须由服务内容确认。
BATCH10_GB4754_8515,8515,临终关怀服务,85,社会工作,851,提供住宿社会工作,NEED_CONFIRM,"[""SCN_BASE_PRODUCTION_SOLID_NOISE_LEDGER""]","[""SCN_MEDICAL_WASTE_RADIATION"", ""SCN_WW_PROCESS_AND_TREATMENT"", ""SCN_HAZWASTE_STORAGE_TRANSFER""]","[""GB/T 4754-2017 industry_catalog_base.csv"", ""固定污染源排污许可分类管理名录(2019年版)表格级抽取与条件规则化草案，仅作为候选召回依据"", ""scenario_templates.json v0.1 复用；不新增运行时模板""]",LOW,"[""企业实际经营、生产、服务或作业活动是否与营业执照行业一致？"", ""环评、批复、排污许可、登记回执、监测报告或现场事实中载明的主要污染物、设施和排口是什么？"", ""是否涉及锅炉、工业炉窑、污水处理、表面处理、喷涂、危废暂存、在线监测、事故水或其他通用工序？"", ""是否提供医疗护理、康复、养老院内诊疗、医废产生、污水处理或药品/锐器管理？""]",CANDIDATE_ONLY,Batch10候选：社会工作机构是否产生医废/医疗废水必须由服务内容确认。
BATCH10_GB4754_8516,8516,孤残儿童收养和庇护服务,85,社会工作,851,提供住宿社会工作,NEED_CONFIRM,"[""SCN_BASE_PRODUCTION_SOLID_NOISE_LEDGER""]","[""SCN_MEDICAL_WASTE_RADIATION"", ""SCN_WW_PROCESS_AND_TREATMENT"", ""SCN_HAZWASTE_STORAGE_TRANSFER""]","[""GB/T 4754-2017 industry_catalog_base.csv"", ""固定污染源排污许可分类管理名录(2019年版)表格级抽取与条件规则化草案，仅作为候选召回依据"", ""scenario_templates.json v0.1 复用；不新增运行时模板""]",LOW,"[""企业实际经营、生产、服务或作业活动是否与营业执照行业一致？"", ""环评、批复、排污许可、登记回执、监测报告或现场事实中载明的主要污染物、设施和排口是什么？"", ""是否涉及锅炉、工业炉窑、污水处理、表面处理、喷涂、危废暂存、在线监测、事故水或其他通用工序？"", ""是否提供医疗护理、康复、养老院内诊疗、医废产生、污水处理或药品/锐器管理？""]",CANDIDATE_ONLY,Batch10候选：社会工作机构是否产生医废/医疗废水必须由服务内容确认。
BATCH10_GB4754_8519,8519,其他提供住宿社会救助,85,社会工作,851,提供住宿社会工作,NEED_CONFIRM,"[""SCN_BASE_PRODUCTION_SOLID_NOISE_LEDGER""]","[""SCN_MEDICAL_WASTE_RADIATION"", ""SCN_WW_PROCESS_AND_TREATMENT"", ""SCN_HAZWASTE_STORAGE_TRANSFER""]","[""GB/T 4754-2017 industry_catalog_base.csv"", ""固定污染源排污许可分类管理名录(2019年版)表格级抽取与条件规则化草案，仅作为候选召回依据"", ""scenario_templates.json v0.1 复用；不新增运行时模板""]",LOW,"[""企业实际经营、生产、服务或作业活动是否与营业执照行业一致？"", ""环评、批复、排污许可、登记回执、监测报告或现场事实中载明的主要污染物、设施和排口是什么？"", ""是否涉及锅炉、工业炉窑、污水处理、表面处理、喷涂、危废暂存、在线监测、事故水或其他通用工序？"", ""是否提供医疗护理、康复、养老院内诊疗、医废产生、污水处理或药品/锐器管理？""]",CANDIDATE_ONLY,Batch10候选：社会工作机构是否产生医废/医疗废水必须由服务内容确认。
BATCH10_GB4754_8521,8521,社会看护与帮助服务,85,社会工作,852,不提供住宿社会工作,NEED_CONFIRM,"[""SCN_BASE_PRODUCTION_SOLID_NOISE_LEDGER""]","[""SCN_MEDICAL_WASTE_RADIATION"", ""SCN_WW_PROCESS_AND_TREATMENT"", ""SCN_HAZWASTE_STORAGE_TRANSFER""]","[""GB/T 4754-2017 industry_catalog_base.csv"", ""固定污染源排污许可分类管理名录(2019年版)表格级抽取与条件规则化草案，仅作为候选召回依据"", ""scenario_templates.json v0.1 复用；不新增运行时模板""]",LOW,"[""企业实际经营、生产、服务或作业活动是否与营业执照行业一致？"", ""环评、批复、排污许可、登记回执、监测报告或现场事实中载明的主要污染物、设施和排口是什么？"", ""是否涉及锅炉、工业炉窑、污水处理、表面处理、喷涂、危废暂存、在线监测、事故水或其他通用工序？"", ""是否提供医疗护理、康复、养老院内诊疗、医废产生、污水处理或药品/锐器管理？""]",CANDIDATE_ONLY,Batch10候选：社会工作机构是否产生医废/医疗废水必须由服务内容确认。
BATCH10_GB4754_8522,8522,康复辅具适配服务,85,社会工作,852,不提供住宿社会工作,NEED_CONFIRM,"[""SCN_BASE_PRODUCTION_SOLID_NOISE_LEDGER""]","[""SCN_MEDICAL_WASTE_RADIATION"", ""SCN_WW_PROCESS_AND_TREATMENT"", ""SCN_HAZWASTE_STORAGE_TRANSFER""]","[""GB/T 4754-2017 industry_catalog_base.csv"", ""固定污染源排污许可分类管理名录(2019年版)表格级抽取与条件规则化草案，仅作为候选召回依据"", ""scenario_templates.json v0.1 复用；不新增运行时模板""]",LOW,"[""企业实际经营、生产、服务或作业活动是否与营业执照行业一致？"", ""环评、批复、排污许可、登记回执、监测报告或现场事实中载明的主要污染物、设施和排口是什么？"", ""是否涉及锅炉、工业炉窑、污水处理、表面处理、喷涂、危废暂存、在线监测、事故水或其他通用工序？"", ""是否提供医疗护理、康复、养老院内诊疗、医废产生、污水处理或药品/锐器管理？""]",CANDIDATE_ONLY,Batch10候选：社会工作机构是否产生医废/医疗废水必须由服务内容确认。
BATCH10_GB4754_8529,8529,其他不提供住宿社会工作,85,社会工作,852,不提供住宿社会工作,NEED_CONFIRM,"[""SCN_BASE_PRODUCTION_SOLID_NOISE_LEDGER""]","[""SCN_MEDICAL_WASTE_RADIATION"", ""SCN_WW_PROCESS_AND_TREATMENT"", ""SCN_HAZWASTE_STORAGE_TRANSFER""]","[""GB/T 4754-2017 industry_catalog_base.csv"", ""固定污染源排污许可分类管理名录(2019年版)表格级抽取与条件规则化草案，仅作为候选召回依据"", ""scenario_templates.json v0.1 复用；不新增运行时模板""]",LOW,"[""企业实际经营、生产、服务或作业活动是否与营业执照行业一致？"", ""环评、批复、排污许可、登记回执、监测报告或现场事实中载明的主要污染物、设施和排口是什么？"", ""是否涉及锅炉、工业炉窑、污水处理、表面处理、喷涂、危废暂存、在线监测、事故水或其他通用工序？"", ""是否提供医疗护理、康复、养老院内诊疗、医废产生、污水处理或药品/锐器管理？""]",CANDIDATE_ONLY,Batch10候选：社会工作机构是否产生医废/医疗废水必须由服务内容确认。
BATCH10_GB4754_8610,8610,新闻业,86,新闻和出版业,861,新闻业,NEED_CONFIRM,"[""SCN_BASE_PRODUCTION_SOLID_NOISE_LEDGER""]","[""SCN_VOCS_SOLVENT_AND_TREATMENT"", ""SCN_HAZWASTE_STORAGE_TRANSFER""]","[""GB/T 4754-2017 industry_catalog_base.csv"", ""固定污染源排污许可分类管理名录(2019年版)表格级抽取与条件规则化草案，仅作为候选召回依据"", ""scenario_templates.json v0.1 复用；不新增运行时模板""]",LOW,"[""企业实际经营、生产、服务或作业活动是否与营业执照行业一致？"", ""环评、批复、排污许可、登记回执、监测报告或现场事实中载明的主要污染物、设施和排口是什么？"", ""是否涉及锅炉、工业炉窑、污水处理、表面处理、喷涂、危废暂存、在线监测、事故水或其他通用工序？"", ""是否有印刷出版、影视制作化妆/布景喷涂、洗印、录音棚噪声或危废暂存？""]",CANDIDATE_ONLY,Batch10候选：新闻出版和影视制作默认轻画像，印刷/制作工序触发VOCs/危废。
BATCH10_GB4754_8621,8621,图书出版,86,新闻和出版业,862,出版业,NEED_CONFIRM,"[""SCN_BASE_PRODUCTION_SOLID_NOISE_LEDGER""]","[""SCN_VOCS_SOLVENT_AND_TREATMENT"", ""SCN_HAZWASTE_STORAGE_TRANSFER""]","[""GB/T 4754-2017 industry_catalog_base.csv"", ""固定污染源排污许可分类管理名录(2019年版)表格级抽取与条件规则化草案，仅作为候选召回依据"", ""scenario_templates.json v0.1 复用；不新增运行时模板""]",LOW,"[""企业实际经营、生产、服务或作业活动是否与营业执照行业一致？"", ""环评、批复、排污许可、登记回执、监测报告或现场事实中载明的主要污染物、设施和排口是什么？"", ""是否涉及锅炉、工业炉窑、污水处理、表面处理、喷涂、危废暂存、在线监测、事故水或其他通用工序？"", ""是否有印刷出版、影视制作化妆/布景喷涂、洗印、录音棚噪声或危废暂存？""]",CANDIDATE_ONLY,Batch10候选：新闻出版和影视制作默认轻画像，印刷/制作工序触发VOCs/危废。
BATCH10_GB4754_8622,8622,报纸出版,86,新闻和出版业,862,出版业,NEED_CONFIRM,"[""SCN_BASE_PRODUCTION_SOLID_NOISE_LEDGER""]","[""SCN_VOCS_SOLVENT_AND_TREATMENT"", ""SCN_HAZWASTE_STORAGE_TRANSFER""]","[""GB/T 4754-2017 industry_catalog_base.csv"", ""固定污染源排污许可分类管理名录(2019年版)表格级抽取与条件规则化草案，仅作为候选召回依据"", ""scenario_templates.json v0.1 复用；不新增运行时模板""]",LOW,"[""企业实际经营、生产、服务或作业活动是否与营业执照行业一致？"", ""环评、批复、排污许可、登记回执、监测报告或现场事实中载明的主要污染物、设施和排口是什么？"", ""是否涉及锅炉、工业炉窑、污水处理、表面处理、喷涂、危废暂存、在线监测、事故水或其他通用工序？"", ""是否有印刷出版、影视制作化妆/布景喷涂、洗印、录音棚噪声或危废暂存？""]",CANDIDATE_ONLY,Batch10候选：新闻出版和影视制作默认轻画像，印刷/制作工序触发VOCs/危废。
BATCH10_GB4754_8623,8623,期刊出版,86,新闻和出版业,862,出版业,NEED_CONFIRM,"[""SCN_BASE_PRODUCTION_SOLID_NOISE_LEDGER""]","[""SCN_VOCS_SOLVENT_AND_TREATMENT"", ""SCN_HAZWASTE_STORAGE_TRANSFER""]","[""GB/T 4754-2017 industry_catalog_base.csv"", ""固定污染源排污许可分类管理名录(2019年版)表格级抽取与条件规则化草案，仅作为候选召回依据"", ""scenario_templates.json v0.1 复用；不新增运行时模板""]",LOW,"[""企业实际经营、生产、服务或作业活动是否与营业执照行业一致？"", ""环评、批复、排污许可、登记回执、监测报告或现场事实中载明的主要污染物、设施和排口是什么？"", ""是否涉及锅炉、工业炉窑、污水处理、表面处理、喷涂、危废暂存、在线监测、事故水或其他通用工序？"", ""是否有印刷出版、影视制作化妆/布景喷涂、洗印、录音棚噪声或危废暂存？""]",CANDIDATE_ONLY,Batch10候选：新闻出版和影视制作默认轻画像，印刷/制作工序触发VOCs/危废。
BATCH10_GB4754_8624,8624,音像制品出版,86,新闻和出版业,862,出版业,NEED_CONFIRM,"[""SCN_BASE_PRODUCTION_SOLID_NOISE_LEDGER""]","[""SCN_VOCS_SOLVENT_AND_TREATMENT"", ""SCN_HAZWASTE_STORAGE_TRANSFER""]","[""GB/T 4754-2017 industry_catalog_base.csv"", ""固定污染源排污许可分类管理名录(2019年版)表格级抽取与条件规则化草案，仅作为候选召回依据"", ""scenario_templates.json v0.1 复用；不新增运行时模板""]",LOW,"[""企业实际经营、生产、服务或作业活动是否与营业执照行业一致？"", ""环评、批复、排污许可、登记回执、监测报告或现场事实中载明的主要污染物、设施和排口是什么？"", ""是否涉及锅炉、工业炉窑、污水处理、表面处理、喷涂、危废暂存、在线监测、事故水或其他通用工序？"", ""是否有印刷出版、影视制作化妆/布景喷涂、洗印、录音棚噪声或危废暂存？""]",CANDIDATE_ONLY,Batch10候选：新闻出版和影视制作默认轻画像，印刷/制作工序触发VOCs/危废。
BATCH10_GB4754_8625,8625,电子出版物出版,86,新闻和出版业,862,出版业,NEED_CONFIRM,"[""SCN_BASE_PRODUCTION_SOLID_NOISE_LEDGER""]","[""SCN_VOCS_SOLVENT_AND_TREATMENT"", ""SCN_HAZWASTE_STORAGE_TRANSFER""]","[""GB/T 4754-2017 industry_catalog_base.csv"", ""固定污染源排污许可分类管理名录(2019年版)表格级抽取与条件规则化草案，仅作为候选召回依据"", ""scenario_templates.json v0.1 复用；不新增运行时模板""]",LOW,"[""企业实际经营、生产、服务或作业活动是否与营业执照行业一致？"", ""环评、批复、排污许可、登记回执、监测报告或现场事实中载明的主要污染物、设施和排口是什么？"", ""是否涉及锅炉、工业炉窑、污水处理、表面处理、喷涂、危废暂存、在线监测、事故水或其他通用工序？"", ""是否有印刷出版、影视制作化妆/布景喷涂、洗印、录音棚噪声或危废暂存？""]",CANDIDATE_ONLY,Batch10候选：新闻出版和影视制作默认轻画像，印刷/制作工序触发VOCs/危废。
BATCH10_GB4754_8626,8626,数字出版,86,新闻和出版业,862,出版业,NEED_CONFIRM,"[""SCN_BASE_PRODUCTION_SOLID_NOISE_LEDGER""]","[""SCN_VOCS_SOLVENT_AND_TREATMENT"", ""SCN_HAZWASTE_STORAGE_TRANSFER""]","[""GB/T 4754-2017 industry_catalog_base.csv"", ""固定污染源排污许可分类管理名录(2019年版)表格级抽取与条件规则化草案，仅作为候选召回依据"", ""scenario_templates.json v0.1 复用；不新增运行时模板""]",LOW,"[""企业实际经营、生产、服务或作业活动是否与营业执照行业一致？"", ""环评、批复、排污许可、登记回执、监测报告或现场事实中载明的主要污染物、设施和排口是什么？"", ""是否涉及锅炉、工业炉窑、污水处理、表面处理、喷涂、危废暂存、在线监测、事故水或其他通用工序？"", ""是否有印刷出版、影视制作化妆/布景喷涂、洗印、录音棚噪声或危废暂存？""]",CANDIDATE_ONLY,Batch10候选：新闻出版和影视制作默认轻画像，印刷/制作工序触发VOCs/危废。
BATCH10_GB4754_8629,8629,其他出版业,86,新闻和出版业,862,出版业,NEED_CONFIRM,"[""SCN_BASE_PRODUCTION_SOLID_NOISE_LEDGER""]","[""SCN_VOCS_SOLVENT_AND_TREATMENT"", ""SCN_HAZWASTE_STORAGE_TRANSFER""]","[""GB/T 4754-2017 industry_catalog_base.csv"", ""固定污染源排污许可分类管理名录(2019年版)表格级抽取与条件规则化草案，仅作为候选召回依据"", ""scenario_templates.json v0.1 复用；不新增运行时模板""]",LOW,"[""企业实际经营、生产、服务或作业活动是否与营业执照行业一致？"", ""环评、批复、排污许可、登记回执、监测报告或现场事实中载明的主要污染物、设施和排口是什么？"", ""是否涉及锅炉、工业炉窑、污水处理、表面处理、喷涂、危废暂存、在线监测、事故水或其他通用工序？"", ""是否有印刷出版、影视制作化妆/布景喷涂、洗印、录音棚噪声或危废暂存？""]",CANDIDATE_ONLY,Batch10候选：新闻出版和影视制作默认轻画像，印刷/制作工序触发VOCs/危废。
BATCH10_GB4754_8710,8710,广播,87,广播、电视、电影和录音制作业,871,广播,NEED_CONFIRM,"[""SCN_BASE_PRODUCTION_SOLID_NOISE_LEDGER""]","[""SCN_VOCS_SOLVENT_AND_TREATMENT"", ""SCN_HAZWASTE_STORAGE_TRANSFER""]","[""GB/T 4754-2017 industry_catalog_base.csv"", ""固定污染源排污许可分类管理名录(2019年版)表格级抽取与条件规则化草案，仅作为候选召回依据"", ""scenario_templates.json v0.1 复用；不新增运行时模板""]",LOW,"[""企业实际经营、生产、服务或作业活动是否与营业执照行业一致？"", ""环评、批复、排污许可、登记回执、监测报告或现场事实中载明的主要污染物、设施和排口是什么？"", ""是否涉及锅炉、工业炉窑、污水处理、表面处理、喷涂、危废暂存、在线监测、事故水或其他通用工序？"", ""是否有印刷出版、影视制作化妆/布景喷涂、洗印、录音棚噪声或危废暂存？""]",CANDIDATE_ONLY,Batch10候选：新闻出版和影视制作默认轻画像，印刷/制作工序触发VOCs/危废。
BATCH10_GB4754_8720,8720,电视,87,广播、电视、电影和录音制作业,872,电视,NEED_CONFIRM,"[""SCN_BASE_PRODUCTION_SOLID_NOISE_LEDGER""]","[""SCN_VOCS_SOLVENT_AND_TREATMENT"", ""SCN_HAZWASTE_STORAGE_TRANSFER""]","[""GB/T 4754-2017 industry_catalog_base.csv"", ""固定污染源排污许可分类管理名录(2019年版)表格级抽取与条件规则化草案，仅作为候选召回依据"", ""scenario_templates.json v0.1 复用；不新增运行时模板""]",LOW,"[""企业实际经营、生产、服务或作业活动是否与营业执照行业一致？"", ""环评、批复、排污许可、登记回执、监测报告或现场事实中载明的主要污染物、设施和排口是什么？"", ""是否涉及锅炉、工业炉窑、污水处理、表面处理、喷涂、危废暂存、在线监测、事故水或其他通用工序？"", ""是否有印刷出版、影视制作化妆/布景喷涂、洗印、录音棚噪声或危废暂存？""]",CANDIDATE_ONLY,Batch10候选：新闻出版和影视制作默认轻画像，印刷/制作工序触发VOCs/危废。
BATCH10_GB4754_8730,8730,影视节目制作,87,广播、电视、电影和录音制作业,873,影视节目制作,NEED_CONFIRM,"[""SCN_BASE_PRODUCTION_SOLID_NOISE_LEDGER""]","[""SCN_VOCS_SOLVENT_AND_TREATMENT"", ""SCN_HAZWASTE_STORAGE_TRANSFER""]","[""GB/T 4754-2017 industry_catalog_base.csv"", ""固定污染源排污许可分类管理名录(2019年版)表格级抽取与条件规则化草案，仅作为候选召回依据"", ""scenario_templates.json v0.1 复用；不新增运行时模板""]",LOW,"[""企业实际经营、生产、服务或作业活动是否与营业执照行业一致？"", ""环评、批复、排污许可、登记回执、监测报告或现场事实中载明的主要污染物、设施和排口是什么？"", ""是否涉及锅炉、工业炉窑、污水处理、表面处理、喷涂、危废暂存、在线监测、事故水或其他通用工序？"", ""是否有印刷出版、影视制作化妆/布景喷涂、洗印、录音棚噪声或危废暂存？""]",CANDIDATE_ONLY,Batch10候选：新闻出版和影视制作默认轻画像，印刷/制作工序触发VOCs/危废。
BATCH10_GB4754_8740,8740,广播电视集成播控,87,广播、电视、电影和录音制作业,874,广播电视集成播控,NEED_CONFIRM,"[""SCN_BASE_PRODUCTION_SOLID_NOISE_LEDGER""]","[""SCN_VOCS_SOLVENT_AND_TREATMENT"", ""SCN_HAZWASTE_STORAGE_TRANSFER""]","[""GB/T 4754-2017 industry_catalog_base.csv"", ""固定污染源排污许可分类管理名录(2019年版)表格级抽取与条件规则化草案，仅作为候选召回依据"", ""scenario_templates.json v0.1 复用；不新增运行时模板""]",LOW,"[""企业实际经营、生产、服务或作业活动是否与营业执照行业一致？"", ""环评、批复、排污许可、登记回执、监测报告或现场事实中载明的主要污染物、设施和排口是什么？"", ""是否涉及锅炉、工业炉窑、污水处理、表面处理、喷涂、危废暂存、在线监测、事故水或其他通用工序？"", ""是否有印刷出版、影视制作化妆/布景喷涂、洗印、录音棚噪声或危废暂存？""]",CANDIDATE_ONLY,Batch10候选：新闻出版和影视制作默认轻画像，印刷/制作工序触发VOCs/危废。
BATCH10_GB4754_8750,8750,电影和广播电视节目发行,87,广播、电视、电影和录音制作业,875,电影和广播电视节目发行,NEED_CONFIRM,"[""SCN_BASE_PRODUCTION_SOLID_NOISE_LEDGER""]","[""SCN_VOCS_SOLVENT_AND_TREATMENT"", ""SCN_HAZWASTE_STORAGE_TRANSFER""]","[""GB/T 4754-2017 industry_catalog_base.csv"", ""固定污染源排污许可分类管理名录(2019年版)表格级抽取与条件规则化草案，仅作为候选召回依据"", ""scenario_templates.json v0.1 复用；不新增运行时模板""]",LOW,"[""企业实际经营、生产、服务或作业活动是否与营业执照行业一致？"", ""环评、批复、排污许可、登记回执、监测报告或现场事实中载明的主要污染物、设施和排口是什么？"", ""是否涉及锅炉、工业炉窑、污水处理、表面处理、喷涂、危废暂存、在线监测、事故水或其他通用工序？"", ""是否有印刷出版、影视制作化妆/布景喷涂、洗印、录音棚噪声或危废暂存？""]",CANDIDATE_ONLY,Batch10候选：新闻出版和影视制作默认轻画像，印刷/制作工序触发VOCs/危废。
BATCH10_GB4754_8760,8760,电影放映,87,广播、电视、电影和录音制作业,876,电影放映,NEED_CONFIRM,"[""SCN_BASE_PRODUCTION_SOLID_NOISE_LEDGER""]","[""SCN_VOCS_SOLVENT_AND_TREATMENT"", ""SCN_HAZWASTE_STORAGE_TRANSFER""]","[""GB/T 4754-2017 industry_catalog_base.csv"", ""固定污染源排污许可分类管理名录(2019年版)表格级抽取与条件规则化草案，仅作为候选召回依据"", ""scenario_templates.json v0.1 复用；不新增运行时模板""]",LOW,"[""企业实际经营、生产、服务或作业活动是否与营业执照行业一致？"", ""环评、批复、排污许可、登记回执、监测报告或现场事实中载明的主要污染物、设施和排口是什么？"", ""是否涉及锅炉、工业炉窑、污水处理、表面处理、喷涂、危废暂存、在线监测、事故水或其他通用工序？"", ""是否有印刷出版、影视制作化妆/布景喷涂、洗印、录音棚噪声或危废暂存？""]",CANDIDATE_ONLY,Batch10候选：新闻出版和影视制作默认轻画像，印刷/制作工序触发VOCs/危废。
BATCH10_GB4754_8770,8770,录音制作,87,广播、电视、电影和录音制作业,877,录音制作,NEED_CONFIRM,"[""SCN_BASE_PRODUCTION_SOLID_NOISE_LEDGER""]","[""SCN_VOCS_SOLVENT_AND_TREATMENT"", ""SCN_HAZWASTE_STORAGE_TRANSFER""]","[""GB/T 4754-2017 industry_catalog_base.csv"", ""固定污染源排污许可分类管理名录(2019年版)表格级抽取与条件规则化草案，仅作为候选召回依据"", ""scenario_templates.json v0.1 复用；不新增运行时模板""]",LOW,"[""企业实际经营、生产、服务或作业活动是否与营业执照行业一致？"", ""环评、批复、排污许可、登记回执、监测报告或现场事实中载明的主要污染物、设施和排口是什么？"", ""是否涉及锅炉、工业炉窑、污水处理、表面处理、喷涂、危废暂存、在线监测、事故水或其他通用工序？"", ""是否有印刷出版、影视制作化妆/布景喷涂、洗印、录音棚噪声或危废暂存？""]",CANDIDATE_ONLY,Batch10候选：新闻出版和影视制作默认轻画像，印刷/制作工序触发VOCs/危废。
BATCH10_GB4754_8810,8810,文艺创作与表演,88,文化艺术业,881,文艺创作与表演,NEED_CONFIRM,"[""SCN_BASE_PRODUCTION_SOLID_NOISE_LEDGER""]","[""SCN_WW_PROCESS_AND_TREATMENT"", ""SCN_HAZWASTE_STORAGE_TRANSFER""]","[""GB/T 4754-2017 industry_catalog_base.csv"", ""固定污染源排污许可分类管理名录(2019年版)表格级抽取与条件规则化草案，仅作为候选召回依据"", ""scenario_templates.json v0.1 复用；不新增运行时模板""]",LOW,"[""企业实际经营、生产、服务或作业活动是否与营业执照行业一致？"", ""环评、批复、排污许可、登记回执、监测报告或现场事实中载明的主要污染物、设施和排口是什么？"", ""是否涉及锅炉、工业炉窑、污水处理、表面处理、喷涂、危废暂存、在线监测、事故水或其他通用工序？"", ""是否有大型场馆、泳池水处理、餐饮、舞台烟雾/喷涂、噪声扰民或危废暂存？""]",CANDIDATE_ONLY,Batch10候选：文化体育娱乐以公共场所运营和噪声/污水/药剂确认。
BATCH10_GB4754_8820,8820,艺术表演场馆,88,文化艺术业,882,艺术表演场馆,NEED_CONFIRM,"[""SCN_BASE_PRODUCTION_SOLID_NOISE_LEDGER""]","[""SCN_WW_PROCESS_AND_TREATMENT"", ""SCN_HAZWASTE_STORAGE_TRANSFER""]","[""GB/T 4754-2017 industry_catalog_base.csv"", ""固定污染源排污许可分类管理名录(2019年版)表格级抽取与条件规则化草案，仅作为候选召回依据"", ""scenario_templates.json v0.1 复用；不新增运行时模板""]",LOW,"[""企业实际经营、生产、服务或作业活动是否与营业执照行业一致？"", ""环评、批复、排污许可、登记回执、监测报告或现场事实中载明的主要污染物、设施和排口是什么？"", ""是否涉及锅炉、工业炉窑、污水处理、表面处理、喷涂、危废暂存、在线监测、事故水或其他通用工序？"", ""是否有大型场馆、泳池水处理、餐饮、舞台烟雾/喷涂、噪声扰民或危废暂存？""]",CANDIDATE_ONLY,Batch10候选：文化体育娱乐以公共场所运营和噪声/污水/药剂确认。
BATCH10_GB4754_8831,8831,图书馆,88,文化艺术业,883,图书馆与档案馆,NEED_CONFIRM,"[""SCN_BASE_PRODUCTION_SOLID_NOISE_LEDGER""]","[""SCN_WW_PROCESS_AND_TREATMENT"", ""SCN_HAZWASTE_STORAGE_TRANSFER""]","[""GB/T 4754-2017 industry_catalog_base.csv"", ""固定污染源排污许可分类管理名录(2019年版)表格级抽取与条件规则化草案，仅作为候选召回依据"", ""scenario_templates.json v0.1 复用；不新增运行时模板""]",LOW,"[""企业实际经营、生产、服务或作业活动是否与营业执照行业一致？"", ""环评、批复、排污许可、登记回执、监测报告或现场事实中载明的主要污染物、设施和排口是什么？"", ""是否涉及锅炉、工业炉窑、污水处理、表面处理、喷涂、危废暂存、在线监测、事故水或其他通用工序？"", ""是否有大型场馆、泳池水处理、餐饮、舞台烟雾/喷涂、噪声扰民或危废暂存？""]",CANDIDATE_ONLY,Batch10候选：文化体育娱乐以公共场所运营和噪声/污水/药剂确认。
BATCH10_GB4754_8832,8832,档案馆,88,文化艺术业,883,图书馆与档案馆,NEED_CONFIRM,"[""SCN_BASE_PRODUCTION_SOLID_NOISE_LEDGER""]","[""SCN_WW_PROCESS_AND_TREATMENT"", ""SCN_HAZWASTE_STORAGE_TRANSFER""]","[""GB/T 4754-2017 industry_catalog_base.csv"", ""固定污染源排污许可分类管理名录(2019年版)表格级抽取与条件规则化草案，仅作为候选召回依据"", ""scenario_templates.json v0.1 复用；不新增运行时模板""]",LOW,"[""企业实际经营、生产、服务或作业活动是否与营业执照行业一致？"", ""环评、批复、排污许可、登记回执、监测报告或现场事实中载明的主要污染物、设施和排口是什么？"", ""是否涉及锅炉、工业炉窑、污水处理、表面处理、喷涂、危废暂存、在线监测、事故水或其他通用工序？"", ""是否有大型场馆、泳池水处理、餐饮、舞台烟雾/喷涂、噪声扰民或危废暂存？""]",CANDIDATE_ONLY,Batch10候选：文化体育娱乐以公共场所运营和噪声/污水/药剂确认。
BATCH10_GB4754_8840,8840,文物及非物质文化遗产保护,88,文化艺术业,884,文物及非物质文化遗产保护,NEED_CONFIRM,"[""SCN_BASE_PRODUCTION_SOLID_NOISE_LEDGER""]","[""SCN_WW_PROCESS_AND_TREATMENT"", ""SCN_HAZWASTE_STORAGE_TRANSFER""]","[""GB/T 4754-2017 industry_catalog_base.csv"", ""固定污染源排污许可分类管理名录(2019年版)表格级抽取与条件规则化草案，仅作为候选召回依据"", ""scenario_templates.json v0.1 复用；不新增运行时模板""]",LOW,"[""企业实际经营、生产、服务或作业活动是否与营业执照行业一致？"", ""环评、批复、排污许可、登记回执、监测报告或现场事实中载明的主要污染物、设施和排口是什么？"", ""是否涉及锅炉、工业炉窑、污水处理、表面处理、喷涂、危废暂存、在线监测、事故水或其他通用工序？"", ""是否有大型场馆、泳池水处理、餐饮、舞台烟雾/喷涂、噪声扰民或危废暂存？""]",CANDIDATE_ONLY,Batch10候选：文化体育娱乐以公共场所运营和噪声/污水/药剂确认。
BATCH10_GB4754_8850,8850,博物馆,88,文化艺术业,885,博物馆,NEED_CONFIRM,"[""SCN_BASE_PRODUCTION_SOLID_NOISE_LEDGER""]","[""SCN_WW_PROCESS_AND_TREATMENT"", ""SCN_HAZWASTE_STORAGE_TRANSFER""]","[""GB/T 4754-2017 industry_catalog_base.csv"", ""固定污染源排污许可分类管理名录(2019年版)表格级抽取与条件规则化草案，仅作为候选召回依据"", ""scenario_templates.json v0.1 复用；不新增运行时模板""]",LOW,"[""企业实际经营、生产、服务或作业活动是否与营业执照行业一致？"", ""环评、批复、排污许可、登记回执、监测报告或现场事实中载明的主要污染物、设施和排口是什么？"", ""是否涉及锅炉、工业炉窑、污水处理、表面处理、喷涂、危废暂存、在线监测、事故水或其他通用工序？"", ""是否有大型场馆、泳池水处理、餐饮、舞台烟雾/喷涂、噪声扰民或危废暂存？""]",CANDIDATE_ONLY,Batch10候选：文化体育娱乐以公共场所运营和噪声/污水/药剂确认。
BATCH10_GB4754_8860,8860,烈士陵园、纪念馆,88,文化艺术业,886,烈士陵园、纪念馆,NEED_CONFIRM,"[""SCN_BASE_PRODUCTION_SOLID_NOISE_LEDGER""]","[""SCN_WW_PROCESS_AND_TREATMENT"", ""SCN_HAZWASTE_STORAGE_TRANSFER""]","[""GB/T 4754-2017 industry_catalog_base.csv"", ""固定污染源排污许可分类管理名录(2019年版)表格级抽取与条件规则化草案，仅作为候选召回依据"", ""scenario_templates.json v0.1 复用；不新增运行时模板""]",LOW,"[""企业实际经营、生产、服务或作业活动是否与营业执照行业一致？"", ""环评、批复、排污许可、登记回执、监测报告或现场事实中载明的主要污染物、设施和排口是什么？"", ""是否涉及锅炉、工业炉窑、污水处理、表面处理、喷涂、危废暂存、在线监测、事故水或其他通用工序？"", ""是否有大型场馆、泳池水处理、餐饮、舞台烟雾/喷涂、噪声扰民或危废暂存？""]",CANDIDATE_ONLY,Batch10候选：文化体育娱乐以公共场所运营和噪声/污水/药剂确认。
BATCH10_GB4754_8870,8870,群众文体活动,88,文化艺术业,887,群众文体活动,NEED_CONFIRM,"[""SCN_BASE_PRODUCTION_SOLID_NOISE_LEDGER""]","[""SCN_WW_PROCESS_AND_TREATMENT"", ""SCN_HAZWASTE_STORAGE_TRANSFER""]","[""GB/T 4754-2017 industry_catalog_base.csv"", ""固定污染源排污许可分类管理名录(2019年版)表格级抽取与条件规则化草案，仅作为候选召回依据"", ""scenario_templates.json v0.1 复用；不新增运行时模板""]",LOW,"[""企业实际经营、生产、服务或作业活动是否与营业执照行业一致？"", ""环评、批复、排污许可、登记回执、监测报告或现场事实中载明的主要污染物、设施和排口是什么？"", ""是否涉及锅炉、工业炉窑、污水处理、表面处理、喷涂、危废暂存、在线监测、事故水或其他通用工序？"", ""是否有大型场馆、泳池水处理、餐饮、舞台烟雾/喷涂、噪声扰民或危废暂存？""]",CANDIDATE_ONLY,Batch10候选：文化体育娱乐以公共场所运营和噪声/污水/药剂确认。
BATCH10_GB4754_8890,8890,其他文化艺术业,88,文化艺术业,889,其他文化艺术业,NEED_CONFIRM,"[""SCN_BASE_PRODUCTION_SOLID_NOISE_LEDGER""]","[""SCN_WW_PROCESS_AND_TREATMENT"", ""SCN_HAZWASTE_STORAGE_TRANSFER""]","[""GB/T 4754-2017 industry_catalog_base.csv"", ""固定污染源排污许可分类管理名录(2019年版)表格级抽取与条件规则化草案，仅作为候选召回依据"", ""scenario_templates.json v0.1 复用；不新增运行时模板""]",LOW,"[""企业实际经营、生产、服务或作业活动是否与营业执照行业一致？"", ""环评、批复、排污许可、登记回执、监测报告或现场事实中载明的主要污染物、设施和排口是什么？"", ""是否涉及锅炉、工业炉窑、污水处理、表面处理、喷涂、危废暂存、在线监测、事故水或其他通用工序？"", ""是否有大型场馆、泳池水处理、餐饮、舞台烟雾/喷涂、噪声扰民或危废暂存？""]",CANDIDATE_ONLY,Batch10候选：文化体育娱乐以公共场所运营和噪声/污水/药剂确认。
BATCH10_GB4754_8911,8911,体育竞赛组织,89,体育,891,体育组织,NEED_CONFIRM,"[""SCN_BASE_PRODUCTION_SOLID_NOISE_LEDGER""]","[""SCN_WW_PROCESS_AND_TREATMENT"", ""SCN_HAZWASTE_STORAGE_TRANSFER""]","[""GB/T 4754-2017 industry_catalog_base.csv"", ""固定污染源排污许可分类管理名录(2019年版)表格级抽取与条件规则化草案，仅作为候选召回依据"", ""scenario_templates.json v0.1 复用；不新增运行时模板""]",LOW,"[""企业实际经营、生产、服务或作业活动是否与营业执照行业一致？"", ""环评、批复、排污许可、登记回执、监测报告或现场事实中载明的主要污染物、设施和排口是什么？"", ""是否涉及锅炉、工业炉窑、污水处理、表面处理、喷涂、危废暂存、在线监测、事故水或其他通用工序？"", ""是否有大型场馆、泳池水处理、餐饮、舞台烟雾/喷涂、噪声扰民或危废暂存？""]",CANDIDATE_ONLY,Batch10候选：文化体育娱乐以公共场所运营和噪声/污水/药剂确认。
BATCH10_GB4754_8912,8912,体育保障组织,89,体育,891,体育组织,NEED_CONFIRM,"[""SCN_BASE_PRODUCTION_SOLID_NOISE_LEDGER""]","[""SCN_WW_PROCESS_AND_TREATMENT"", ""SCN_HAZWASTE_STORAGE_TRANSFER""]","[""GB/T 4754-2017 industry_catalog_base.csv"", ""固定污染源排污许可分类管理名录(2019年版)表格级抽取与条件规则化草案，仅作为候选召回依据"", ""scenario_templates.json v0.1 复用；不新增运行时模板""]",LOW,"[""企业实际经营、生产、服务或作业活动是否与营业执照行业一致？"", ""环评、批复、排污许可、登记回执、监测报告或现场事实中载明的主要污染物、设施和排口是什么？"", ""是否涉及锅炉、工业炉窑、污水处理、表面处理、喷涂、危废暂存、在线监测、事故水或其他通用工序？"", ""是否有大型场馆、泳池水处理、餐饮、舞台烟雾/喷涂、噪声扰民或危废暂存？""]",CANDIDATE_ONLY,Batch10候选：文化体育娱乐以公共场所运营和噪声/污水/药剂确认。
BATCH10_GB4754_8919,8919,其他体育组织,89,体育,891,体育组织,NEED_CONFIRM,"[""SCN_BASE_PRODUCTION_SOLID_NOISE_LEDGER""]","[""SCN_WW_PROCESS_AND_TREATMENT"", ""SCN_HAZWASTE_STORAGE_TRANSFER""]","[""GB/T 4754-2017 industry_catalog_base.csv"", ""固定污染源排污许可分类管理名录(2019年版)表格级抽取与条件规则化草案，仅作为候选召回依据"", ""scenario_templates.json v0.1 复用；不新增运行时模板""]",LOW,"[""企业实际经营、生产、服务或作业活动是否与营业执照行业一致？"", ""环评、批复、排污许可、登记回执、监测报告或现场事实中载明的主要污染物、设施和排口是什么？"", ""是否涉及锅炉、工业炉窑、污水处理、表面处理、喷涂、危废暂存、在线监测、事故水或其他通用工序？"", ""是否有大型场馆、泳池水处理、餐饮、舞台烟雾/喷涂、噪声扰民或危废暂存？""]",CANDIDATE_ONLY,Batch10候选：文化体育娱乐以公共场所运营和噪声/污水/药剂确认。
BATCH10_GB4754_8921,8921,体育场馆管理,89,体育,892,体育场地设施管理,NEED_CONFIRM,"[""SCN_BASE_PRODUCTION_SOLID_NOISE_LEDGER""]","[""SCN_WW_PROCESS_AND_TREATMENT"", ""SCN_HAZWASTE_STORAGE_TRANSFER""]","[""GB/T 4754-2017 industry_catalog_base.csv"", ""固定污染源排污许可分类管理名录(2019年版)表格级抽取与条件规则化草案，仅作为候选召回依据"", ""scenario_templates.json v0.1 复用；不新增运行时模板""]",LOW,"[""企业实际经营、生产、服务或作业活动是否与营业执照行业一致？"", ""环评、批复、排污许可、登记回执、监测报告或现场事实中载明的主要污染物、设施和排口是什么？"", ""是否涉及锅炉、工业炉窑、污水处理、表面处理、喷涂、危废暂存、在线监测、事故水或其他通用工序？"", ""是否有大型场馆、泳池水处理、餐饮、舞台烟雾/喷涂、噪声扰民或危废暂存？""]",CANDIDATE_ONLY,Batch10候选：文化体育娱乐以公共场所运营和噪声/污水/药剂确认。
BATCH10_GB4754_8929,8929,其他体育场地设施管理,89,体育,892,体育场地设施管理,NEED_CONFIRM,"[""SCN_BASE_PRODUCTION_SOLID_NOISE_LEDGER""]","[""SCN_WW_PROCESS_AND_TREATMENT"", ""SCN_HAZWASTE_STORAGE_TRANSFER""]","[""GB/T 4754-2017 industry_catalog_base.csv"", ""固定污染源排污许可分类管理名录(2019年版)表格级抽取与条件规则化草案，仅作为候选召回依据"", ""scenario_templates.json v0.1 复用；不新增运行时模板""]",LOW,"[""企业实际经营、生产、服务或作业活动是否与营业执照行业一致？"", ""环评、批复、排污许可、登记回执、监测报告或现场事实中载明的主要污染物、设施和排口是什么？"", ""是否涉及锅炉、工业炉窑、污水处理、表面处理、喷涂、危废暂存、在线监测、事故水或其他通用工序？"", ""是否有大型场馆、泳池水处理、餐饮、舞台烟雾/喷涂、噪声扰民或危废暂存？""]",CANDIDATE_ONLY,Batch10候选：文化体育娱乐以公共场所运营和噪声/污水/药剂确认。
BATCH10_GB4754_8930,8930,健身休闲活动,89,体育,893,健身休闲活动,NEED_CONFIRM,"[""SCN_BASE_PRODUCTION_SOLID_NOISE_LEDGER""]","[""SCN_WW_PROCESS_AND_TREATMENT"", ""SCN_HAZWASTE_STORAGE_TRANSFER""]","[""GB/T 4754-2017 industry_catalog_base.csv"", ""固定污染源排污许可分类管理名录(2019年版)表格级抽取与条件规则化草案，仅作为候选召回依据"", ""scenario_templates.json v0.1 复用；不新增运行时模板""]",LOW,"[""企业实际经营、生产、服务或作业活动是否与营业执照行业一致？"", ""环评、批复、排污许可、登记回执、监测报告或现场事实中载明的主要污染物、设施和排口是什么？"", ""是否涉及锅炉、工业炉窑、污水处理、表面处理、喷涂、危废暂存、在线监测、事故水或其他通用工序？"", ""是否有大型场馆、泳池水处理、餐饮、舞台烟雾/喷涂、噪声扰民或危废暂存？""]",CANDIDATE_ONLY,Batch10候选：文化体育娱乐以公共场所运营和噪声/污水/药剂确认。
BATCH10_GB4754_8991,8991,体育中介代理服务,89,体育,899,其他体育,NEED_CONFIRM,"[""SCN_BASE_PRODUCTION_SOLID_NOISE_LEDGER""]","[""SCN_WW_PROCESS_AND_TREATMENT"", ""SCN_HAZWASTE_STORAGE_TRANSFER""]","[""GB/T 4754-2017 industry_catalog_base.csv"", ""固定污染源排污许可分类管理名录(2019年版)表格级抽取与条件规则化草案，仅作为候选召回依据"", ""scenario_templates.json v0.1 复用；不新增运行时模板""]",LOW,"[""企业实际经营、生产、服务或作业活动是否与营业执照行业一致？"", ""环评、批复、排污许可、登记回执、监测报告或现场事实中载明的主要污染物、设施和排口是什么？"", ""是否涉及锅炉、工业炉窑、污水处理、表面处理、喷涂、危废暂存、在线监测、事故水或其他通用工序？"", ""是否有大型场馆、泳池水处理、餐饮、舞台烟雾/喷涂、噪声扰民或危废暂存？""]",CANDIDATE_ONLY,Batch10候选：文化体育娱乐以公共场所运营和噪声/污水/药剂确认。
BATCH10_GB4754_8992,8992,体育健康服务,89,体育,899,其他体育,NEED_CONFIRM,"[""SCN_BASE_PRODUCTION_SOLID_NOISE_LEDGER""]","[""SCN_WW_PROCESS_AND_TREATMENT"", ""SCN_HAZWASTE_STORAGE_TRANSFER""]","[""GB/T 4754-2017 industry_catalog_base.csv"", ""固定污染源排污许可分类管理名录(2019年版)表格级抽取与条件规则化草案，仅作为候选召回依据"", ""scenario_templates.json v0.1 复用；不新增运行时模板""]",LOW,"[""企业实际经营、生产、服务或作业活动是否与营业执照行业一致？"", ""环评、批复、排污许可、登记回执、监测报告或现场事实中载明的主要污染物、设施和排口是什么？"", ""是否涉及锅炉、工业炉窑、污水处理、表面处理、喷涂、危废暂存、在线监测、事故水或其他通用工序？"", ""是否有大型场馆、泳池水处理、餐饮、舞台烟雾/喷涂、噪声扰民或危废暂存？""]",CANDIDATE_ONLY,Batch10候选：文化体育娱乐以公共场所运营和噪声/污水/药剂确认。
BATCH10_GB4754_8999,8999,其他未列明体育,89,体育,899,其他体育,NEED_CONFIRM,"[""SCN_BASE_PRODUCTION_SOLID_NOISE_LEDGER""]","[""SCN_WW_PROCESS_AND_TREATMENT"", ""SCN_HAZWASTE_STORAGE_TRANSFER""]","[""GB/T 4754-2017 industry_catalog_base.csv"", ""固定污染源排污许可分类管理名录(2019年版)表格级抽取与条件规则化草案，仅作为候选召回依据"", ""scenario_templates.json v0.1 复用；不新增运行时模板""]",LOW,"[""企业实际经营、生产、服务或作业活动是否与营业执照行业一致？"", ""环评、批复、排污许可、登记回执、监测报告或现场事实中载明的主要污染物、设施和排口是什么？"", ""是否涉及锅炉、工业炉窑、污水处理、表面处理、喷涂、危废暂存、在线监测、事故水或其他通用工序？"", ""是否有大型场馆、泳池水处理、餐饮、舞台烟雾/喷涂、噪声扰民或危废暂存？""]",CANDIDATE_ONLY,Batch10候选：文化体育娱乐以公共场所运营和噪声/污水/药剂确认。
BATCH10_GB4754_9011,9011,歌舞厅娱乐活动,90,娱乐业,901,室内娱乐活动,NEED_CONFIRM,"[""SCN_BASE_PRODUCTION_SOLID_NOISE_LEDGER""]","[""SCN_WW_PROCESS_AND_TREATMENT"", ""SCN_HAZWASTE_STORAGE_TRANSFER""]","[""GB/T 4754-2017 industry_catalog_base.csv"", ""固定污染源排污许可分类管理名录(2019年版)表格级抽取与条件规则化草案，仅作为候选召回依据"", ""scenario_templates.json v0.1 复用；不新增运行时模板""]",LOW,"[""企业实际经营、生产、服务或作业活动是否与营业执照行业一致？"", ""环评、批复、排污许可、登记回执、监测报告或现场事实中载明的主要污染物、设施和排口是什么？"", ""是否涉及锅炉、工业炉窑、污水处理、表面处理、喷涂、危废暂存、在线监测、事故水或其他通用工序？"", ""是否有大型场馆、泳池水处理、餐饮、舞台烟雾/喷涂、噪声扰民或危废暂存？""]",CANDIDATE_ONLY,Batch10候选：文化体育娱乐以公共场所运营和噪声/污水/药剂确认。
BATCH10_GB4754_9012,9012,电子游艺厅娱乐活动,90,娱乐业,901,室内娱乐活动,NEED_CONFIRM,"[""SCN_BASE_PRODUCTION_SOLID_NOISE_LEDGER""]","[""SCN_WW_PROCESS_AND_TREATMENT"", ""SCN_HAZWASTE_STORAGE_TRANSFER""]","[""GB/T 4754-2017 industry_catalog_base.csv"", ""固定污染源排污许可分类管理名录(2019年版)表格级抽取与条件规则化草案，仅作为候选召回依据"", ""scenario_templates.json v0.1 复用；不新增运行时模板""]",LOW,"[""企业实际经营、生产、服务或作业活动是否与营业执照行业一致？"", ""环评、批复、排污许可、登记回执、监测报告或现场事实中载明的主要污染物、设施和排口是什么？"", ""是否涉及锅炉、工业炉窑、污水处理、表面处理、喷涂、危废暂存、在线监测、事故水或其他通用工序？"", ""是否有大型场馆、泳池水处理、餐饮、舞台烟雾/喷涂、噪声扰民或危废暂存？""]",CANDIDATE_ONLY,Batch10候选：文化体育娱乐以公共场所运营和噪声/污水/药剂确认。
BATCH10_GB4754_9013,9013,网吧活动,90,娱乐业,901,室内娱乐活动,NEED_CONFIRM,"[""SCN_BASE_PRODUCTION_SOLID_NOISE_LEDGER""]","[""SCN_WW_PROCESS_AND_TREATMENT"", ""SCN_HAZWASTE_STORAGE_TRANSFER""]","[""GB/T 4754-2017 industry_catalog_base.csv"", ""固定污染源排污许可分类管理名录(2019年版)表格级抽取与条件规则化草案，仅作为候选召回依据"", ""scenario_templates.json v0.1 复用；不新增运行时模板""]",LOW,"[""企业实际经营、生产、服务或作业活动是否与营业执照行业一致？"", ""环评、批复、排污许可、登记回执、监测报告或现场事实中载明的主要污染物、设施和排口是什么？"", ""是否涉及锅炉、工业炉窑、污水处理、表面处理、喷涂、危废暂存、在线监测、事故水或其他通用工序？"", ""是否有大型场馆、泳池水处理、餐饮、舞台烟雾/喷涂、噪声扰民或危废暂存？""]",CANDIDATE_ONLY,Batch10候选：文化体育娱乐以公共场所运营和噪声/污水/药剂确认。
BATCH10_GB4754_9019,9019,其他室内娱乐活动,90,娱乐业,901,室内娱乐活动,NEED_CONFIRM,"[""SCN_BASE_PRODUCTION_SOLID_NOISE_LEDGER""]","[""SCN_WW_PROCESS_AND_TREATMENT"", ""SCN_HAZWASTE_STORAGE_TRANSFER""]","[""GB/T 4754-2017 industry_catalog_base.csv"", ""固定污染源排污许可分类管理名录(2019年版)表格级抽取与条件规则化草案，仅作为候选召回依据"", ""scenario_templates.json v0.1 复用；不新增运行时模板""]",LOW,"[""企业实际经营、生产、服务或作业活动是否与营业执照行业一致？"", ""环评、批复、排污许可、登记回执、监测报告或现场事实中载明的主要污染物、设施和排口是什么？"", ""是否涉及锅炉、工业炉窑、污水处理、表面处理、喷涂、危废暂存、在线监测、事故水或其他通用工序？"", ""是否有大型场馆、泳池水处理、餐饮、舞台烟雾/喷涂、噪声扰民或危废暂存？""]",CANDIDATE_ONLY,Batch10候选：文化体育娱乐以公共场所运营和噪声/污水/药剂确认。
BATCH10_GB4754_9020,9020,游乐园,90,娱乐业,902,游乐园,NEED_CONFIRM,"[""SCN_BASE_PRODUCTION_SOLID_NOISE_LEDGER""]","[""SCN_WW_PROCESS_AND_TREATMENT"", ""SCN_HAZWASTE_STORAGE_TRANSFER""]","[""GB/T 4754-2017 industry_catalog_base.csv"", ""固定污染源排污许可分类管理名录(2019年版)表格级抽取与条件规则化草案，仅作为候选召回依据"", ""scenario_templates.json v0.1 复用；不新增运行时模板""]",LOW,"[""企业实际经营、生产、服务或作业活动是否与营业执照行业一致？"", ""环评、批复、排污许可、登记回执、监测报告或现场事实中载明的主要污染物、设施和排口是什么？"", ""是否涉及锅炉、工业炉窑、污水处理、表面处理、喷涂、危废暂存、在线监测、事故水或其他通用工序？"", ""是否有大型场馆、泳池水处理、餐饮、舞台烟雾/喷涂、噪声扰民或危废暂存？""]",CANDIDATE_ONLY,Batch10候选：文化体育娱乐以公共场所运营和噪声/污水/药剂确认。
BATCH10_GB4754_9030,9030,休闲观光活动,90,娱乐业,903,休闲观光活动,NEED_CONFIRM,"[""SCN_BASE_PRODUCTION_SOLID_NOISE_LEDGER""]","[""SCN_WW_PROCESS_AND_TREATMENT"", ""SCN_HAZWASTE_STORAGE_TRANSFER""]","[""GB/T 4754-2017 industry_catalog_base.csv"", ""固定污染源排污许可分类管理名录(2019年版)表格级抽取与条件规则化草案，仅作为候选召回依据"", ""scenario_templates.json v0.1 复用；不新增运行时模板""]",LOW,"[""企业实际经营、生产、服务或作业活动是否与营业执照行业一致？"", ""环评、批复、排污许可、登记回执、监测报告或现场事实中载明的主要污染物、设施和排口是什么？"", ""是否涉及锅炉、工业炉窑、污水处理、表面处理、喷涂、危废暂存、在线监测、事故水或其他通用工序？"", ""是否有大型场馆、泳池水处理、餐饮、舞台烟雾/喷涂、噪声扰民或危废暂存？""]",CANDIDATE_ONLY,Batch10候选：文化体育娱乐以公共场所运营和噪声/污水/药剂确认。
BATCH10_GB4754_9041,9041,体育彩票服务,90,娱乐业,904,彩票活动,NEED_CONFIRM,"[""SCN_BASE_PRODUCTION_SOLID_NOISE_LEDGER""]","[""SCN_WW_PROCESS_AND_TREATMENT"", ""SCN_HAZWASTE_STORAGE_TRANSFER""]","[""GB/T 4754-2017 industry_catalog_base.csv"", ""固定污染源排污许可分类管理名录(2019年版)表格级抽取与条件规则化草案，仅作为候选召回依据"", ""scenario_templates.json v0.1 复用；不新增运行时模板""]",LOW,"[""企业实际经营、生产、服务或作业活动是否与营业执照行业一致？"", ""环评、批复、排污许可、登记回执、监测报告或现场事实中载明的主要污染物、设施和排口是什么？"", ""是否涉及锅炉、工业炉窑、污水处理、表面处理、喷涂、危废暂存、在线监测、事故水或其他通用工序？"", ""是否有大型场馆、泳池水处理、餐饮、舞台烟雾/喷涂、噪声扰民或危废暂存？""]",CANDIDATE_ONLY,Batch10候选：文化体育娱乐以公共场所运营和噪声/污水/药剂确认。
BATCH10_GB4754_9042,9042,福利彩票服务,90,娱乐业,904,彩票活动,NEED_CONFIRM,"[""SCN_BASE_PRODUCTION_SOLID_NOISE_LEDGER""]","[""SCN_WW_PROCESS_AND_TREATMENT"", ""SCN_HAZWASTE_STORAGE_TRANSFER""]","[""GB/T 4754-2017 industry_catalog_base.csv"", ""固定污染源排污许可分类管理名录(2019年版)表格级抽取与条件规则化草案，仅作为候选召回依据"", ""scenario_templates.json v0.1 复用；不新增运行时模板""]",LOW,"[""企业实际经营、生产、服务或作业活动是否与营业执照行业一致？"", ""环评、批复、排污许可、登记回执、监测报告或现场事实中载明的主要污染物、设施和排口是什么？"", ""是否涉及锅炉、工业炉窑、污水处理、表面处理、喷涂、危废暂存、在线监测、事故水或其他通用工序？"", ""是否有大型场馆、泳池水处理、餐饮、舞台烟雾/喷涂、噪声扰民或危废暂存？""]",CANDIDATE_ONLY,Batch10候选：文化体育娱乐以公共场所运营和噪声/污水/药剂确认。
BATCH10_GB4754_9049,9049,其他彩票服务,90,娱乐业,904,彩票活动,NEED_CONFIRM,"[""SCN_BASE_PRODUCTION_SOLID_NOISE_LEDGER""]","[""SCN_WW_PROCESS_AND_TREATMENT"", ""SCN_HAZWASTE_STORAGE_TRANSFER""]","[""GB/T 4754-2017 industry_catalog_base.csv"", ""固定污染源排污许可分类管理名录(2019年版)表格级抽取与条件规则化草案，仅作为候选召回依据"", ""scenario_templates.json v0.1 复用；不新增运行时模板""]",LOW,"[""企业实际经营、生产、服务或作业活动是否与营业执照行业一致？"", ""环评、批复、排污许可、登记回执、监测报告或现场事实中载明的主要污染物、设施和排口是什么？"", ""是否涉及锅炉、工业炉窑、污水处理、表面处理、喷涂、危废暂存、在线监测、事故水或其他通用工序？"", ""是否有大型场馆、泳池水处理、餐饮、舞台烟雾/喷涂、噪声扰民或危废暂存？""]",CANDIDATE_ONLY,Batch10候选：文化体育娱乐以公共场所运营和噪声/污水/药剂确认。
BATCH10_GB4754_9051,9051,文化活动服务,90,娱乐业,905,文化体育娱乐活动与经纪代理服务,NEED_CONFIRM,"[""SCN_BASE_PRODUCTION_SOLID_NOISE_LEDGER""]","[""SCN_WW_PROCESS_AND_TREATMENT"", ""SCN_HAZWASTE_STORAGE_TRANSFER""]","[""GB/T 4754-2017 industry_catalog_base.csv"", ""固定污染源排污许可分类管理名录(2019年版)表格级抽取与条件规则化草案，仅作为候选召回依据"", ""scenario_templates.json v0.1 复用；不新增运行时模板""]",LOW,"[""企业实际经营、生产、服务或作业活动是否与营业执照行业一致？"", ""环评、批复、排污许可、登记回执、监测报告或现场事实中载明的主要污染物、设施和排口是什么？"", ""是否涉及锅炉、工业炉窑、污水处理、表面处理、喷涂、危废暂存、在线监测、事故水或其他通用工序？"", ""是否有大型场馆、泳池水处理、餐饮、舞台烟雾/喷涂、噪声扰民或危废暂存？""]",CANDIDATE_ONLY,Batch10候选：文化体育娱乐以公共场所运营和噪声/污水/药剂确认。
BATCH10_GB4754_9052,9052,体育表演服务,90,娱乐业,905,文化体育娱乐活动与经纪代理服务,NEED_CONFIRM,"[""SCN_BASE_PRODUCTION_SOLID_NOISE_LEDGER""]","[""SCN_WW_PROCESS_AND_TREATMENT"", ""SCN_HAZWASTE_STORAGE_TRANSFER""]","[""GB/T 4754-2017 industry_catalog_base.csv"", ""固定污染源排污许可分类管理名录(2019年版)表格级抽取与条件规则化草案，仅作为候选召回依据"", ""scenario_templates.json v0.1 复用；不新增运行时模板""]",LOW,"[""企业实际经营、生产、服务或作业活动是否与营业执照行业一致？"", ""环评、批复、排污许可、登记回执、监测报告或现场事实中载明的主要污染物、设施和排口是什么？"", ""是否涉及锅炉、工业炉窑、污水处理、表面处理、喷涂、危废暂存、在线监测、事故水或其他通用工序？"", ""是否有大型场馆、泳池水处理、餐饮、舞台烟雾/喷涂、噪声扰民或危废暂存？""]",CANDIDATE_ONLY,Batch10候选：文化体育娱乐以公共场所运营和噪声/污水/药剂确认。
BATCH10_GB4754_9053,9053,文化娱乐经纪人,90,娱乐业,905,文化体育娱乐活动与经纪代理服务,NEED_CONFIRM,"[""SCN_BASE_PRODUCTION_SOLID_NOISE_LEDGER""]","[""SCN_WW_PROCESS_AND_TREATMENT"", ""SCN_HAZWASTE_STORAGE_TRANSFER""]","[""GB/T 4754-2017 industry_catalog_base.csv"", ""固定污染源排污许可分类管理名录(2019年版)表格级抽取与条件规则化草案，仅作为候选召回依据"", ""scenario_templates.json v0.1 复用；不新增运行时模板""]",LOW,"[""企业实际经营、生产、服务或作业活动是否与营业执照行业一致？"", ""环评、批复、排污许可、登记回执、监测报告或现场事实中载明的主要污染物、设施和排口是什么？"", ""是否涉及锅炉、工业炉窑、污水处理、表面处理、喷涂、危废暂存、在线监测、事故水或其他通用工序？"", ""是否有大型场馆、泳池水处理、餐饮、舞台烟雾/喷涂、噪声扰民或危废暂存？""]",CANDIDATE_ONLY,Batch10候选：文化体育娱乐以公共场所运营和噪声/污水/药剂确认。
BATCH10_GB4754_9054,9054,体育经纪人,90,娱乐业,905,文化体育娱乐活动与经纪代理服务,NEED_CONFIRM,"[""SCN_BASE_PRODUCTION_SOLID_NOISE_LEDGER""]","[""SCN_WW_PROCESS_AND_TREATMENT"", ""SCN_HAZWASTE_STORAGE_TRANSFER""]","[""GB/T 4754-2017 industry_catalog_base.csv"", ""固定污染源排污许可分类管理名录(2019年版)表格级抽取与条件规则化草案，仅作为候选召回依据"", ""scenario_templates.json v0.1 复用；不新增运行时模板""]",LOW,"[""企业实际经营、生产、服务或作业活动是否与营业执照行业一致？"", ""环评、批复、排污许可、登记回执、监测报告或现场事实中载明的主要污染物、设施和排口是什么？"", ""是否涉及锅炉、工业炉窑、污水处理、表面处理、喷涂、危废暂存、在线监测、事故水或其他通用工序？"", ""是否有大型场馆、泳池水处理、餐饮、舞台烟雾/喷涂、噪声扰民或危废暂存？""]",CANDIDATE_ONLY,Batch10候选：文化体育娱乐以公共场所运营和噪声/污水/药剂确认。
BATCH10_GB4754_9059,9059,其他文化艺术经纪代理,90,娱乐业,905,文化体育娱乐活动与经纪代理服务,NEED_CONFIRM,"[""SCN_BASE_PRODUCTION_SOLID_NOISE_LEDGER""]","[""SCN_WW_PROCESS_AND_TREATMENT"", ""SCN_HAZWASTE_STORAGE_TRANSFER""]","[""GB/T 4754-2017 industry_catalog_base.csv"", ""固定污染源排污许可分类管理名录(2019年版)表格级抽取与条件规则化草案，仅作为候选召回依据"", ""scenario_templates.json v0.1 复用；不新增运行时模板""]",LOW,"[""企业实际经营、生产、服务或作业活动是否与营业执照行业一致？"", ""环评、批复、排污许可、登记回执、监测报告或现场事实中载明的主要污染物、设施和排口是什么？"", ""是否涉及锅炉、工业炉窑、污水处理、表面处理、喷涂、危废暂存、在线监测、事故水或其他通用工序？"", ""是否有大型场馆、泳池水处理、餐饮、舞台烟雾/喷涂、噪声扰民或危废暂存？""]",CANDIDATE_ONLY,Batch10候选：文化体育娱乐以公共场所运营和噪声/污水/药剂确认。
BATCH10_GB4754_9090,9090,其他娱乐业,90,娱乐业,909,其他娱乐业,NEED_CONFIRM,"[""SCN_BASE_PRODUCTION_SOLID_NOISE_LEDGER""]","[""SCN_WW_PROCESS_AND_TREATMENT"", ""SCN_HAZWASTE_STORAGE_TRANSFER""]","[""GB/T 4754-2017 industry_catalog_base.csv"", ""固定污染源排污许可分类管理名录(2019年版)表格级抽取与条件规则化草案，仅作为候选召回依据"", ""scenario_templates.json v0.1 复用；不新增运行时模板""]",LOW,"[""企业实际经营、生产、服务或作业活动是否与营业执照行业一致？"", ""环评、批复、排污许可、登记回执、监测报告或现场事实中载明的主要污染物、设施和排口是什么？"", ""是否涉及锅炉、工业炉窑、污水处理、表面处理、喷涂、危废暂存、在线监测、事故水或其他通用工序？"", ""是否有大型场馆、泳池水处理、餐饮、舞台烟雾/喷涂、噪声扰民或危废暂存？""]",CANDIDATE_ONLY,Batch10候选：文化体育娱乐以公共场所运营和噪声/污水/药剂确认。
BATCH10_GB4754_9100,9100,中国共产党机关,91,中国共产党机关,910,中国共产党机关,NEED_CONFIRM,"[""SCN_BASE_PRODUCTION_SOLID_NOISE_LEDGER""]","[""SCN_TRAINING_SIGNAGE_REVIEW_GAP""]","[""GB/T 4754-2017 industry_catalog_base.csv"", ""固定污染源排污许可分类管理名录(2019年版)表格级抽取与条件规则化草案，仅作为候选召回依据"", ""scenario_templates.json v0.1 复用；不新增运行时模板""]",LOW,"[""企业实际经营、生产、服务或作业活动是否与营业执照行业一致？"", ""环评、批复、排污许可、登记回执、监测报告或现场事实中载明的主要污染物、设施和排口是什么？"", ""是否涉及锅炉、工业炉窑、污水处理、表面处理、喷涂、危废暂存、在线监测、事故水或其他通用工序？"", ""是否仅为机关、社团、基层组织或国际组织办公，是否存在食堂、锅炉、实验室、医疗点或物业运维污染源？""]",CANDIDATE_ONLY,Batch10候选：公共管理和组织类默认轻画像，不得按工业固定污染源正式化。
BATCH10_GB4754_9210,9210,国家权力机构,92,国家机构,921,国家权力机构,NEED_CONFIRM,"[""SCN_BASE_PRODUCTION_SOLID_NOISE_LEDGER""]","[""SCN_TRAINING_SIGNAGE_REVIEW_GAP""]","[""GB/T 4754-2017 industry_catalog_base.csv"", ""固定污染源排污许可分类管理名录(2019年版)表格级抽取与条件规则化草案，仅作为候选召回依据"", ""scenario_templates.json v0.1 复用；不新增运行时模板""]",LOW,"[""企业实际经营、生产、服务或作业活动是否与营业执照行业一致？"", ""环评、批复、排污许可、登记回执、监测报告或现场事实中载明的主要污染物、设施和排口是什么？"", ""是否涉及锅炉、工业炉窑、污水处理、表面处理、喷涂、危废暂存、在线监测、事故水或其他通用工序？"", ""是否仅为机关、社团、基层组织或国际组织办公，是否存在食堂、锅炉、实验室、医疗点或物业运维污染源？""]",CANDIDATE_ONLY,Batch10候选：公共管理和组织类默认轻画像，不得按工业固定污染源正式化。
BATCH10_GB4754_9221,9221,综合事务管理机构,92,国家机构,922,国家行政机构,NEED_CONFIRM,"[""SCN_BASE_PRODUCTION_SOLID_NOISE_LEDGER""]","[""SCN_TRAINING_SIGNAGE_REVIEW_GAP""]","[""GB/T 4754-2017 industry_catalog_base.csv"", ""固定污染源排污许可分类管理名录(2019年版)表格级抽取与条件规则化草案，仅作为候选召回依据"", ""scenario_templates.json v0.1 复用；不新增运行时模板""]",LOW,"[""企业实际经营、生产、服务或作业活动是否与营业执照行业一致？"", ""环评、批复、排污许可、登记回执、监测报告或现场事实中载明的主要污染物、设施和排口是什么？"", ""是否涉及锅炉、工业炉窑、污水处理、表面处理、喷涂、危废暂存、在线监测、事故水或其他通用工序？"", ""是否仅为机关、社团、基层组织或国际组织办公，是否存在食堂、锅炉、实验室、医疗点或物业运维污染源？""]",CANDIDATE_ONLY,Batch10候选：公共管理和组织类默认轻画像，不得按工业固定污染源正式化。
BATCH10_GB4754_9222,9222,对外事务管理机构,92,国家机构,922,国家行政机构,NEED_CONFIRM,"[""SCN_BASE_PRODUCTION_SOLID_NOISE_LEDGER""]","[""SCN_TRAINING_SIGNAGE_REVIEW_GAP""]","[""GB/T 4754-2017 industry_catalog_base.csv"", ""固定污染源排污许可分类管理名录(2019年版)表格级抽取与条件规则化草案，仅作为候选召回依据"", ""scenario_templates.json v0.1 复用；不新增运行时模板""]",LOW,"[""企业实际经营、生产、服务或作业活动是否与营业执照行业一致？"", ""环评、批复、排污许可、登记回执、监测报告或现场事实中载明的主要污染物、设施和排口是什么？"", ""是否涉及锅炉、工业炉窑、污水处理、表面处理、喷涂、危废暂存、在线监测、事故水或其他通用工序？"", ""是否仅为机关、社团、基层组织或国际组织办公，是否存在食堂、锅炉、实验室、医疗点或物业运维污染源？""]",CANDIDATE_ONLY,Batch10候选：公共管理和组织类默认轻画像，不得按工业固定污染源正式化。
BATCH10_GB4754_9223,9223,公共安全管理机构,92,国家机构,922,国家行政机构,NEED_CONFIRM,"[""SCN_BASE_PRODUCTION_SOLID_NOISE_LEDGER""]","[""SCN_TRAINING_SIGNAGE_REVIEW_GAP""]","[""GB/T 4754-2017 industry_catalog_base.csv"", ""固定污染源排污许可分类管理名录(2019年版)表格级抽取与条件规则化草案，仅作为候选召回依据"", ""scenario_templates.json v0.1 复用；不新增运行时模板""]",LOW,"[""企业实际经营、生产、服务或作业活动是否与营业执照行业一致？"", ""环评、批复、排污许可、登记回执、监测报告或现场事实中载明的主要污染物、设施和排口是什么？"", ""是否涉及锅炉、工业炉窑、污水处理、表面处理、喷涂、危废暂存、在线监测、事故水或其他通用工序？"", ""是否仅为机关、社团、基层组织或国际组织办公，是否存在食堂、锅炉、实验室、医疗点或物业运维污染源？""]",CANDIDATE_ONLY,Batch10候选：公共管理和组织类默认轻画像，不得按工业固定污染源正式化。
BATCH10_GB4754_9224,9224,社会事务管理机构,92,国家机构,922,国家行政机构,NEED_CONFIRM,"[""SCN_BASE_PRODUCTION_SOLID_NOISE_LEDGER""]","[""SCN_TRAINING_SIGNAGE_REVIEW_GAP""]","[""GB/T 4754-2017 industry_catalog_base.csv"", ""固定污染源排污许可分类管理名录(2019年版)表格级抽取与条件规则化草案，仅作为候选召回依据"", ""scenario_templates.json v0.1 复用；不新增运行时模板""]",LOW,"[""企业实际经营、生产、服务或作业活动是否与营业执照行业一致？"", ""环评、批复、排污许可、登记回执、监测报告或现场事实中载明的主要污染物、设施和排口是什么？"", ""是否涉及锅炉、工业炉窑、污水处理、表面处理、喷涂、危废暂存、在线监测、事故水或其他通用工序？"", ""是否仅为机关、社团、基层组织或国际组织办公，是否存在食堂、锅炉、实验室、医疗点或物业运维污染源？""]",CANDIDATE_ONLY,Batch10候选：公共管理和组织类默认轻画像，不得按工业固定污染源正式化。
BATCH10_GB4754_9225,9225,经济事务管理机构,92,国家机构,922,国家行政机构,NEED_CONFIRM,"[""SCN_BASE_PRODUCTION_SOLID_NOISE_LEDGER""]","[""SCN_TRAINING_SIGNAGE_REVIEW_GAP""]","[""GB/T 4754-2017 industry_catalog_base.csv"", ""固定污染源排污许可分类管理名录(2019年版)表格级抽取与条件规则化草案，仅作为候选召回依据"", ""scenario_templates.json v0.1 复用；不新增运行时模板""]",LOW,"[""企业实际经营、生产、服务或作业活动是否与营业执照行业一致？"", ""环评、批复、排污许可、登记回执、监测报告或现场事实中载明的主要污染物、设施和排口是什么？"", ""是否涉及锅炉、工业炉窑、污水处理、表面处理、喷涂、危废暂存、在线监测、事故水或其他通用工序？"", ""是否仅为机关、社团、基层组织或国际组织办公，是否存在食堂、锅炉、实验室、医疗点或物业运维污染源？""]",CANDIDATE_ONLY,Batch10候选：公共管理和组织类默认轻画像，不得按工业固定污染源正式化。
BATCH10_GB4754_9226,9226,行政监督检查机构,92,国家机构,922,国家行政机构,NEED_CONFIRM,"[""SCN_BASE_PRODUCTION_SOLID_NOISE_LEDGER""]","[""SCN_TRAINING_SIGNAGE_REVIEW_GAP""]","[""GB/T 4754-2017 industry_catalog_base.csv"", ""固定污染源排污许可分类管理名录(2019年版)表格级抽取与条件规则化草案，仅作为候选召回依据"", ""scenario_templates.json v0.1 复用；不新增运行时模板""]",LOW,"[""企业实际经营、生产、服务或作业活动是否与营业执照行业一致？"", ""环评、批复、排污许可、登记回执、监测报告或现场事实中载明的主要污染物、设施和排口是什么？"", ""是否涉及锅炉、工业炉窑、污水处理、表面处理、喷涂、危废暂存、在线监测、事故水或其他通用工序？"", ""是否仅为机关、社团、基层组织或国际组织办公，是否存在食堂、锅炉、实验室、医疗点或物业运维污染源？""]",CANDIDATE_ONLY,Batch10候选：公共管理和组织类默认轻画像，不得按工业固定污染源正式化。
BATCH10_GB4754_9231,9231,监察委员会,92,国家机构,923,监察委员会、人民法院和人民检察院,NEED_CONFIRM,"[""SCN_BASE_PRODUCTION_SOLID_NOISE_LEDGER""]","[""SCN_TRAINING_SIGNAGE_REVIEW_GAP""]","[""GB/T 4754-2017 industry_catalog_base.csv"", ""固定污染源排污许可分类管理名录(2019年版)表格级抽取与条件规则化草案，仅作为候选召回依据"", ""scenario_templates.json v0.1 复用；不新增运行时模板""]",LOW,"[""企业实际经营、生产、服务或作业活动是否与营业执照行业一致？"", ""环评、批复、排污许可、登记回执、监测报告或现场事实中载明的主要污染物、设施和排口是什么？"", ""是否涉及锅炉、工业炉窑、污水处理、表面处理、喷涂、危废暂存、在线监测、事故水或其他通用工序？"", ""是否仅为机关、社团、基层组织或国际组织办公，是否存在食堂、锅炉、实验室、医疗点或物业运维污染源？""]",CANDIDATE_ONLY,Batch10候选：公共管理和组织类默认轻画像，不得按工业固定污染源正式化。
BATCH10_GB4754_9232,9232,人民法院,92,国家机构,923,监察委员会、人民法院和人民检察院,NEED_CONFIRM,"[""SCN_BASE_PRODUCTION_SOLID_NOISE_LEDGER""]","[""SCN_TRAINING_SIGNAGE_REVIEW_GAP""]","[""GB/T 4754-2017 industry_catalog_base.csv"", ""固定污染源排污许可分类管理名录(2019年版)表格级抽取与条件规则化草案，仅作为候选召回依据"", ""scenario_templates.json v0.1 复用；不新增运行时模板""]",LOW,"[""企业实际经营、生产、服务或作业活动是否与营业执照行业一致？"", ""环评、批复、排污许可、登记回执、监测报告或现场事实中载明的主要污染物、设施和排口是什么？"", ""是否涉及锅炉、工业炉窑、污水处理、表面处理、喷涂、危废暂存、在线监测、事故水或其他通用工序？"", ""是否仅为机关、社团、基层组织或国际组织办公，是否存在食堂、锅炉、实验室、医疗点或物业运维污染源？""]",CANDIDATE_ONLY,Batch10候选：公共管理和组织类默认轻画像，不得按工业固定污染源正式化。
BATCH10_GB4754_9233,9233,人民检察院,92,国家机构,923,监察委员会、人民法院和人民检察院,NEED_CONFIRM,"[""SCN_BASE_PRODUCTION_SOLID_NOISE_LEDGER""]","[""SCN_TRAINING_SIGNAGE_REVIEW_GAP""]","[""GB/T 4754-2017 industry_catalog_base.csv"", ""固定污染源排污许可分类管理名录(2019年版)表格级抽取与条件规则化草案，仅作为候选召回依据"", ""scenario_templates.json v0.1 复用；不新增运行时模板""]",LOW,"[""企业实际经营、生产、服务或作业活动是否与营业执照行业一致？"", ""环评、批复、排污许可、登记回执、监测报告或现场事实中载明的主要污染物、设施和排口是什么？"", ""是否涉及锅炉、工业炉窑、污水处理、表面处理、喷涂、危废暂存、在线监测、事故水或其他通用工序？"", ""是否仅为机关、社团、基层组织或国际组织办公，是否存在食堂、锅炉、实验室、医疗点或物业运维污染源？""]",CANDIDATE_ONLY,Batch10候选：公共管理和组织类默认轻画像，不得按工业固定污染源正式化。
BATCH10_GB4754_9291,9291,消防管理机构,92,国家机构,929,其他国家机构,NEED_CONFIRM,"[""SCN_BASE_PRODUCTION_SOLID_NOISE_LEDGER""]","[""SCN_TRAINING_SIGNAGE_REVIEW_GAP""]","[""GB/T 4754-2017 industry_catalog_base.csv"", ""固定污染源排污许可分类管理名录(2019年版)表格级抽取与条件规则化草案，仅作为候选召回依据"", ""scenario_templates.json v0.1 复用；不新增运行时模板""]",LOW,"[""企业实际经营、生产、服务或作业活动是否与营业执照行业一致？"", ""环评、批复、排污许可、登记回执、监测报告或现场事实中载明的主要污染物、设施和排口是什么？"", ""是否涉及锅炉、工业炉窑、污水处理、表面处理、喷涂、危废暂存、在线监测、事故水或其他通用工序？"", ""是否仅为机关、社团、基层组织或国际组织办公，是否存在食堂、锅炉、实验室、医疗点或物业运维污染源？""]",CANDIDATE_ONLY,Batch10候选：公共管理和组织类默认轻画像，不得按工业固定污染源正式化。
BATCH10_GB4754_9299,9299,其他未列明国家机构,92,国家机构,929,其他国家机构,NEED_CONFIRM,"[""SCN_BASE_PRODUCTION_SOLID_NOISE_LEDGER""]","[""SCN_TRAINING_SIGNAGE_REVIEW_GAP""]","[""GB/T 4754-2017 industry_catalog_base.csv"", ""固定污染源排污许可分类管理名录(2019年版)表格级抽取与条件规则化草案，仅作为候选召回依据"", ""scenario_templates.json v0.1 复用；不新增运行时模板""]",LOW,"[""企业实际经营、生产、服务或作业活动是否与营业执照行业一致？"", ""环评、批复、排污许可、登记回执、监测报告或现场事实中载明的主要污染物、设施和排口是什么？"", ""是否涉及锅炉、工业炉窑、污水处理、表面处理、喷涂、危废暂存、在线监测、事故水或其他通用工序？"", ""是否仅为机关、社团、基层组织或国际组织办公，是否存在食堂、锅炉、实验室、医疗点或物业运维污染源？""]",CANDIDATE_ONLY,Batch10候选：公共管理和组织类默认轻画像，不得按工业固定污染源正式化。
BATCH10_GB4754_9310,9310,人民政协,93,人民政协、民主党派,931,人民政协,NEED_CONFIRM,"[""SCN_BASE_PRODUCTION_SOLID_NOISE_LEDGER""]","[""SCN_TRAINING_SIGNAGE_REVIEW_GAP""]","[""GB/T 4754-2017 industry_catalog_base.csv"", ""固定污染源排污许可分类管理名录(2019年版)表格级抽取与条件规则化草案，仅作为候选召回依据"", ""scenario_templates.json v0.1 复用；不新增运行时模板""]",LOW,"[""企业实际经营、生产、服务或作业活动是否与营业执照行业一致？"", ""环评、批复、排污许可、登记回执、监测报告或现场事实中载明的主要污染物、设施和排口是什么？"", ""是否涉及锅炉、工业炉窑、污水处理、表面处理、喷涂、危废暂存、在线监测、事故水或其他通用工序？"", ""是否仅为机关、社团、基层组织或国际组织办公，是否存在食堂、锅炉、实验室、医疗点或物业运维污染源？""]",CANDIDATE_ONLY,Batch10候选：公共管理和组织类默认轻画像，不得按工业固定污染源正式化。
BATCH10_GB4754_9320,9320,民主党派,93,人民政协、民主党派,932,民主党派,NEED_CONFIRM,"[""SCN_BASE_PRODUCTION_SOLID_NOISE_LEDGER""]","[""SCN_TRAINING_SIGNAGE_REVIEW_GAP""]","[""GB/T 4754-2017 industry_catalog_base.csv"", ""固定污染源排污许可分类管理名录(2019年版)表格级抽取与条件规则化草案，仅作为候选召回依据"", ""scenario_templates.json v0.1 复用；不新增运行时模板""]",LOW,"[""企业实际经营、生产、服务或作业活动是否与营业执照行业一致？"", ""环评、批复、排污许可、登记回执、监测报告或现场事实中载明的主要污染物、设施和排口是什么？"", ""是否涉及锅炉、工业炉窑、污水处理、表面处理、喷涂、危废暂存、在线监测、事故水或其他通用工序？"", ""是否仅为机关、社团、基层组织或国际组织办公，是否存在食堂、锅炉、实验室、医疗点或物业运维污染源？""]",CANDIDATE_ONLY,Batch10候选：公共管理和组织类默认轻画像，不得按工业固定污染源正式化。
BATCH10_GB4754_9411,9411,基本养老保险,94,社会保障,941,基本保险,NEED_CONFIRM,"[""SCN_BASE_PRODUCTION_SOLID_NOISE_LEDGER""]","[""SCN_TRAINING_SIGNAGE_REVIEW_GAP""]","[""GB/T 4754-2017 industry_catalog_base.csv"", ""固定污染源排污许可分类管理名录(2019年版)表格级抽取与条件规则化草案，仅作为候选召回依据"", ""scenario_templates.json v0.1 复用；不新增运行时模板""]",LOW,"[""企业实际经营、生产、服务或作业活动是否与营业执照行业一致？"", ""环评、批复、排污许可、登记回执、监测报告或现场事实中载明的主要污染物、设施和排口是什么？"", ""是否涉及锅炉、工业炉窑、污水处理、表面处理、喷涂、危废暂存、在线监测、事故水或其他通用工序？"", ""是否仅为机关、社团、基层组织或国际组织办公，是否存在食堂、锅炉、实验室、医疗点或物业运维污染源？""]",CANDIDATE_ONLY,Batch10候选：公共管理和组织类默认轻画像，不得按工业固定污染源正式化。
BATCH10_GB4754_9412,9412,基本医疗保险,94,社会保障,941,基本保险,NEED_CONFIRM,"[""SCN_BASE_PRODUCTION_SOLID_NOISE_LEDGER""]","[""SCN_TRAINING_SIGNAGE_REVIEW_GAP""]","[""GB/T 4754-2017 industry_catalog_base.csv"", ""固定污染源排污许可分类管理名录(2019年版)表格级抽取与条件规则化草案，仅作为候选召回依据"", ""scenario_templates.json v0.1 复用；不新增运行时模板""]",LOW,"[""企业实际经营、生产、服务或作业活动是否与营业执照行业一致？"", ""环评、批复、排污许可、登记回执、监测报告或现场事实中载明的主要污染物、设施和排口是什么？"", ""是否涉及锅炉、工业炉窑、污水处理、表面处理、喷涂、危废暂存、在线监测、事故水或其他通用工序？"", ""是否仅为机关、社团、基层组织或国际组织办公，是否存在食堂、锅炉、实验室、医疗点或物业运维污染源？""]",CANDIDATE_ONLY,Batch10候选：公共管理和组织类默认轻画像，不得按工业固定污染源正式化。
BATCH10_GB4754_9413,9413,失业保险,94,社会保障,941,基本保险,NEED_CONFIRM,"[""SCN_BASE_PRODUCTION_SOLID_NOISE_LEDGER""]","[""SCN_TRAINING_SIGNAGE_REVIEW_GAP""]","[""GB/T 4754-2017 industry_catalog_base.csv"", ""固定污染源排污许可分类管理名录(2019年版)表格级抽取与条件规则化草案，仅作为候选召回依据"", ""scenario_templates.json v0.1 复用；不新增运行时模板""]",LOW,"[""企业实际经营、生产、服务或作业活动是否与营业执照行业一致？"", ""环评、批复、排污许可、登记回执、监测报告或现场事实中载明的主要污染物、设施和排口是什么？"", ""是否涉及锅炉、工业炉窑、污水处理、表面处理、喷涂、危废暂存、在线监测、事故水或其他通用工序？"", ""是否仅为机关、社团、基层组织或国际组织办公，是否存在食堂、锅炉、实验室、医疗点或物业运维污染源？""]",CANDIDATE_ONLY,Batch10候选：公共管理和组织类默认轻画像，不得按工业固定污染源正式化。
BATCH10_GB4754_9414,9414,工伤保险,94,社会保障,941,基本保险,NEED_CONFIRM,"[""SCN_BASE_PRODUCTION_SOLID_NOISE_LEDGER""]","[""SCN_TRAINING_SIGNAGE_REVIEW_GAP""]","[""GB/T 4754-2017 industry_catalog_base.csv"", ""固定污染源排污许可分类管理名录(2019年版)表格级抽取与条件规则化草案，仅作为候选召回依据"", ""scenario_templates.json v0.1 复用；不新增运行时模板""]",LOW,"[""企业实际经营、生产、服务或作业活动是否与营业执照行业一致？"", ""环评、批复、排污许可、登记回执、监测报告或现场事实中载明的主要污染物、设施和排口是什么？"", ""是否涉及锅炉、工业炉窑、污水处理、表面处理、喷涂、危废暂存、在线监测、事故水或其他通用工序？"", ""是否仅为机关、社团、基层组织或国际组织办公，是否存在食堂、锅炉、实验室、医疗点或物业运维污染源？""]",CANDIDATE_ONLY,Batch10候选：公共管理和组织类默认轻画像，不得按工业固定污染源正式化。
BATCH10_GB4754_9415,9415,生育保险,94,社会保障,941,基本保险,NEED_CONFIRM,"[""SCN_BASE_PRODUCTION_SOLID_NOISE_LEDGER""]","[""SCN_TRAINING_SIGNAGE_REVIEW_GAP""]","[""GB/T 4754-2017 industry_catalog_base.csv"", ""固定污染源排污许可分类管理名录(2019年版)表格级抽取与条件规则化草案，仅作为候选召回依据"", ""scenario_templates.json v0.1 复用；不新增运行时模板""]",LOW,"[""企业实际经营、生产、服务或作业活动是否与营业执照行业一致？"", ""环评、批复、排污许可、登记回执、监测报告或现场事实中载明的主要污染物、设施和排口是什么？"", ""是否涉及锅炉、工业炉窑、污水处理、表面处理、喷涂、危废暂存、在线监测、事故水或其他通用工序？"", ""是否仅为机关、社团、基层组织或国际组织办公，是否存在食堂、锅炉、实验室、医疗点或物业运维污染源？""]",CANDIDATE_ONLY,Batch10候选：公共管理和组织类默认轻画像，不得按工业固定污染源正式化。
BATCH10_GB4754_9419,9419,其他基本保险,94,社会保障,941,基本保险,NEED_CONFIRM,"[""SCN_BASE_PRODUCTION_SOLID_NOISE_LEDGER""]","[""SCN_TRAINING_SIGNAGE_REVIEW_GAP""]","[""GB/T 4754-2017 industry_catalog_base.csv"", ""固定污染源排污许可分类管理名录(2019年版)表格级抽取与条件规则化草案，仅作为候选召回依据"", ""scenario_templates.json v0.1 复用；不新增运行时模板""]",LOW,"[""企业实际经营、生产、服务或作业活动是否与营业执照行业一致？"", ""环评、批复、排污许可、登记回执、监测报告或现场事实中载明的主要污染物、设施和排口是什么？"", ""是否涉及锅炉、工业炉窑、污水处理、表面处理、喷涂、危废暂存、在线监测、事故水或其他通用工序？"", ""是否仅为机关、社团、基层组织或国际组织办公，是否存在食堂、锅炉、实验室、医疗点或物业运维污染源？""]",CANDIDATE_ONLY,Batch10候选：公共管理和组织类默认轻画像，不得按工业固定污染源正式化。
BATCH10_GB4754_9420,9420,补充保险,94,社会保障,942,补充保险,NEED_CONFIRM,"[""SCN_BASE_PRODUCTION_SOLID_NOISE_LEDGER""]","[""SCN_TRAINING_SIGNAGE_REVIEW_GAP""]","[""GB/T 4754-2017 industry_catalog_base.csv"", ""固定污染源排污许可分类管理名录(2019年版)表格级抽取与条件规则化草案，仅作为候选召回依据"", ""scenario_templates.json v0.1 复用；不新增运行时模板""]",LOW,"[""企业实际经营、生产、服务或作业活动是否与营业执照行业一致？"", ""环评、批复、排污许可、登记回执、监测报告或现场事实中载明的主要污染物、设施和排口是什么？"", ""是否涉及锅炉、工业炉窑、污水处理、表面处理、喷涂、危废暂存、在线监测、事故水或其他通用工序？"", ""是否仅为机关、社团、基层组织或国际组织办公，是否存在食堂、锅炉、实验室、医疗点或物业运维污染源？""]",CANDIDATE_ONLY,Batch10候选：公共管理和组织类默认轻画像，不得按工业固定污染源正式化。
BATCH10_GB4754_9490,9490,其他社会保障,94,社会保障,949,其他社会保障,NEED_CONFIRM,"[""SCN_BASE_PRODUCTION_SOLID_NOISE_LEDGER""]","[""SCN_TRAINING_SIGNAGE_REVIEW_GAP""]","[""GB/T 4754-2017 industry_catalog_base.csv"", ""固定污染源排污许可分类管理名录(2019年版)表格级抽取与条件规则化草案，仅作为候选召回依据"", ""scenario_templates.json v0.1 复用；不新增运行时模板""]",LOW,"[""企业实际经营、生产、服务或作业活动是否与营业执照行业一致？"", ""环评、批复、排污许可、登记回执、监测报告或现场事实中载明的主要污染物、设施和排口是什么？"", ""是否涉及锅炉、工业炉窑、污水处理、表面处理、喷涂、危废暂存、在线监测、事故水或其他通用工序？"", ""是否仅为机关、社团、基层组织或国际组织办公，是否存在食堂、锅炉、实验室、医疗点或物业运维污染源？""]",CANDIDATE_ONLY,Batch10候选：公共管理和组织类默认轻画像，不得按工业固定污染源正式化。
BATCH10_GB4754_9511,9511,工会,95,群众团体、社会团体和其他成员组织,951,群众团体,NEED_CONFIRM,"[""SCN_BASE_PRODUCTION_SOLID_NOISE_LEDGER""]","[""SCN_TRAINING_SIGNAGE_REVIEW_GAP""]","[""GB/T 4754-2017 industry_catalog_base.csv"", ""固定污染源排污许可分类管理名录(2019年版)表格级抽取与条件规则化草案，仅作为候选召回依据"", ""scenario_templates.json v0.1 复用；不新增运行时模板""]",LOW,"[""企业实际经营、生产、服务或作业活动是否与营业执照行业一致？"", ""环评、批复、排污许可、登记回执、监测报告或现场事实中载明的主要污染物、设施和排口是什么？"", ""是否涉及锅炉、工业炉窑、污水处理、表面处理、喷涂、危废暂存、在线监测、事故水或其他通用工序？"", ""是否仅为机关、社团、基层组织或国际组织办公，是否存在食堂、锅炉、实验室、医疗点或物业运维污染源？""]",CANDIDATE_ONLY,Batch10候选：公共管理和组织类默认轻画像，不得按工业固定污染源正式化。
BATCH10_GB4754_9512,9512,妇联,95,群众团体、社会团体和其他成员组织,951,群众团体,NEED_CONFIRM,"[""SCN_BASE_PRODUCTION_SOLID_NOISE_LEDGER""]","[""SCN_TRAINING_SIGNAGE_REVIEW_GAP""]","[""GB/T 4754-2017 industry_catalog_base.csv"", ""固定污染源排污许可分类管理名录(2019年版)表格级抽取与条件规则化草案，仅作为候选召回依据"", ""scenario_templates.json v0.1 复用；不新增运行时模板""]",LOW,"[""企业实际经营、生产、服务或作业活动是否与营业执照行业一致？"", ""环评、批复、排污许可、登记回执、监测报告或现场事实中载明的主要污染物、设施和排口是什么？"", ""是否涉及锅炉、工业炉窑、污水处理、表面处理、喷涂、危废暂存、在线监测、事故水或其他通用工序？"", ""是否仅为机关、社团、基层组织或国际组织办公，是否存在食堂、锅炉、实验室、医疗点或物业运维污染源？""]",CANDIDATE_ONLY,Batch10候选：公共管理和组织类默认轻画像，不得按工业固定污染源正式化。
BATCH10_GB4754_9513,9513,共青团,95,群众团体、社会团体和其他成员组织,951,群众团体,NEED_CONFIRM,"[""SCN_BASE_PRODUCTION_SOLID_NOISE_LEDGER""]","[""SCN_TRAINING_SIGNAGE_REVIEW_GAP""]","[""GB/T 4754-2017 industry_catalog_base.csv"", ""固定污染源排污许可分类管理名录(2019年版)表格级抽取与条件规则化草案，仅作为候选召回依据"", ""scenario_templates.json v0.1 复用；不新增运行时模板""]",LOW,"[""企业实际经营、生产、服务或作业活动是否与营业执照行业一致？"", ""环评、批复、排污许可、登记回执、监测报告或现场事实中载明的主要污染物、设施和排口是什么？"", ""是否涉及锅炉、工业炉窑、污水处理、表面处理、喷涂、危废暂存、在线监测、事故水或其他通用工序？"", ""是否仅为机关、社团、基层组织或国际组织办公，是否存在食堂、锅炉、实验室、医疗点或物业运维污染源？""]",CANDIDATE_ONLY,Batch10候选：公共管理和组织类默认轻画像，不得按工业固定污染源正式化。
BATCH10_GB4754_9519,9519,其他群众团体,95,群众团体、社会团体和其他成员组织,951,群众团体,NEED_CONFIRM,"[""SCN_BASE_PRODUCTION_SOLID_NOISE_LEDGER""]","[""SCN_TRAINING_SIGNAGE_REVIEW_GAP""]","[""GB/T 4754-2017 industry_catalog_base.csv"", ""固定污染源排污许可分类管理名录(2019年版)表格级抽取与条件规则化草案，仅作为候选召回依据"", ""scenario_templates.json v0.1 复用；不新增运行时模板""]",LOW,"[""企业实际经营、生产、服务或作业活动是否与营业执照行业一致？"", ""环评、批复、排污许可、登记回执、监测报告或现场事实中载明的主要污染物、设施和排口是什么？"", ""是否涉及锅炉、工业炉窑、污水处理、表面处理、喷涂、危废暂存、在线监测、事故水或其他通用工序？"", ""是否仅为机关、社团、基层组织或国际组织办公，是否存在食堂、锅炉、实验室、医疗点或物业运维污染源？""]",CANDIDATE_ONLY,Batch10候选：公共管理和组织类默认轻画像，不得按工业固定污染源正式化。
BATCH10_GB4754_9521,9521,专业性团体,95,群众团体、社会团体和其他成员组织,952,社会团体,NEED_CONFIRM,"[""SCN_BASE_PRODUCTION_SOLID_NOISE_LEDGER""]","[""SCN_TRAINING_SIGNAGE_REVIEW_GAP""]","[""GB/T 4754-2017 industry_catalog_base.csv"", ""固定污染源排污许可分类管理名录(2019年版)表格级抽取与条件规则化草案，仅作为候选召回依据"", ""scenario_templates.json v0.1 复用；不新增运行时模板""]",LOW,"[""企业实际经营、生产、服务或作业活动是否与营业执照行业一致？"", ""环评、批复、排污许可、登记回执、监测报告或现场事实中载明的主要污染物、设施和排口是什么？"", ""是否涉及锅炉、工业炉窑、污水处理、表面处理、喷涂、危废暂存、在线监测、事故水或其他通用工序？"", ""是否仅为机关、社团、基层组织或国际组织办公，是否存在食堂、锅炉、实验室、医疗点或物业运维污染源？""]",CANDIDATE_ONLY,Batch10候选：公共管理和组织类默认轻画像，不得按工业固定污染源正式化。
BATCH10_GB4754_9522,9522,行业性团体,95,群众团体、社会团体和其他成员组织,952,社会团体,NEED_CONFIRM,"[""SCN_BASE_PRODUCTION_SOLID_NOISE_LEDGER""]","[""SCN_TRAINING_SIGNAGE_REVIEW_GAP""]","[""GB/T 4754-2017 industry_catalog_base.csv"", ""固定污染源排污许可分类管理名录(2019年版)表格级抽取与条件规则化草案，仅作为候选召回依据"", ""scenario_templates.json v0.1 复用；不新增运行时模板""]",LOW,"[""企业实际经营、生产、服务或作业活动是否与营业执照行业一致？"", ""环评、批复、排污许可、登记回执、监测报告或现场事实中载明的主要污染物、设施和排口是什么？"", ""是否涉及锅炉、工业炉窑、污水处理、表面处理、喷涂、危废暂存、在线监测、事故水或其他通用工序？"", ""是否仅为机关、社团、基层组织或国际组织办公，是否存在食堂、锅炉、实验室、医疗点或物业运维污染源？""]",CANDIDATE_ONLY,Batch10候选：公共管理和组织类默认轻画像，不得按工业固定污染源正式化。
BATCH10_GB4754_9529,9529,其他社会团体,95,群众团体、社会团体和其他成员组织,952,社会团体,NEED_CONFIRM,"[""SCN_BASE_PRODUCTION_SOLID_NOISE_LEDGER""]","[""SCN_TRAINING_SIGNAGE_REVIEW_GAP""]","[""GB/T 4754-2017 industry_catalog_base.csv"", ""固定污染源排污许可分类管理名录(2019年版)表格级抽取与条件规则化草案，仅作为候选召回依据"", ""scenario_templates.json v0.1 复用；不新增运行时模板""]",LOW,"[""企业实际经营、生产、服务或作业活动是否与营业执照行业一致？"", ""环评、批复、排污许可、登记回执、监测报告或现场事实中载明的主要污染物、设施和排口是什么？"", ""是否涉及锅炉、工业炉窑、污水处理、表面处理、喷涂、危废暂存、在线监测、事故水或其他通用工序？"", ""是否仅为机关、社团、基层组织或国际组织办公，是否存在食堂、锅炉、实验室、医疗点或物业运维污染源？""]",CANDIDATE_ONLY,Batch10候选：公共管理和组织类默认轻画像，不得按工业固定污染源正式化。
BATCH10_GB4754_9530,9530,基金会,95,群众团体、社会团体和其他成员组织,953,基金会,NEED_CONFIRM,"[""SCN_BASE_PRODUCTION_SOLID_NOISE_LEDGER""]","[""SCN_TRAINING_SIGNAGE_REVIEW_GAP""]","[""GB/T 4754-2017 industry_catalog_base.csv"", ""固定污染源排污许可分类管理名录(2019年版)表格级抽取与条件规则化草案，仅作为候选召回依据"", ""scenario_templates.json v0.1 复用；不新增运行时模板""]",LOW,"[""企业实际经营、生产、服务或作业活动是否与营业执照行业一致？"", ""环评、批复、排污许可、登记回执、监测报告或现场事实中载明的主要污染物、设施和排口是什么？"", ""是否涉及锅炉、工业炉窑、污水处理、表面处理、喷涂、危废暂存、在线监测、事故水或其他通用工序？"", ""是否仅为机关、社团、基层组织或国际组织办公，是否存在食堂、锅炉、实验室、医疗点或物业运维污染源？""]",CANDIDATE_ONLY,Batch10候选：公共管理和组织类默认轻画像，不得按工业固定污染源正式化。
BATCH10_GB4754_9541,9541,宗教团体服务,95,群众团体、社会团体和其他成员组织,954,宗教组织,NEED_CONFIRM,"[""SCN_BASE_PRODUCTION_SOLID_NOISE_LEDGER""]","[""SCN_TRAINING_SIGNAGE_REVIEW_GAP""]","[""GB/T 4754-2017 industry_catalog_base.csv"", ""固定污染源排污许可分类管理名录(2019年版)表格级抽取与条件规则化草案，仅作为候选召回依据"", ""scenario_templates.json v0.1 复用；不新增运行时模板""]",LOW,"[""企业实际经营、生产、服务或作业活动是否与营业执照行业一致？"", ""环评、批复、排污许可、登记回执、监测报告或现场事实中载明的主要污染物、设施和排口是什么？"", ""是否涉及锅炉、工业炉窑、污水处理、表面处理、喷涂、危废暂存、在线监测、事故水或其他通用工序？"", ""是否仅为机关、社团、基层组织或国际组织办公，是否存在食堂、锅炉、实验室、医疗点或物业运维污染源？""]",CANDIDATE_ONLY,Batch10候选：公共管理和组织类默认轻画像，不得按工业固定污染源正式化。
BATCH10_GB4754_9542,9542,宗教活动场所服务,95,群众团体、社会团体和其他成员组织,954,宗教组织,NEED_CONFIRM,"[""SCN_BASE_PRODUCTION_SOLID_NOISE_LEDGER""]","[""SCN_TRAINING_SIGNAGE_REVIEW_GAP""]","[""GB/T 4754-2017 industry_catalog_base.csv"", ""固定污染源排污许可分类管理名录(2019年版)表格级抽取与条件规则化草案，仅作为候选召回依据"", ""scenario_templates.json v0.1 复用；不新增运行时模板""]",LOW,"[""企业实际经营、生产、服务或作业活动是否与营业执照行业一致？"", ""环评、批复、排污许可、登记回执、监测报告或现场事实中载明的主要污染物、设施和排口是什么？"", ""是否涉及锅炉、工业炉窑、污水处理、表面处理、喷涂、危废暂存、在线监测、事故水或其他通用工序？"", ""是否仅为机关、社团、基层组织或国际组织办公，是否存在食堂、锅炉、实验室、医疗点或物业运维污染源？""]",CANDIDATE_ONLY,Batch10候选：公共管理和组织类默认轻画像，不得按工业固定污染源正式化。
BATCH10_GB4754_9610,9610,社区居民自治组织,96,基层群众自治组织,961,社区居民自治组织,NEED_CONFIRM,"[""SCN_BASE_PRODUCTION_SOLID_NOISE_LEDGER""]","[""SCN_TRAINING_SIGNAGE_REVIEW_GAP""]","[""GB/T 4754-2017 industry_catalog_base.csv"", ""固定污染源排污许可分类管理名录(2019年版)表格级抽取与条件规则化草案，仅作为候选召回依据"", ""scenario_templates.json v0.1 复用；不新增运行时模板""]",LOW,"[""企业实际经营、生产、服务或作业活动是否与营业执照行业一致？"", ""环评、批复、排污许可、登记回执、监测报告或现场事实中载明的主要污染物、设施和排口是什么？"", ""是否涉及锅炉、工业炉窑、污水处理、表面处理、喷涂、危废暂存、在线监测、事故水或其他通用工序？"", ""是否仅为机关、社团、基层组织或国际组织办公，是否存在食堂、锅炉、实验室、医疗点或物业运维污染源？""]",CANDIDATE_ONLY,Batch10候选：公共管理和组织类默认轻画像，不得按工业固定污染源正式化。
BATCH10_GB4754_9620,9620,村民自治组织,96,基层群众自治组织,962,村民自治组织,NEED_CONFIRM,"[""SCN_BASE_PRODUCTION_SOLID_NOISE_LEDGER""]","[""SCN_TRAINING_SIGNAGE_REVIEW_GAP""]","[""GB/T 4754-2017 industry_catalog_base.csv"", ""固定污染源排污许可分类管理名录(2019年版)表格级抽取与条件规则化草案，仅作为候选召回依据"", ""scenario_templates.json v0.1 复用；不新增运行时模板""]",LOW,"[""企业实际经营、生产、服务或作业活动是否与营业执照行业一致？"", ""环评、批复、排污许可、登记回执、监测报告或现场事实中载明的主要污染物、设施和排口是什么？"", ""是否涉及锅炉、工业炉窑、污水处理、表面处理、喷涂、危废暂存、在线监测、事故水或其他通用工序？"", ""是否仅为机关、社团、基层组织或国际组织办公，是否存在食堂、锅炉、实验室、医疗点或物业运维污染源？""]",CANDIDATE_ONLY,Batch10候选：公共管理和组织类默认轻画像，不得按工业固定污染源正式化。
BATCH10_GB4754_9700,9700,国际组织,97,国际组织,970,国际组织,NEED_CONFIRM,"[""SCN_BASE_PRODUCTION_SOLID_NOISE_LEDGER""]","[""SCN_TRAINING_SIGNAGE_REVIEW_GAP""]","[""GB/T 4754-2017 industry_catalog_base.csv"", ""固定污染源排污许可分类管理名录(2019年版)表格级抽取与条件规则化草案，仅作为候选召回依据"", ""scenario_templates.json v0.1 复用；不新增运行时模板""]",LOW,"[""企业实际经营、生产、服务或作业活动是否与营业执照行业一致？"", ""环评、批复、排污许可、登记回执、监测报告或现场事实中载明的主要污染物、设施和排口是什么？"", ""是否涉及锅炉、工业炉窑、污水处理、表面处理、喷涂、危废暂存、在线监测、事故水或其他通用工序？"", ""是否仅为机关、社团、基层组织或国际组织办公，是否存在食堂、锅炉、实验室、医疗点或物业运维污染源？""]",CANDIDATE_ONLY,Batch10候选：公共管理和组织类默认轻画像，不得按工业固定污染源正式化。
