sample_id,sample_set,sample_bucket,industry_code,industry_name,sample_polarity,factor_ids,factor_names,evidence_requirements,photo_points,confirmation_questions,source_basis,candidate_status,gate_status,confidence,blocked_actions,runtime_effect,runtime_status,final_state,runtime_integration,notes,version_manifest_id
ECC_IFS_001,HIGH_FREQUENCY_INDUSTRY,medical,8411,综合医院,POSITIVE,medical_waste;wastewater_station;radiation;hazardous_waste;online_monitoring,医废;医疗废水;辐射;危废;在线监测,医废处置协议;污水站运行记录;辐射安全材料,医废暂存间;污水站;放射科警示标识,是否存在医废暂存和转运;是否存在医疗废水处理;是否存在放射或核技术利用,EcoCheck candidate-coverage unit samples and domain discussion,CANDIDATE_RECALLED,SITE_VERIFICATION_REQUIRED,HIGH,create_confirmed_dataset;formal_permit_type;formal_inspection_template;auto_deduct;auto_deduct_score;formal_compliance_conclusion;direct_ecoCheck_runtime_mutation;mutate_coefficient_selector,PROFILE_GAP_AND_TEMPLATE_MATCHER_HINTS,APPROVED_RULE_INPUT,APPROVED_INDUSTRY_RULE_INPUT,industry_feature_generator,医院行业画像常见因子已由行业画像覆盖但仍保留样本回归,ECC_CANDIDATE_COVERAGE_IFS_MANIFEST_V1_0
ECC_IFS_002,HIGH_FREQUENCY_INDUSTRY,surface_treatment,3360,金属表面处理及热处理加工,POSITIVE,production_process_activity;wastewater_generation;hazardous_waste;involves_heavy_metal;unorganized_exhaust,表面处理作业;废水;危废;重金属;无组织废气,电镀或酸洗线台账;危废台账;废水检测报告,酸洗槽;废水处理设施;危废暂存间,是否存在酸洗电镀磷化;是否有含重金属废水;危废暂存是否规范,EcoCheck candidate-coverage unit samples,CANDIDATE_RECALLED,SITE_VERIFICATION_REQUIRED,HIGH,create_confirmed_dataset;formal_permit_type;formal_inspection_template;auto_deduct;auto_deduct_score;formal_compliance_conclusion;direct_ecoCheck_runtime_mutation;mutate_coefficient_selector,PROFILE_GAP_AND_TEMPLATE_MATCHER_HINTS,APPROVED_RULE_INPUT,APPROVED_INDUSTRY_RULE_INPUT,industry_feature_generator,高频制造业专项样本,ECC_CANDIDATE_COVERAGE_IFS_MANIFEST_V1_0
ECC_IFS_003,HIGH_FREQUENCY_INDUSTRY,coating,2641,涂料制造,POSITIVE,production_process_activity;vocs_emission;exhaust_treatment_facility;organized_exhaust_stack;hazardous_waste,VOCs;废气治理;排气筒;危废,涂料配料记录;废活性炭台账;废气治理运行记录,调漆区;活性炭箱;排气筒,是否存在溶剂树脂调配;废气是否收集治理;危废是否建账,EcoCheck candidate-coverage unit samples,CANDIDATE_RECALLED,SITE_VERIFICATION_REQUIRED,HIGH,create_confirmed_dataset;formal_permit_type;formal_inspection_template;auto_deduct;auto_deduct_score;formal_compliance_conclusion;direct_ecoCheck_runtime_mutation;mutate_coefficient_selector,PROFILE_GAP_AND_TEMPLATE_MATCHER_HINTS,APPROVED_RULE_INPUT,APPROVED_INDUSTRY_RULE_INPUT,industry_feature_generator,制造端VOCs典型样本,ECC_CANDIDATE_COVERAGE_IFS_MANIFEST_V1_0
ECC_IFS_004,HIGH_FREQUENCY_INDUSTRY,printing,2319,包装装潢印刷,POSITIVE,production_process_activity;vocs_emission;hazardous_waste;exhaust_treatment_facility,印刷作业;VOCs;危废;废气治理,油墨用量台账;废版废油墨台账;治理设施记录,印刷机;油墨库;废气收集设施,是否存在印刷覆膜洗版;是否产生废版废油墨;是否有废气收集,EcoCheck candidate-coverage unit samples,CANDIDATE_RECALLED,SITE_VERIFICATION_REQUIRED,HIGH,create_confirmed_dataset;formal_permit_type;formal_inspection_template;auto_deduct;auto_deduct_score;formal_compliance_conclusion;direct_ecoCheck_runtime_mutation;mutate_coefficient_selector,PROFILE_GAP_AND_TEMPLATE_MATCHER_HINTS,APPROVED_RULE_INPUT,APPROVED_INDUSTRY_RULE_INPUT,industry_feature_generator,印刷行业VOCs样本,ECC_CANDIDATE_COVERAGE_IFS_MANIFEST_V1_0
ECC_IFS_005,HIGH_FREQUENCY_INDUSTRY,paper_making,2221,机制纸及纸板制造,POSITIVE,production_process_activity;wastewater_generation;wastewater_station;general_solid_waste;boiler_combustion;online_monitoring,造纸;白水;污水站;污泥;锅炉;在线监测,白水回用记录;在线监测数据;污泥处置台账,抄纸机;污水站总排口;污泥压滤机,是否有制浆抄纸;是否有污水站和在线监测;污泥如何处置,EcoCheck candidate-coverage unit samples,CANDIDATE_RECALLED,SITE_VERIFICATION_REQUIRED,HIGH,create_confirmed_dataset;formal_permit_type;formal_inspection_template;auto_deduct;auto_deduct_score;formal_compliance_conclusion;direct_ecoCheck_runtime_mutation;mutate_coefficient_selector,PROFILE_GAP_AND_TEMPLATE_MATCHER_HINTS,APPROVED_RULE_INPUT,APPROVED_INDUSTRY_RULE_INPUT,industry_feature_generator,造纸厂样本已单独回归,ECC_CANDIDATE_COVERAGE_IFS_MANIFEST_V1_0
ECC_IFS_006,HIGH_FREQUENCY_INDUSTRY,auto_spray,8111,汽车修理与维护,POSITIVE,production_process_activity;vocs_emission;dust_particulate;hazardous_waste;exhaust_treatment_facility,汽修喷涂;VOCs;打磨粉尘;危废;废气治理,废机油台账;喷漆房维护记录;废过滤棉台账,喷漆房;打磨区;危废暂存间,是否存在喷漆烤漆;是否产生废机油过滤棉;废气是否治理,EcoCheck candidate-coverage unit samples,CANDIDATE_RECALLED,SITE_VERIFICATION_REQUIRED,HIGH,create_confirmed_dataset;formal_permit_type;formal_inspection_template;auto_deduct;auto_deduct_score;formal_compliance_conclusion;direct_ecoCheck_runtime_mutation;mutate_coefficient_selector,PROFILE_GAP_AND_TEMPLATE_MATCHER_HINTS,APPROVED_RULE_INPUT,APPROVED_INDUSTRY_RULE_INPUT,industry_feature_generator,汽修喷涂高频样本,ECC_CANDIDATE_COVERAGE_IFS_MANIFEST_V1_0
ECC_IFS_007,HIGH_FREQUENCY_INDUSTRY,lab_testing,7452,检测服务,POSITIVE,production_process_activity;hazardous_waste;wastewater_generation;exhaust_treatment_facility;involves_hazchem_major_hazard,实验检测;实验室废液;实验废水;通风橱;试剂,实验室废液台账;试剂清单;通风橱记录,实验室;试剂柜;废液暂存点,是否有实验检测活动;是否产生废液废试剂瓶;试剂柜是否规范,EcoCheck candidate-coverage unit samples,CANDIDATE_RECALLED,SITE_VERIFICATION_REQUIRED,HIGH,create_confirmed_dataset;formal_permit_type;formal_inspection_template;auto_deduct;auto_deduct_score;formal_compliance_conclusion;direct_ecoCheck_runtime_mutation;mutate_coefficient_selector,PROFILE_GAP_AND_TEMPLATE_MATCHER_HINTS,APPROVED_RULE_INPUT,APPROVED_INDUSTRY_RULE_INPUT,industry_feature_generator,实验室检测样本,ECC_CANDIDATE_COVERAGE_IFS_MANIFEST_V1_0
ECC_IFS_008,HIGH_FREQUENCY_INDUSTRY,catering_central_kitchen,6210,正餐服务和中央厨房,POSITIVE,production_process_activity;wastewater_generation;exhaust_treatment_facility;general_solid_waste;noise_source,餐饮加工;隔油废水;油烟治理;餐厨垃圾;风机噪声,隔油池清掏记录;油烟净化器清洗记录;餐厨垃圾清运协议,隔油池;油烟净化器;厨房风机,是否存在中央厨房或食堂;油烟是否净化;隔油池和餐厨垃圾是否管理,EcoCheck candidate-coverage unit samples,CANDIDATE_RECALLED,SITE_VERIFICATION_REQUIRED,HIGH,create_confirmed_dataset;formal_permit_type;formal_inspection_template;auto_deduct;auto_deduct_score;formal_compliance_conclusion;direct_ecoCheck_runtime_mutation;mutate_coefficient_selector,PROFILE_GAP_AND_TEMPLATE_MATCHER_HINTS,APPROVED_RULE_INPUT,APPROVED_INDUSTRY_RULE_INPUT,industry_feature_generator,餐饮油烟和隔油样本,ECC_CANDIDATE_COVERAGE_IFS_MANIFEST_V1_0
ECC_IFS_009,HIGH_FREQUENCY_INDUSTRY,gas_station_oil_storage,5265,机动车燃油零售,POSITIVE,vocs_emission;liquid_chemical_tank_area;soil_groundwater_risk;rainwater_accident_risk;involves_hazchem_major_hazard;gas_station_vapor_recovery;underground_storage_tank,油气回收;油罐;防渗;事故水;危化;地下罐,油气回收检测记录;油罐防渗材料;应急物资清单,卸油区;加油枪;地下油罐区,是否存在地下油罐;油气回收是否运行;事故水和防渗如何管理,EcoCheck candidate-coverage unit samples,CANDIDATE_RECALLED,SITE_VERIFICATION_REQUIRED,HIGH,create_confirmed_dataset;formal_permit_type;formal_inspection_template;auto_deduct;auto_deduct_score;formal_compliance_conclusion;direct_ecoCheck_runtime_mutation;mutate_coefficient_selector,PROFILE_GAP_AND_TEMPLATE_MATCHER_HINTS,APPROVED_RULE_INPUT,APPROVED_INDUSTRY_RULE_INPUT,industry_feature_generator,加油站专项样本,ECC_CANDIDATE_COVERAGE_IFS_MANIFEST_V1_0
ECC_IFS_010,HIGH_FREQUENCY_INDUSTRY,machining_hardware,3399,机械加工和五金加工,POSITIVE,production_process_activity;dust_particulate;hazardous_waste;general_solid_waste;noise_source,机加工;粉尘;废切削液;边角料;噪声,废切削液台账;边角料去向;设备维护记录,机加工设备;危废暂存点;噪声设备,是否存在切割冲压机加工;是否产生废切削液;噪声源是否明显,EcoCheck candidate-coverage unit samples,CANDIDATE_RECALLED,SITE_VERIFICATION_REQUIRED,HIGH,create_confirmed_dataset;formal_permit_type;formal_inspection_template;auto_deduct;auto_deduct_score;formal_compliance_conclusion;direct_ecoCheck_runtime_mutation;mutate_coefficient_selector,PROFILE_GAP_AND_TEMPLATE_MATCHER_HINTS,APPROVED_RULE_INPUT,APPROVED_INDUSTRY_RULE_INPUT,industry_feature_generator,机加工高频样本,ECC_CANDIDATE_COVERAGE_IFS_MANIFEST_V1_0
ECC_IFS_011,HIGH_FREQUENCY_INDUSTRY,furniture_wood,2110,木质家具制造,POSITIVE,production_process_activity;vocs_emission;dust_particulate;hazardous_waste;exhaust_treatment_facility,木工;喷涂;木粉尘;危废;废气治理,喷涂材料台账;除尘设施记录;废漆渣台账,木工区;喷涂房;除尘器,是否有木工和喷涂;粉尘是否收集;废漆渣和活性炭是否纳管,EcoCheck candidate-coverage unit samples,CANDIDATE_RECALLED,SITE_VERIFICATION_REQUIRED,HIGH,create_confirmed_dataset;formal_permit_type;formal_inspection_template;auto_deduct;auto_deduct_score;formal_compliance_conclusion;direct_ecoCheck_runtime_mutation;mutate_coefficient_selector,PROFILE_GAP_AND_TEMPLATE_MATCHER_HINTS,APPROVED_RULE_INPUT,APPROVED_INDUSTRY_RULE_INPUT,industry_feature_generator,家具木制品样本,ECC_CANDIDATE_COVERAGE_IFS_MANIFEST_V1_0
ECC_IFS_012,HIGH_FREQUENCY_INDUSTRY,plastic_rubber,2929,塑料和橡胶制品,POSITIVE,production_process_activity;vocs_emission;exhaust_treatment_facility;hazardous_waste;wastewater_generation,注塑挤出;橡胶硫化;VOCs;危废;清洗废水,废活性炭台账;清洗废水记录;原辅料清单,注塑机;废气治理设施;危废点,是否存在注塑挤出硫化;是否有有机废气;是否产生清洗废水,EcoCheck candidate-coverage unit samples,CANDIDATE_RECALLED,SITE_VERIFICATION_REQUIRED,HIGH,create_confirmed_dataset;formal_permit_type;formal_inspection_template;auto_deduct;auto_deduct_score;formal_compliance_conclusion;direct_ecoCheck_runtime_mutation;mutate_coefficient_selector,PROFILE_GAP_AND_TEMPLATE_MATCHER_HINTS,APPROVED_RULE_INPUT,APPROVED_INDUSTRY_RULE_INPUT,industry_feature_generator,塑料橡胶样本,ECC_CANDIDATE_COVERAGE_IFS_MANIFEST_V1_0
ECC_IFS_013,HIGH_FREQUENCY_INDUSTRY,food_factory,1499,食品制造,POSITIVE,production_process_activity;wastewater_generation;wastewater_station;general_solid_waste;involves_hazchem_major_hazard;boiler_combustion,食品加工;清洗废水;污水站;污泥;氨制冷;锅炉,CIP清洗记录;污水站运行记录;液氨制冷巡检记录,清洗线;污水站;制冷机房,是否存在清洗蒸煮杀菌;是否有污水站;是否涉及液氨或锅炉,EcoCheck candidate-coverage unit samples,CANDIDATE_RECALLED,SITE_VERIFICATION_REQUIRED,HIGH,create_confirmed_dataset;formal_permit_type;formal_inspection_template;auto_deduct;auto_deduct_score;formal_compliance_conclusion;direct_ecoCheck_runtime_mutation;mutate_coefficient_selector,PROFILE_GAP_AND_TEMPLATE_MATCHER_HINTS,APPROVED_RULE_INPUT,APPROVED_INDUSTRY_RULE_INPUT,industry_feature_generator,食品厂样本,ECC_CANDIDATE_COVERAGE_IFS_MANIFEST_V1_0
ECC_IFS_014,HIGH_FREQUENCY_INDUSTRY,hazchem_warehouse,5990,危化品仓库,POSITIVE,involves_hazchem_major_hazard;ldar;liquid_chemical_tank_area;soil_groundwater_risk;rainwater_accident_risk;emergency_response_materials,危化仓储;LDAR;液态化学品;防渗;事故水;应急,危化品清单;围堰巡检记录;应急物资清单,危化仓;围堰;应急物资,是否接收危化品实物;围堰防渗是否完整;是否配置应急物资,EcoCheck candidate-coverage unit samples,CANDIDATE_RECALLED,SITE_VERIFICATION_REQUIRED,HIGH,create_confirmed_dataset;formal_permit_type;formal_inspection_template;auto_deduct;auto_deduct_score;formal_compliance_conclusion;direct_ecoCheck_runtime_mutation;mutate_coefficient_selector,PROFILE_GAP_AND_TEMPLATE_MATCHER_HINTS,APPROVED_RULE_INPUT,APPROVED_INDUSTRY_RULE_INPUT,industry_feature_generator,纯仓储不应触发生产活动,ECC_CANDIDATE_COVERAGE_IFS_MANIFEST_V1_0
ECC_IFS_015,HIGH_FREQUENCY_INDUSTRY,school_research,8341,学校和科研院所,POSITIVE,production_process_activity;hazardous_waste;wastewater_generation;exhaust_treatment_facility;involves_hazchem_major_hazard;radiation,科研实验;危废;实验废水;通风橱;试剂;辐射,实验废液台账;试剂清单;射线装置清单,实验室;通风橱;射线警示标识,是否存在实验室;是否涉及试剂废液;是否涉及放射或射线装置,EcoCheck candidate-coverage unit samples,CANDIDATE_RECALLED,SITE_VERIFICATION_REQUIRED,HIGH,create_confirmed_dataset;formal_permit_type;formal_inspection_template;auto_deduct;auto_deduct_score;formal_compliance_conclusion;direct_ecoCheck_runtime_mutation;mutate_coefficient_selector,PROFILE_GAP_AND_TEMPLATE_MATCHER_HINTS,APPROVED_RULE_INPUT,APPROVED_INDUSTRY_RULE_INPUT,industry_feature_generator,学校科研样本,ECC_CANDIDATE_COVERAGE_IFS_MANIFEST_V1_0
ECC_IFS_016,BATCH4_NEW_FACTOR_INDUSTRY,pharma_fine_chemical,2710,化学药品原料药制造,POSITIVE,production_process_activity;wastewater_generation;wastewater_station;vocs_emission;exhaust_treatment_facility;hazardous_waste;involves_hazchem_major_hazard;liquid_chemical_tank_area;ldar;soil_groundwater_risk;rainwater_accident_risk,制药合成;高盐废水;污水站;VOCs;RTO;废母液;危化;储罐;LDAR;防渗;事故池,废母液危废台账;RTO运行记录;事故池巡检记录,反应釜区;溶剂储罐围堰;污水处理站,是否存在反应釜和溶剂;是否产生废母液或高盐废水;事故池和储罐防渗是否确认,EcoCheck batch4 new-factor sampling,CANDIDATE_RECALLED,SITE_VERIFICATION_REQUIRED,HIGH,create_confirmed_dataset;formal_permit_type;formal_inspection_template;auto_deduct;auto_deduct_score;formal_compliance_conclusion;direct_ecoCheck_runtime_mutation;mutate_coefficient_selector,PROFILE_GAP_AND_TEMPLATE_MATCHER_HINTS,APPROVED_RULE_INPUT,APPROVED_INDUSTRY_RULE_INPUT,industry_feature_generator,高复杂度化工画像样本,ECC_CANDIDATE_COVERAGE_IFS_MANIFEST_V1_0
ECC_IFS_017,BATCH4_NEW_FACTOR_INDUSTRY,industrial_wwtp,4620,污水处理及其再生利用,POSITIVE,wastewater_station;online_monitoring;general_solid_waste;unorganized_exhaust;exhaust_treatment_facility;involves_hazchem_major_hazard;liquid_chemical_tank_area;environmental_facility_operation;permit_execution_reporting;noise_source,污水厂;在线监测;污泥;除臭;废气治理;药剂;加药间;设施运行;执行报告;泵噪声,在线监测数据;污泥外运联单;环保设施运行记录,总排口数采仪;污泥脱水机;除臭生物滤池,是否为环保设施运营单位;在线监测和执行报告是否齐全;除臭和污泥外运是否规范,EcoCheck batch4 new-factor sampling,CANDIDATE_RECALLED,SITE_VERIFICATION_REQUIRED,HIGH,create_confirmed_dataset;formal_permit_type;formal_inspection_template;auto_deduct;auto_deduct_score;formal_compliance_conclusion;direct_ecoCheck_runtime_mutation;mutate_coefficient_selector,PROFILE_GAP_AND_TEMPLATE_MATCHER_HINTS,APPROVED_RULE_INPUT,APPROVED_INDUSTRY_RULE_INPUT,industry_feature_generator,环保设施运营单位样本,ECC_CANDIDATE_COVERAGE_IFS_MANIFEST_V1_0
ECC_IFS_018,BATCH4_NEW_FACTOR_INDUSTRY,waste_transfer_catering_waste,7820,环境卫生管理和餐厨垃圾处理,POSITIVE,production_process_activity;general_solid_waste;wastewater_generation;unorganized_exhaust;exhaust_treatment_facility;rain_sewage_separation;wastewater_discharge_route;rainwater_accident_risk;noise_source,垃圾中转;餐厨垃圾;渗滤液;恶臭;除臭;雨污分流;排水去向;初期雨水;压缩机噪声,垃圾转运台账;渗滤液收集记录;除臭设施运行记录,压缩站;渗滤液收集沟;除臭设施,是否有渗滤液或压缩液;除臭设施是否运行;排水去向和雨污分流是否明确,EcoCheck batch4 new-factor sampling,CANDIDATE_RECALLED,SITE_VERIFICATION_REQUIRED,HIGH,create_confirmed_dataset;formal_permit_type;formal_inspection_template;auto_deduct;auto_deduct_score;formal_compliance_conclusion;direct_ecoCheck_runtime_mutation;mutate_coefficient_selector,PROFILE_GAP_AND_TEMPLATE_MATCHER_HINTS,APPROVED_RULE_INPUT,APPROVED_INDUSTRY_RULE_INPUT,industry_feature_generator,固废处理设施类样本,ECC_CANDIDATE_COVERAGE_IFS_MANIFEST_V1_0
ECC_IFS_019,BATCH4_NEW_FACTOR_INDUSTRY,cold_chain_ammonia,5990,冷库冷链仓储,POSITIVE,noise_source;involves_hazchem_major_hazard;wastewater_generation;hazardous_waste;emergency_response_materials;rainwater_accident_risk,制冷噪声;液氨;融霜废水;废冷冻机油;应急物资;事故水,液氨制冷巡检记录;氨泄漏报警检查记录;废冷冻机油危废台账,制冷机房;氨泄漏报警器;应急物资柜,是否涉及液氨制冷;融霜废水和废冷冻机油如何处置;应急物资是否配置,EcoCheck batch4 new-factor sampling,CANDIDATE_RECALLED,SITE_VERIFICATION_REQUIRED,HIGH,create_confirmed_dataset;formal_permit_type;formal_inspection_template;auto_deduct;auto_deduct_score;formal_compliance_conclusion;direct_ecoCheck_runtime_mutation;mutate_coefficient_selector,PROFILE_GAP_AND_TEMPLATE_MATCHER_HINTS,APPROVED_RULE_INPUT,APPROVED_INDUSTRY_RULE_INPUT,industry_feature_generator,非生产但高危化风险样本,ECC_CANDIDATE_COVERAGE_IFS_MANIFEST_V1_0
ECC_IFS_020,BATCH4_NEW_FACTOR_INDUSTRY,kiln_building_materials,3031,砖瓦陶瓷玻璃建材窑炉,POSITIVE,production_process_activity;boiler_combustion;dust_particulate;exhaust_treatment_facility;organized_exhaust_stack;general_solid_waste;noise_source;rainwater_accident_risk,窑炉;燃烧;粉尘;烟气治理;排气筒;窑渣;噪声;堆场雨水,烟气治理运行记录;窑渣去向台账;排气筒监测报告,窑炉;布袋除尘器;烟囱铭牌,是否存在烧成窑炉;烟气是否治理;窑渣和堆场雨水如何管理,EcoCheck batch4 new-factor sampling,CANDIDATE_RECALLED,SITE_VERIFICATION_REQUIRED,HIGH,create_confirmed_dataset;formal_permit_type;formal_inspection_template;auto_deduct;auto_deduct_score;formal_compliance_conclusion;direct_ecoCheck_runtime_mutation;mutate_coefficient_selector,PROFILE_GAP_AND_TEMPLATE_MATCHER_HINTS,APPROVED_RULE_INPUT,APPROVED_INDUSTRY_RULE_INPUT,industry_feature_generator,炉窑型固定污染源样本,ECC_CANDIDATE_COVERAGE_IFS_MANIFEST_V1_0
ECC_IFS_021,BATCH4_NEW_FACTOR_INDUSTRY,slaughter_meat,1351,屠宰和肉制品加工,POSITIVE,production_process_activity;wastewater_generation;wastewater_station;general_solid_waste;unorganized_exhaust;exhaust_treatment_facility;noise_source;boiler_combustion;involves_hazchem_major_hazard,屠宰;高浓度废水;污水站;动物副产物;恶臭;除臭;噪声;锅炉;氨制冷,屠宰废水处理记录;动物副产物去向台账;除臭设施运行记录,屠宰清洗线;污水处理站;除臭设施,是否有屠宰和分割清洗;是否有恶臭除臭;是否涉及氨制冷,EcoCheck batch4 new-factor sampling,CANDIDATE_RECALLED,SITE_VERIFICATION_REQUIRED,HIGH,create_confirmed_dataset;formal_permit_type;formal_inspection_template;auto_deduct;auto_deduct_score;formal_compliance_conclusion;direct_ecoCheck_runtime_mutation;mutate_coefficient_selector,PROFILE_GAP_AND_TEMPLATE_MATCHER_HINTS,APPROVED_RULE_INPUT,APPROVED_INDUSTRY_RULE_INPUT,industry_feature_generator,食品加工特殊高风险分支,ECC_CANDIDATE_COVERAGE_IFS_MANIFEST_V1_0
ECC_IFS_022,BATCH4_NEW_FACTOR_INDUSTRY,recycling_waste_plastic,4220,废塑料再生,POSITIVE,production_process_activity;wastewater_generation;wastewater_station;dust_particulate;vocs_emission;exhaust_treatment_facility;hazardous_waste;general_solid_waste;noise_source;rainwater_accident_risk,分拣破碎;清洗废水;污水站;粉尘;造粒VOCs;废气治理;危废;污泥;噪声;堆场雨水,废塑料清洗废水记录;废活性炭危废台账;清洗污泥处置台账,破碎清洗线;造粒挤出机;废塑料堆场,是否存在清洗造粒;清洗废水是否处理;堆场雨水和危废如何管理,EcoCheck batch4 new-factor sampling,CANDIDATE_RECALLED,SITE_VERIFICATION_REQUIRED,HIGH,create_confirmed_dataset;formal_permit_type;formal_inspection_template;auto_deduct;auto_deduct_score;formal_compliance_conclusion;direct_ecoCheck_runtime_mutation;mutate_coefficient_selector,PROFILE_GAP_AND_TEMPLATE_MATCHER_HINTS,APPROVED_RULE_INPUT,APPROVED_INDUSTRY_RULE_INPUT,industry_feature_generator,再生资源处理样本,ECC_CANDIDATE_COVERAGE_IFS_MANIFEST_V1_0
ECC_IFS_023,BATCH4_NEW_FACTOR_INDUSTRY,district_heating_boiler,4430,热力生产和供应,POSITIVE,boiler_combustion;organized_exhaust_stack;exhaust_treatment_facility;online_monitoring;wastewater_generation;hazardous_waste;general_solid_waste;noise_source;permit_execution_reporting,锅炉;烟囱;低氮燃烧;在线监测;排污水;废树脂;灰渣;噪声;执行报告,锅炉运行记录;在线监测数据;废树脂危废台账,锅炉铭牌;烟囱排气筒;软化水装置,是否为集中供热锅炉房;在线监测和执行报告是否齐全;废树脂灰渣如何处置,EcoCheck batch4 new-factor sampling,CANDIDATE_RECALLED,SITE_VERIFICATION_REQUIRED,HIGH,create_confirmed_dataset;formal_permit_type;formal_inspection_template;auto_deduct;auto_deduct_score;formal_compliance_conclusion;direct_ecoCheck_runtime_mutation;mutate_coefficient_selector,PROFILE_GAP_AND_TEMPLATE_MATCHER_HINTS,APPROVED_RULE_INPUT,APPROVED_INDUSTRY_RULE_INPUT,industry_feature_generator,锅炉主体行业场景,ECC_CANDIDATE_COVERAGE_IFS_MANIFEST_V1_0
ECC_IFS_024,BATCH4_NEW_FACTOR_INDUSTRY,electroplating_park,3360,电镀园区和集中表面处理中心,POSITIVE,production_process_activity;wastewater_generation;wastewater_station;involves_heavy_metal;hazardous_waste;liquid_chemical_tank_area;involves_hazchem_major_hazard;soil_groundwater_risk;rainwater_accident_risk;online_monitoring;waste_transfer_ledger,电镀;废水;园区污水站;重金属;槽渣危废;槽液;危化;防渗;事故池;在线监测;联单,重金属在线监测数据;槽渣危废台账;分质收集管线说明,电镀槽;重金属废水处理站;事故池,是否集中表面处理;是否分质收集和重金属在线;事故池和槽液防渗是否确认,EcoCheck batch4 new-factor sampling,CANDIDATE_RECALLED,SITE_VERIFICATION_REQUIRED,HIGH,create_confirmed_dataset;formal_permit_type;formal_inspection_template;auto_deduct;auto_deduct_score;formal_compliance_conclusion;direct_ecoCheck_runtime_mutation;mutate_coefficient_selector,PROFILE_GAP_AND_TEMPLATE_MATCHER_HINTS,APPROVED_RULE_INPUT,APPROVED_INDUSTRY_RULE_INPUT,industry_feature_generator,园区集中治理样本,ECC_CANDIDATE_COVERAGE_IFS_MANIFEST_V1_0
ECC_IFS_025,BATCH4_NEW_FACTOR_INDUSTRY,port_ship_repair,5532,货运港口和船舶修理,POSITIVE,production_process_activity;wastewater_generation;hazardous_waste;general_solid_waste;dust_particulate;vocs_emission;exhaust_treatment_facility;liquid_chemical_tank_area;soil_groundwater_risk;rainwater_accident_risk;noise_source;emergency_response_materials,船舶维修;含油污水;废油泥;船舶污染物;喷砂粉尘;喷涂VOCs;废气治理;油罐;防渗;码头雨水;噪声;围油栏,船舶污染物接收台账;废油泥危废台账;码头雨水巡检记录,船舶维修区;散货堆场;围油栏应急物资,是否存在船修喷砂喷涂;是否接收船舶含油废物;码头雨水和应急围油栏是否确认,EcoCheck batch4 new-factor sampling,CANDIDATE_RECALLED,SITE_VERIFICATION_REQUIRED,HIGH,create_confirmed_dataset;formal_permit_type;formal_inspection_template;auto_deduct;auto_deduct_score;formal_compliance_conclusion;direct_ecoCheck_runtime_mutation;mutate_coefficient_selector,PROFILE_GAP_AND_TEMPLATE_MATCHER_HINTS,APPROVED_RULE_INPUT,APPROVED_INDUSTRY_RULE_INPUT,industry_feature_generator,户外开放场景和移动污染边界样本,ECC_CANDIDATE_COVERAGE_IFS_MANIFEST_V1_0
ECC_IFS_026,BATCH5_A,semiconductor_photovoltaic,3973,集成电路制造和光伏材料,POSITIVE,production_process_activity;wastewater_generation;vocs_emission;exhaust_treatment_facility;hazardous_waste;involves_hazchem_major_hazard;liquid_chemical_tank_area;soil_groundwater_risk;rainwater_accident_risk;dust_particulate;noise_source,半导体;含氟废水;洁净室排风;酸碱废气洗涤塔;废酸废碱;特气;药剂间;事故池;硅粉;空压站噪声,含氟废水处理记录;特气和危化品清单;酸碱废气洗涤塔运行记录,刻蚀清洗区;特气柜;事故池,是否存在晶圆刻蚀清洗;特气柜和酸碱废气是否治理;事故池和危化品柜是否确认,EcoCheck batch5 A sampling,CANDIDATE_RECALLED,SITE_VERIFICATION_REQUIRED,HIGH,create_confirmed_dataset;formal_permit_type;formal_inspection_template;auto_deduct;auto_deduct_score;formal_compliance_conclusion;direct_ecoCheck_runtime_mutation;mutate_coefficient_selector,PROFILE_GAP_AND_TEMPLATE_MATCHER_HINTS,APPROVED_RULE_INPUT,APPROVED_INDUSTRY_RULE_INPUT,industry_feature_generator,高危化高水处理洁净排风组合,ECC_CANDIDATE_COVERAGE_IFS_MANIFEST_V1_0
ECC_IFS_027,BATCH5_A,casting_diecasting,3391,铸造和压铸,POSITIVE,production_process_activity;boiler_combustion;dust_particulate;exhaust_treatment_facility;general_solid_waste;hazardous_waste;noise_source;vocs_emission,铸造;熔炼炉;浇注烟尘;除尘;废砂炉渣;废切削液;噪声;脱模剂VOCs,除尘设施运行记录;废砂炉渣去向台账;废切削液危废台账,熔炼炉;抛丸除尘器;废砂暂存区,是否存在熔炼压铸;除尘设施是否运行;废砂炉渣和废切削液如何处置,EcoCheck batch5 A sampling,CANDIDATE_RECALLED,SITE_VERIFICATION_REQUIRED,HIGH,create_confirmed_dataset;formal_permit_type;formal_inspection_template;auto_deduct;auto_deduct_score;formal_compliance_conclusion;direct_ecoCheck_runtime_mutation;mutate_coefficient_selector,PROFILE_GAP_AND_TEMPLATE_MATCHER_HINTS,APPROVED_RULE_INPUT,APPROVED_INDUSTRY_RULE_INPUT,industry_feature_generator,金属热加工区别于机加工样本,ECC_CANDIDATE_COVERAGE_IFS_MANIFEST_V1_0
ECC_IFS_028,BATCH5_A,hazwaste_operator,7724,危险废物治理和小微收集平台,POSITIVE,hazardous_waste;hazwaste_storage_room;waste_transfer_ledger;soil_groundwater_risk;rainwater_accident_risk;emergency_response_materials;permit_execution_reporting;liquid_chemical_tank_area,危废经营;危废贮存区;联单;防渗;事故水;应急物资;经营许可证;分区贮存,危废经营许可证;转移联单台账;防渗围堰巡检记录,危废贮存区;分类分区标识;事故池,是否接收危废实物;危废贮存区是否分类分区;防渗事故水和联单是否齐全,EcoCheck batch5 A sampling,CANDIDATE_RECALLED,SITE_VERIFICATION_REQUIRED,HIGH,create_confirmed_dataset;formal_permit_type;formal_inspection_template;auto_deduct;auto_deduct_score;formal_compliance_conclusion;direct_ecoCheck_runtime_mutation;mutate_coefficient_selector,PROFILE_GAP_AND_TEMPLATE_MATCHER_HINTS,APPROVED_RULE_INPUT,APPROVED_INDUSTRY_RULE_INPUT,industry_feature_generator,经营贮存端而非普通产废单位,ECC_CANDIDATE_COVERAGE_IFS_MANIFEST_V1_0
ECC_IFS_029,BATCH5_A,medwaste_central_treatment,7724,医疗废物集中处置,POSITIVE,production_process_activity;medwaste_disposal_agreement;medwaste_storage_transfer;hazwaste_storage_room;waste_transfer_ledger;wastewater_generation;wastewater_station;unorganized_exhaust;exhaust_treatment_facility;hazardous_waste;boiler_combustion;emergency_response_materials,医废处置;医废转运;医废暂存;联单;清洗消毒废水;污水站;异味;喷淋塔;危险废物;焚烧;应急,医疗废物转运台账;灭菌或焚烧运行记录;污水站运行记录,医废暂存冷库;灭菌或焚烧设施;废气治理设施,是否为集中处置单位;是否存在灭菌焚烧和周转箱清洗;医废联单和污水站是否齐全,EcoCheck batch5 A sampling,CANDIDATE_RECALLED,SITE_VERIFICATION_REQUIRED,HIGH,create_confirmed_dataset;formal_permit_type;formal_inspection_template;auto_deduct;auto_deduct_score;formal_compliance_conclusion;direct_ecoCheck_runtime_mutation;mutate_coefficient_selector,PROFILE_GAP_AND_TEMPLATE_MATCHER_HINTS,APPROVED_RULE_INPUT,APPROVED_INDUSTRY_RULE_INPUT,industry_feature_generator,处理端区别于医院医废暂存,ECC_CANDIDATE_COVERAGE_IFS_MANIFEST_V1_0
ECC_IFS_030,BATCH5_A,organic_fertilizer_manure,2625,有机肥料制造和粪污资源化,POSITIVE,production_process_activity;wastewater_generation;general_solid_waste;unorganized_exhaust;exhaust_treatment_facility;soil_groundwater_risk;rainwater_accident_risk;rain_sewage_separation;noise_source;dust_particulate,有机肥发酵;堆肥渗滤液;沼渣;发酵臭气;除臭;防渗;初期雨水;雨污分流;翻抛噪声;包装粉尘,粪污接收台账;除臭设施运行记录;防渗巡检记录,发酵翻抛区;粪污暂存池;除臭生物滤池,是否接收粪污;是否有发酵除臭和防渗;雨污分流和渗滤液是否确认,EcoCheck batch5 A sampling,CANDIDATE_RECALLED,SITE_VERIFICATION_REQUIRED,HIGH,create_confirmed_dataset;formal_permit_type;formal_inspection_template;auto_deduct;auto_deduct_score;formal_compliance_conclusion;direct_ecoCheck_runtime_mutation;mutate_coefficient_selector,PROFILE_GAP_AND_TEMPLATE_MATCHER_HINTS,APPROVED_RULE_INPUT,APPROVED_INDUSTRY_RULE_INPUT,industry_feature_generator,养殖后端资源化处理样本,ECC_CANDIDATE_COVERAGE_IFS_MANIFEST_V1_0
ECC_IFS_031,BATCH5_B,adhesive_ink_use,3979,电子组装胶黏剂油墨使用端,POSITIVE,production_process_activity;vocs_emission;hazardous_waste;exhaust_treatment_facility;organized_exhaust_stack;involves_hazchem_major_hazard,点胶丝印;VOCs;废胶废溶剂;活性炭;排气筒;清洗剂,油墨胶黏剂用量台账;废活性炭危废台账;废气治理运行记录,点胶丝印工位;活性炭吸附箱;危废暂存间,是否存在点胶涂胶丝印;是否有废胶废溶剂;是否有废气治理和排气筒,EcoCheck batch5 B sampling,CANDIDATE_RECALLED,SITE_VERIFICATION_REQUIRED,HIGH,create_confirmed_dataset;formal_permit_type;formal_inspection_template;auto_deduct;auto_deduct_score;formal_compliance_conclusion;direct_ecoCheck_runtime_mutation;mutate_coefficient_selector,PROFILE_GAP_AND_TEMPLATE_MATCHER_HINTS,APPROVED_RULE_INPUT,APPROVED_INDUSTRY_RULE_INPUT,industry_feature_generator,使用端而非制造端VOCs样本,ECC_CANDIDATE_COVERAGE_IFS_MANIFEST_V1_0
ECC_IFS_032,BATCH5_B,textile_finishing_coated_fabric,1752,染整后整理和涂层布,POSITIVE,production_process_activity;wastewater_generation;wastewater_station;vocs_emission;boiler_combustion;general_solid_waste;exhaust_treatment_facility;noise_source,后整理;废水;污水站;涂层胶VOCs;锅炉;污泥;定型废气治理;风机噪声,定型废气治理记录;污水站运行记录;污泥处置台账,定型机;涂层工段;污水处理站,是否有定型涂层和水洗;污水站和污泥是否管理;锅炉和废气治理是否确认,EcoCheck batch5 B sampling,CANDIDATE_RECALLED,SITE_VERIFICATION_REQUIRED,HIGH,create_confirmed_dataset;formal_permit_type;formal_inspection_template;auto_deduct;auto_deduct_score;formal_compliance_conclusion;direct_ecoCheck_runtime_mutation;mutate_coefficient_selector,PROFILE_GAP_AND_TEMPLATE_MATCHER_HINTS,APPROVED_RULE_INPUT,APPROVED_INDUSTRY_RULE_INPUT,industry_feature_generator,印染后整理补充分支,ECC_CANDIDATE_COVERAGE_IFS_MANIFEST_V1_0
ECC_IFS_033,BATCH5_B,detergent_daily_chemical,2681,肥皂洗涤剂和日化品制造,POSITIVE,production_process_activity;wastewater_generation;wastewater_station;vocs_emission;hazardous_waste;involves_hazchem_major_hazard;liquid_chemical_tank_area;soil_groundwater_risk;rainwater_accident_risk;general_solid_waste,日化制造;清洗废水;污水站;香精乙醇;废包装桶;危化;储罐;防渗;事故水;一般固废,清洗废水记录;废包装桶危废台账;危化品清单,配液反应釜;储罐区;污水处理站,是否存在配液乳化灌装;香精乙醇和储罐是否涉及;清洗废水和废包装桶如何管理,EcoCheck batch5 B sampling,CANDIDATE_RECALLED,SITE_VERIFICATION_REQUIRED,HIGH,create_confirmed_dataset;formal_permit_type;formal_inspection_template;auto_deduct;auto_deduct_score;formal_compliance_conclusion;direct_ecoCheck_runtime_mutation;mutate_coefficient_selector,PROFILE_GAP_AND_TEMPLATE_MATCHER_HINTS,APPROVED_RULE_INPUT,APPROVED_INDUSTRY_RULE_INPUT,industry_feature_generator,轻工与化工交界样本,ECC_CANDIDATE_COVERAGE_IFS_MANIFEST_V1_0
ECC_IFS_034,BATCH5_B,auto_4s_repair_complex,8111,汽车4S维修综合体,POSITIVE,production_process_activity;vocs_emission;dust_particulate;hazardous_waste;hazwaste_storage_room;exhaust_treatment_facility;wastewater_generation;wastewater_discharge_route;rain_sewage_separation;rainwater_accident_risk;soil_groundwater_risk;noise_source,维修;喷漆房;打磨粉尘;危废;危废间;废气治理;洗车废水;排水去向;雨污分流;事故水;含油防渗;噪声,废机油危废台账;喷漆房维护记录;隔油池清掏记录,喷漆房;危废暂存间;洗车隔油池,是否仅销售还是维修综合体;是否有喷漆洗车隔油;危废间和雨污分流是否确认,EcoCheck batch5 B sampling,CANDIDATE_RECALLED,SITE_VERIFICATION_REQUIRED,HIGH,create_confirmed_dataset;formal_permit_type;formal_inspection_template;auto_deduct;auto_deduct_score;formal_compliance_conclusion;direct_ecoCheck_runtime_mutation;mutate_coefficient_selector,PROFILE_GAP_AND_TEMPLATE_MATCHER_HINTS,APPROVED_RULE_INPUT,APPROVED_INDUSTRY_RULE_INPUT,industry_feature_generator,维修加洗车加喷漆组合样本,ECC_CANDIDATE_COVERAGE_IFS_MANIFEST_V1_0
ECC_IFS_035,BATCH5_B,logistics_cold_chain_park,5990,大型物流园和冷链物流园,POSITIVE,wastewater_generation;rain_sewage_separation;wastewater_discharge_route;rainwater_accident_risk;emergency_response_materials;hazardous_waste;involves_hazchem_major_hazard;noise_source;boiler_combustion,车辆冲洗;雨污分流;排水去向;事故水;应急;废冷冻机油;液氨;制冷机噪声;柴油发电机,冷链制冷巡检记录;车辆冲洗废水记录;废冷冻机油危废台账,制冷机房;车辆冲洗区;应急物资柜,是否普通仓配还是冷链液氨;车辆冲洗和排水去向是否明确;废冷冻机油和应急物资是否管理,EcoCheck batch5 B sampling,CANDIDATE_RECALLED,SITE_VERIFICATION_REQUIRED,HIGH,create_confirmed_dataset;formal_permit_type;formal_inspection_template;auto_deduct;auto_deduct_score;formal_compliance_conclusion;direct_ecoCheck_runtime_mutation;mutate_coefficient_selector,PROFILE_GAP_AND_TEMPLATE_MATCHER_HINTS,APPROVED_RULE_INPUT,APPROVED_INDUSTRY_RULE_INPUT,industry_feature_generator,物流园多业态样本,ECC_CANDIDATE_COVERAGE_IFS_MANIFEST_V1_0
ECC_IFS_036,BATCH5_C,funeral_cremation,8080,殡葬服务火化,POSITIVE,production_process_activity;boiler_combustion;organized_exhaust_stack;exhaust_treatment_facility;unorganized_exhaust;hazardous_waste;wastewater_generation;noise_source,火化;火化炉;排气筒;烟气净化;异味;废活性炭飞灰;生活污水;风机噪声,火化烟气净化运行记录;废活性炭处置台账;排气筒监测报告,火化炉;烟气净化设施;烟囱排气筒,是否存在火化炉;烟气净化和排气筒是否监测;废活性炭飞灰如何处置,EcoCheck batch5 C sampling,CANDIDATE_RECALLED,SITE_VERIFICATION_REQUIRED,HIGH,create_confirmed_dataset;formal_permit_type;formal_inspection_template;auto_deduct;auto_deduct_score;formal_compliance_conclusion;direct_ecoCheck_runtime_mutation;mutate_coefficient_selector,PROFILE_GAP_AND_TEMPLATE_MATCHER_HINTS,APPROVED_RULE_INPUT,APPROVED_INDUSTRY_RULE_INPUT,industry_feature_generator,火化固定燃烧源样本,ECC_CANDIDATE_COVERAGE_IFS_MANIFEST_V1_0
ECC_IFS_037,BATCH5_C,lab_animal_room,7340,医学研究实验动物房,POSITIVE,production_process_activity;wastewater_generation;hazardous_waste;general_solid_waste;unorganized_exhaust;exhaust_treatment_facility;involves_hazchem_major_hazard;noise_source;hazwaste_storage_room,实验动物;笼具清洗废水;动物尸体;垫料;动物房废气;动物房排风;试剂;风机噪声;危废暂存间,动物尸体处置记录;实验室废液危废台账;动物房排风运行记录,动物房;笼具清洗区;废物暂存点,是否为动物房作业;动物尸体和垫料如何处置;动物房排风除臭和试剂是否管理,EcoCheck batch5 C sampling,CANDIDATE_RECALLED,SITE_VERIFICATION_REQUIRED,HIGH,create_confirmed_dataset;formal_permit_type;formal_inspection_template;auto_deduct;auto_deduct_score;formal_compliance_conclusion;direct_ecoCheck_runtime_mutation;mutate_coefficient_selector,PROFILE_GAP_AND_TEMPLATE_MATCHER_HINTS,APPROVED_RULE_INPUT,APPROVED_INDUSTRY_RULE_INPUT,industry_feature_generator,生物安全废物边界样本,ECC_CANDIDATE_COVERAGE_IFS_MANIFEST_V1_0
ECC_IFS_038,BATCH5_C,carwash_detailing,8111,洗车汽车美容连锁,POSITIVE,wastewater_generation;wastewater_discharge_route;rain_sewage_separation;rainwater_accident_risk;general_solid_waste;hazardous_waste;soil_groundwater_risk;noise_source;involves_hazchem_major_hazard,洗车废水;排水去向;雨污分流;油水分离;沉淀池泥砂;含油抹布;防渗;空压机噪声;洗车剂,洗车废水处理记录;隔油池清掏记录;含油抹布处置记录,洗车区;隔油沉淀池;排水沟,是否纯洗车还是含维修喷漆;隔油沉淀池和排水去向是否明确;含油废物如何处置,EcoCheck batch5 C sampling,CANDIDATE_RECALLED,SITE_VERIFICATION_REQUIRED,HIGH,create_confirmed_dataset;formal_permit_type;formal_inspection_template;auto_deduct;auto_deduct_score;formal_compliance_conclusion;direct_ecoCheck_runtime_mutation;mutate_coefficient_selector,PROFILE_GAP_AND_TEMPLATE_MATCHER_HINTS,APPROVED_RULE_INPUT,APPROVED_INDUSTRY_RULE_INPUT,industry_feature_generator,纯洗车美容边界样本,ECC_CANDIDATE_COVERAGE_IFS_MANIFEST_V1_0
ECC_IFS_039,BATCH5_C,optical_lens_glass_processing,3054,光学玻璃和镜片深加工,POSITIVE,production_process_activity;wastewater_generation;dust_particulate;general_solid_waste;hazardous_waste;involves_hazchem_major_hazard;vocs_emission;noise_source,镜片加工;研磨废水;玻璃粉尘;边角料;废切削液;酸碱清洗剂;清洗剂VOCs;空压站噪声,研磨抛光废水记录;废切削液危废台账;边角料处置台账,镜片研磨线;清洗槽;危废暂存点,是否为深加工而非窑炉制造;研磨抛光废水如何处理;废切削液和清洗剂是否纳管,EcoCheck batch5 C sampling,CANDIDATE_RECALLED,SITE_VERIFICATION_REQUIRED,HIGH,create_confirmed_dataset;formal_permit_type;formal_inspection_template;auto_deduct;auto_deduct_score;formal_compliance_conclusion;direct_ecoCheck_runtime_mutation;mutate_coefficient_selector,PROFILE_GAP_AND_TEMPLATE_MATCHER_HINTS,APPROVED_RULE_INPUT,APPROVED_INDUSTRY_RULE_INPUT,industry_feature_generator,玻璃深加工区别于玻璃窑炉,ECC_CANDIDATE_COVERAGE_IFS_MANIFEST_V1_0
ECC_IFS_040,BATCH5_C,pcb_outsourced_repair_recycling,3972,线路板外协和电子维修回收,POSITIVE,production_process_activity;hazardous_waste;involves_heavy_metal;wastewater_generation;involves_hazchem_major_hazard;vocs_emission;exhaust_treatment_facility;dust_particulate;general_solid_waste;hazwaste_storage_room;waste_transfer_ledger;soil_groundwater_risk,线路板拆解;废电路板;含铅焊料;含铜废水;酸洗;助焊剂;废气治理;焊烟;边角料;危废间;联单;防渗,废电路板危废台账;转移联单;含铜废水记录,焊接拆解工位;危废暂存间;废气治理设施,是否存在PCB拆解或维修;废电路板和含铜废水是否管理;危废间联单和防渗是否确认,EcoCheck batch5 C sampling,CANDIDATE_RECALLED,SITE_VERIFICATION_REQUIRED,HIGH,create_confirmed_dataset;formal_permit_type;formal_inspection_template;auto_deduct;auto_deduct_score;formal_compliance_conclusion;direct_ecoCheck_runtime_mutation;mutate_coefficient_selector,PROFILE_GAP_AND_TEMPLATE_MATCHER_HINTS,APPROVED_RULE_INPUT,APPROVED_INDUSTRY_RULE_INPUT,industry_feature_generator,小作坊和维修回收边界样本,ECC_CANDIDATE_COVERAGE_IFS_MANIFEST_V1_0
ECC_IFS_NEG_001,NEGATIVE_SAMPLE,office_only,7299,商务服务纯办公,NEGATIVE,production_process_activity;wastewater_station;hazardous_waste;involves_hazchem_major_hazard;unorganized_exhaust;soil_groundwater_risk;rainwater_accident_risk,不得触发生产;不得触发污水站;不得触发危废;不得触发危化;不得触发废气;不得触发防渗;不得触发事故水,不涉及专项设施说明,普通现场全景,是否确认为仅办公且无实验室无维修无清洗无危化无危废,EcoCheck negative sampling,NOT_APPLY_WITH_EVIDENCE,BLOCKED_BY_NEGATIVE_SAMPLE,HIGH,create_confirmed_dataset;formal_permit_type;formal_inspection_template;auto_deduct;auto_deduct_score;formal_compliance_conclusion;direct_ecoCheck_runtime_mutation;mutate_coefficient_selector;activate_positive_factor_without_evidence;override_site_fact,PROFILE_GAP_AND_TEMPLATE_MATCHER_HINTS,APPROVED_RULE_INPUT,APPROVED_INDUSTRY_RULE_INPUT,industry_feature_generator,否定样本只用于阻止误触发,ECC_CANDIDATE_COVERAGE_IFS_MANIFEST_V1_0
ECC_IFS_NEG_002,NEGATIVE_SAMPLE,passenger_port,5531,客运港口普通件杂货港口,NEGATIVE,production_process_activity;hazardous_waste;involves_hazchem_major_hazard;soil_groundwater_risk;rainwater_accident_risk;unorganized_exhaust,不得触发船修生产;不得触发危废;不得触发危化;不得触发防渗;不得触发雨水事故;不得触发废气,不涉及专项设施说明,普通现场全景,是否无船舶维修无清洗无储油无危化仓储无散货堆场,EcoCheck negative sampling,NOT_APPLY_WITH_EVIDENCE,BLOCKED_BY_NEGATIVE_SAMPLE,HIGH,create_confirmed_dataset;formal_permit_type;formal_inspection_template;auto_deduct;auto_deduct_score;formal_compliance_conclusion;direct_ecoCheck_runtime_mutation;mutate_coefficient_selector;activate_positive_factor_without_evidence;override_site_fact,PROFILE_GAP_AND_TEMPLATE_MATCHER_HINTS,APPROVED_RULE_INPUT,APPROVED_INDUSTRY_RULE_INPUT,industry_feature_generator,普通港口边界样本,ECC_CANDIDATE_COVERAGE_IFS_MANIFEST_V1_0
ECC_IFS_NEG_003,NEGATIVE_SAMPLE,ecommerce_warehouse,5990,常温成品仓和电商仓配,NEGATIVE,production_process_activity;hazardous_waste;involves_hazchem_major_hazard;soil_groundwater_risk;rainwater_accident_risk,不得触发生产;不得触发危废;不得触发危化;不得触发防渗;不得触发事故水,不涉及专项设施说明,普通现场全景,是否为纯仓储且无分装维修清洗危化危废油品储罐围堰事故池,EcoCheck negative sampling,NOT_APPLY_WITH_EVIDENCE,BLOCKED_BY_NEGATIVE_SAMPLE,HIGH,create_confirmed_dataset;formal_permit_type;formal_inspection_template;auto_deduct;auto_deduct_score;formal_compliance_conclusion;direct_ecoCheck_runtime_mutation;mutate_coefficient_selector;activate_positive_factor_without_evidence;override_site_fact,PROFILE_GAP_AND_TEMPLATE_MATCHER_HINTS,APPROVED_RULE_INPUT,APPROVED_INDUSTRY_RULE_INPUT,industry_feature_generator,普通仓储边界样本,ECC_CANDIDATE_COVERAGE_IFS_MANIFEST_V1_0
ECC_IFS_NEG_004,NEGATIVE_SAMPLE,chip_design_office,6520,芯片设计和光伏组件销售,NEGATIVE,production_process_activity;wastewater_station;hazardous_waste;involves_hazchem_major_hazard;soil_groundwater_risk;rainwater_accident_risk,不得触发半导体制造;不得触发污水站;不得触发危废;不得触发特气危化;不得触发防渗;不得触发事故水,不涉及专项设施说明,普通现场全景,是否仅办公研发销售且无实验室生产刻蚀清洗危化品危废,EcoCheck negative sampling,NOT_APPLY_WITH_EVIDENCE,BLOCKED_BY_NEGATIVE_SAMPLE,HIGH,create_confirmed_dataset;formal_permit_type;formal_inspection_template;auto_deduct;auto_deduct_score;formal_compliance_conclusion;direct_ecoCheck_runtime_mutation;mutate_coefficient_selector;activate_positive_factor_without_evidence;override_site_fact,PROFILE_GAP_AND_TEMPLATE_MATCHER_HINTS,APPROVED_RULE_INPUT,APPROVED_INDUSTRY_RULE_INPUT,industry_feature_generator,高风险行业名不等于制造现场,ECC_CANDIDATE_COVERAGE_IFS_MANIFEST_V1_0
ECC_IFS_NEG_005,NEGATIVE_SAMPLE,metal_trade_no_casting,5164,金属制品贸易和模具设计,NEGATIVE,production_process_activity;dust_particulate;hazardous_waste;boiler_combustion,不得触发铸造熔炼;不得触发粉尘;不得触发危废;不得触发熔炼炉,不涉及专项设施说明,普通现场全景,是否仅贸易设计且无铸造熔炼压铸喷涂清洗危废,EcoCheck negative sampling,NOT_APPLY_WITH_EVIDENCE,BLOCKED_BY_NEGATIVE_SAMPLE,HIGH,create_confirmed_dataset;formal_permit_type;formal_inspection_template;auto_deduct;auto_deduct_score;formal_compliance_conclusion;direct_ecoCheck_runtime_mutation;mutate_coefficient_selector;activate_positive_factor_without_evidence;override_site_fact,PROFILE_GAP_AND_TEMPLATE_MATCHER_HINTS,APPROVED_RULE_INPUT,APPROVED_INDUSTRY_RULE_INPUT,industry_feature_generator,金属贸易边界样本,ECC_CANDIDATE_COVERAGE_IFS_MANIFEST_V1_0
ECC_IFS_NEG_006,NEGATIVE_SAMPLE,hazwaste_consulting,7249,危废咨询和转运经纪,NEGATIVE,hazardous_waste;hazwaste_storage_room;liquid_chemical_tank_area;soil_groundwater_risk;rainwater_accident_risk,不得触发危废实体;不得触发危废贮存;不得触发储罐区;不得触发防渗;不得触发事故水,不涉及专项设施说明,普通现场全景,是否不设危废贮存区不接收实物不设暂存库无危废无围堰事故池,EcoCheck negative sampling,NOT_APPLY_WITH_EVIDENCE,BLOCKED_BY_NEGATIVE_SAMPLE,HIGH,create_confirmed_dataset;formal_permit_type;formal_inspection_template;auto_deduct;auto_deduct_score;formal_compliance_conclusion;direct_ecoCheck_runtime_mutation;mutate_coefficient_selector;activate_positive_factor_without_evidence;override_site_fact,PROFILE_GAP_AND_TEMPLATE_MATCHER_HINTS,APPROVED_RULE_INPUT,APPROVED_INDUSTRY_RULE_INPUT,industry_feature_generator,危废咨询不是危废经营贮存,ECC_CANDIDATE_COVERAGE_IFS_MANIFEST_V1_0
ECC_IFS_NEG_007,NEGATIVE_SAMPLE,clinic_outsourced_medwaste,8421,普通诊所,NEGATIVE,production_process_activity;boiler_combustion;wastewater_station;exhaust_treatment_facility,不得触发医废集中处置;不得触发焚烧;不得触发污水站;不得触发废气治理,不涉及专项设施说明,普通现场全景,是否仅产生少量医废并委外处置且无集中处置灭菌焚烧周转箱清洗消毒废水污水处理站,EcoCheck negative sampling,NOT_APPLY_WITH_EVIDENCE,BLOCKED_BY_NEGATIVE_SAMPLE,HIGH,create_confirmed_dataset;formal_permit_type;formal_inspection_template;auto_deduct;auto_deduct_score;formal_compliance_conclusion;direct_ecoCheck_runtime_mutation;mutate_coefficient_selector;activate_positive_factor_without_evidence;override_site_fact,PROFILE_GAP_AND_TEMPLATE_MATCHER_HINTS,APPROVED_RULE_INPUT,APPROVED_INDUSTRY_RULE_INPUT,industry_feature_generator,普通医疗机构不等于医废集中处置,ECC_CANDIDATE_COVERAGE_IFS_MANIFEST_V1_0
ECC_IFS_NEG_008,NEGATIVE_SAMPLE,organic_fertilizer_shop,5199,有机肥销售和农资门店,NEGATIVE,production_process_activity;wastewater_generation;soil_groundwater_risk;rainwater_accident_risk;unorganized_exhaust,不得触发有机肥生产;不得触发渗滤液;不得触发防渗;不得触发雨水事故;不得触发臭气,不涉及专项设施说明,普通现场全景,是否仅成品袋装销售且无堆肥发酵无翻抛无接收粪污无暂存池无渗滤液,EcoCheck negative sampling,NOT_APPLY_WITH_EVIDENCE,BLOCKED_BY_NEGATIVE_SAMPLE,HIGH,create_confirmed_dataset;formal_permit_type;formal_inspection_template;auto_deduct;auto_deduct_score;formal_compliance_conclusion;direct_ecoCheck_runtime_mutation;mutate_coefficient_selector;activate_positive_factor_without_evidence;override_site_fact,PROFILE_GAP_AND_TEMPLATE_MATCHER_HINTS,APPROVED_RULE_INPUT,APPROVED_INDUSTRY_RULE_INPUT,industry_feature_generator,商品销售不等于有机肥生产,ECC_CANDIDATE_COVERAGE_IFS_MANIFEST_V1_0
