catalog_entry_no,major_category_text,industry_category_text,gb_code_fragments,target_management,candidate_code,candidate_code_level,matched_industry_name,raw_fragment,raw_condition,review_status,review_question,source_basis,confidence,runtime_status,source_page
9,八、农副食品加工业13,谷物磨制131,131,REGISTRATION,131,group,谷物磨制,谷物磨制131﹡,谷物磨制131﹡,LIKELY_GROUP_CODE_NEED_SCOPE_CONFIRM,该数字是否为名录条件中的行业代码范围/例外项，而不是规模阈值或脚注编号？,permit_management_catalog_table_cells.csv -> permit_condition_normalization_draft.csv; industry_catalog_base.csv GB/T 4754 base,LOW,DRAFT_NOT_FOR_RUNTIME,5
10,八、农副食品加工业13,饲料加工132,132,SIMPLIFIED,132,group,饲料加工,饲料加工132（有发酵工艺的）,饲料加工132（有发酵工艺的）﹡,LIKELY_GROUP_CODE_NEED_SCOPE_CONFIRM,该数字是否为名录条件中的行业代码范围/例外项，而不是规模阈值或脚注编号？,permit_management_catalog_table_cells.csv -> permit_condition_normalization_draft.csv; industry_catalog_base.csv GB/T 4754 base,LOW,DRAFT_NOT_FOR_RUNTIME,5
10,八、农副食品加工业13,饲料加工132,132,REGISTRATION,132,group,饲料加工,饲料加工132（无发酵工艺的）,饲料加工132（无发酵工艺的）﹡,LIKELY_GROUP_CODE_NEED_SCOPE_CONFIRM,该数字是否为名录条件中的行业代码范围/例外项，而不是规模阈值或脚注编号？,permit_management_catalog_table_cells.csv -> permit_condition_normalization_draft.csv; industry_catalog_base.csv GB/T 4754 base,LOW,DRAFT_NOT_FOR_RUNTIME,5
14,八、农副食品加工业13,水产品加工136,136,SIMPLIFIED,1361,class,水产品冷冻加工,的水产品冷冻加工1361、鱼糜制品及水产,年加工10 万吨及以上的水产品冷冻 加工1361、鱼糜制品及水产品干腌制 加工1362、鱼油提取及制品制造 1363、其他水产品加工1369,LIKELY_CLASS_CODE_NEED_SCOPE_CONFIRM,该数字是否为名录条件中的行业代码范围/例外项，而不是规模阈值或脚注编号？,permit_management_catalog_table_cells.csv -> permit_condition_normalization_draft.csv; industry_catalog_base.csv GB/T 4754 base,LOW,DRAFT_NOT_FOR_RUNTIME,5
14,八、农副食品加工业13,水产品加工136,136,SIMPLIFIED,1362,class,鱼糜制品及水产品干腌制加工,水产品干腌制加工1362、鱼油提取及制品,年加工10 万吨及以上的水产品冷冻 加工1361、鱼糜制品及水产品干腌制 加工1362、鱼油提取及制品制造 1363、其他水产品加工1369,LIKELY_CLASS_CODE_NEED_SCOPE_CONFIRM,该数字是否为名录条件中的行业代码范围/例外项，而不是规模阈值或脚注编号？,permit_management_catalog_table_cells.csv -> permit_condition_normalization_draft.csv; industry_catalog_base.csv GB/T 4754 base,LOW,DRAFT_NOT_FOR_RUNTIME,5
14,八、农副食品加工业13,水产品加工136,136,SIMPLIFIED,1363,class,鱼油提取及制品制造,油提取及制品制造1363、其他水产品加工,年加工10 万吨及以上的水产品冷冻 加工1361、鱼糜制品及水产品干腌制 加工1362、鱼油提取及制品制造 1363、其他水产品加工1369,LIKELY_CLASS_CODE_NEED_SCOPE_CONFIRM,该数字是否为名录条件中的行业代码范围/例外项，而不是规模阈值或脚注编号？,permit_management_catalog_table_cells.csv -> permit_condition_normalization_draft.csv; industry_catalog_base.csv GB/T 4754 base,LOW,DRAFT_NOT_FOR_RUNTIME,5
14,八、农副食品加工业13,水产品加工136,136,SIMPLIFIED,1369,class,其他水产品加工,、其他水产品加工1369,年加工10 万吨及以上的水产品冷冻 加工1361、鱼糜制品及水产品干腌制 加工1362、鱼油提取及制品制造 1363、其他水产品加工1369,LIKELY_CLASS_CODE_NEED_SCOPE_CONFIRM,该数字是否为名录条件中的行业代码范围/例外项，而不是规模阈值或脚注编号？,permit_management_catalog_table_cells.csv -> permit_condition_normalization_draft.csv; industry_catalog_base.csv GB/T 4754 base,LOW,DRAFT_NOT_FOR_RUNTIME,5
17,九、食品制造业14,方便食品制造143，其他食品制造149,143;149,SIMPLIFIED,1431,class,米、面制品制造,米、面制品制造1431﹡，速冻食品制造,米、面制品制造1431﹡，速冻食品制 造1432﹡，方便面制造1433﹡，其 他方便食品制造1439﹡，食品及饲料 添加剂制造1495﹡，以上均不含手工 制作、单纯混合或者分装的,LIKELY_CLASS_CODE_NEED_SCOPE_CONFIRM,该数字是否为名录条件中的行业代码范围/例外项，而不是规模阈值或脚注编号？,permit_management_catalog_table_cells.csv -> permit_condition_normalization_draft.csv; industry_catalog_base.csv GB/T 4754 base,LOW,DRAFT_NOT_FOR_RUNTIME,6
17,九、食品制造业14,方便食品制造143，其他食品制造149,143;149,SIMPLIFIED,1432,class,速冻食品制造,﹡，速冻食品制造1432﹡，方便面制造1,米、面制品制造1431﹡，速冻食品制 造1432﹡，方便面制造1433﹡，其 他方便食品制造1439﹡，食品及饲料 添加剂制造1495﹡，以上均不含手工 制作、单纯混合或者分装的,LIKELY_CLASS_CODE_NEED_SCOPE_CONFIRM,该数字是否为名录条件中的行业代码范围/例外项，而不是规模阈值或脚注编号？,permit_management_catalog_table_cells.csv -> permit_condition_normalization_draft.csv; industry_catalog_base.csv GB/T 4754 base,LOW,DRAFT_NOT_FOR_RUNTIME,6
17,九、食品制造业14,方便食品制造143，其他食品制造149,143;149,SIMPLIFIED,1433,class,方便面制造,2﹡，方便面制造1433﹡，其他方便食品,米、面制品制造1431﹡，速冻食品制 造1432﹡，方便面制造1433﹡，其 他方便食品制造1439﹡，食品及饲料 添加剂制造1495﹡，以上均不含手工 制作、单纯混合或者分装的,LIKELY_CLASS_CODE_NEED_SCOPE_CONFIRM,该数字是否为名录条件中的行业代码范围/例外项，而不是规模阈值或脚注编号？,permit_management_catalog_table_cells.csv -> permit_condition_normalization_draft.csv; industry_catalog_base.csv GB/T 4754 base,LOW,DRAFT_NOT_FOR_RUNTIME,6
17,九、食品制造业14,方便食品制造143，其他食品制造149,143;149,SIMPLIFIED,1439,class,其他方便食品制造,其他方便食品制造1439﹡，食品及饲料添,米、面制品制造1431﹡，速冻食品制 造1432﹡，方便面制造1433﹡，其 他方便食品制造1439﹡，食品及饲料 添加剂制造1495﹡，以上均不含手工 制作、单纯混合或者分装的,LIKELY_CLASS_CODE_NEED_SCOPE_CONFIRM,该数字是否为名录条件中的行业代码范围/例外项，而不是规模阈值或脚注编号？,permit_management_catalog_table_cells.csv -> permit_condition_normalization_draft.csv; industry_catalog_base.csv GB/T 4754 base,LOW,DRAFT_NOT_FOR_RUNTIME,6
17,九、食品制造业14,方便食品制造143，其他食品制造149,143;149,SIMPLIFIED,1495,class,食品及饲料添加剂制造,及饲料添加剂制造1495﹡，以上均不含手,米、面制品制造1431﹡，速冻食品制 造1432﹡，方便面制造1433﹡，其 他方便食品制造1439﹡，食品及饲料 添加剂制造1495﹡，以上均不含手工 制作、单纯混合或者分装的,LIKELY_CLASS_CODE_NEED_SCOPE_CONFIRM,该数字是否为名录条件中的行业代码范围/例外项，而不是规模阈值或脚注编号？,permit_management_catalog_table_cells.csv -> permit_condition_normalization_draft.csv; industry_catalog_base.csv GB/T 4754 base,LOW,DRAFT_NOT_FOR_RUNTIME,6
21,十、酒、饮料和精制茶制造业15,酒的制造151,151,KEY,1511,class,酒精制造,酒精制造1511，有发酵工艺的年,酒精制造1511，有发酵工艺的年生产 能力5000 千升及以上的白酒、啤酒、 黄酒、葡萄酒、其他酒制造,LIKELY_CLASS_CODE_NEED_SCOPE_CONFIRM,该数字是否为名录条件中的行业代码范围/例外项，而不是规模阈值或脚注编号？,permit_management_catalog_table_cells.csv -> permit_condition_normalization_draft.csv; industry_catalog_base.csv GB/T 4754 base,LOW,DRAFT_NOT_FOR_RUNTIME,6
29,十四、皮革、毛皮、羽毛及其制品和制鞋业19,"皮革鞣制加工191，毛皮鞣制及制品加
工193",191;193,SIMPLIFIED,191,group,皮革鞣制加工,皮革鞣制加工191（无鞣制工序的）,皮革鞣制加工191（无鞣制工序的）,LIKELY_GROUP_CODE_NEED_SCOPE_CONFIRM,该数字是否为名录条件中的行业代码范围/例外项，而不是规模阈值或脚注编号？,permit_management_catalog_table_cells.csv -> permit_condition_normalization_draft.csv; industry_catalog_base.csv GB/T 4754 base,LOW,DRAFT_NOT_FOR_RUNTIME,7
29,十四、皮革、毛皮、羽毛及其制品和制鞋业19,"皮革鞣制加工191，毛皮鞣制及制品加
工193",191;193,REGISTRATION,193,group,毛皮鞣制及制品加工,皮鞣制及制品加工193（无鞣制工序的）,毛皮鞣制及制品加工193（无鞣制工序 的）,LIKELY_GROUP_CODE_NEED_SCOPE_CONFIRM,该数字是否为名录条件中的行业代码范围/例外项，而不是规模阈值或脚注编号？,permit_management_catalog_table_cells.csv -> permit_condition_normalization_draft.csv; industry_catalog_base.csv GB/T 4754 base,LOW,DRAFT_NOT_FOR_RUNTIME,7
31,十四、皮革、毛皮、羽毛及其制品和制鞋业19,羽毛(绒)加工及制品制造194,194,KEY,1941,class,羽毛(绒)加工,羽毛（绒）加工1941（有水洗工序的）,羽毛（绒）加工1941（有水洗工序的）,LIKELY_CLASS_CODE_NEED_SCOPE_CONFIRM,该数字是否为名录条件中的行业代码范围/例外项，而不是规模阈值或脚注编号？,permit_management_catalog_table_cells.csv -> permit_condition_normalization_draft.csv; industry_catalog_base.csv GB/T 4754 base,LOW,DRAFT_NOT_FOR_RUNTIME,7
31,十四、皮革、毛皮、羽毛及其制品和制鞋业19,羽毛(绒)加工及制品制造194,194,REGISTRATION,1941,class,羽毛(绒)加工,羽毛（绒）加工1941（无水洗工序的）,羽毛（绒）加工1941（无水洗工序的） ﹡，羽毛（绒）制品制造1942﹡,LIKELY_CLASS_CODE_NEED_SCOPE_CONFIRM,该数字是否为名录条件中的行业代码范围/例外项，而不是规模阈值或脚注编号？,permit_management_catalog_table_cells.csv -> permit_condition_normalization_draft.csv; industry_catalog_base.csv GB/T 4754 base,LOW,DRAFT_NOT_FOR_RUNTIME,7
31,十四、皮革、毛皮、羽毛及其制品和制鞋业19,羽毛(绒)加工及制品制造194,194,REGISTRATION,1942,class,羽毛(绒)制品加工,毛（绒）制品制造1942﹡,羽毛（绒）加工1941（无水洗工序的） ﹡，羽毛（绒）制品制造1942﹡,LIKELY_CLASS_CODE_NEED_SCOPE_CONFIRM,该数字是否为名录条件中的行业代码范围/例外项，而不是规模阈值或脚注编号？,permit_management_catalog_table_cells.csv -> permit_condition_normalization_draft.csv; industry_catalog_base.csv GB/T 4754 base,LOW,DRAFT_NOT_FOR_RUNTIME,7
33,十五、木材加工和木、竹、藤、棕、草制品业20,人造板制造202,202,SIMPLIFIED,2022,class,纤维板制造,的）、纤维板制造2022、刨花板制造20,除重点管理以外的胶合板制造2021 （年产10 万立方米及以上的）、纤 维板制造2022、刨花板制造2023、 其他人造板制造2029（年产10 万立 方米及以上的）,LIKELY_CLASS_CODE_NEED_SCOPE_CONFIRM,该数字是否为名录条件中的行业代码范围/例外项，而不是规模阈值或脚注编号？,permit_management_catalog_table_cells.csv -> permit_condition_normalization_draft.csv; industry_catalog_base.csv GB/T 4754 base,LOW,DRAFT_NOT_FOR_RUNTIME,8
33,十五、木材加工和木、竹、藤、棕、草制品业20,人造板制造202,202,SIMPLIFIED,2023,class,刨花板制造,22、刨花板制造2023、其他人造板制造,除重点管理以外的胶合板制造2021 （年产10 万立方米及以上的）、纤 维板制造2022、刨花板制造2023、 其他人造板制造2029（年产10 万立 方米及以上的）,LIKELY_CLASS_CODE_NEED_SCOPE_CONFIRM,该数字是否为名录条件中的行业代码范围/例外项，而不是规模阈值或脚注编号？,permit_management_catalog_table_cells.csv -> permit_condition_normalization_draft.csv; industry_catalog_base.csv GB/T 4754 base,LOW,DRAFT_NOT_FOR_RUNTIME,8
37,十七、造纸和纸制品业22,造纸222,222,KEY,2221,class,机制纸及纸板制造,机制纸及纸板制造2221、手工纸制造22,机制纸及纸板制造2221、手工纸制造 2222,LIKELY_CLASS_CODE_NEED_SCOPE_CONFIRM,该数字是否为名录条件中的行业代码范围/例外项，而不是规模阈值或脚注编号？,permit_management_catalog_table_cells.csv -> permit_condition_normalization_draft.csv; industry_catalog_base.csv GB/T 4754 base,LOW,DRAFT_NOT_FOR_RUNTIME,8
37,十七、造纸和纸制品业22,造纸222,222,KEY,2222,class,手工纸制造,21、手工纸制造2222,机制纸及纸板制造2221、手工纸制造 2222,LIKELY_CLASS_CODE_NEED_SCOPE_CONFIRM,该数字是否为名录条件中的行业代码范围/例外项，而不是规模阈值或脚注编号？,permit_management_catalog_table_cells.csv -> permit_condition_normalization_draft.csv; industry_catalog_base.csv GB/T 4754 base,LOW,DRAFT_NOT_FOR_RUNTIME,8
37,十七、造纸和纸制品业22,造纸222,222,SIMPLIFIED,2223,class,加工纸制造,排放的加工纸制造2223,有工业废水和废气排放的加工纸制 造2223,LIKELY_CLASS_CODE_NEED_SCOPE_CONFIRM,该数字是否为名录条件中的行业代码范围/例外项，而不是规模阈值或脚注编号？,permit_management_catalog_table_cells.csv -> permit_condition_normalization_draft.csv; industry_catalog_base.csv GB/T 4754 base,LOW,DRAFT_NOT_FOR_RUNTIME,8
37,十七、造纸和纸制品业22,造纸222,222,REGISTRATION,2223,class,加工纸制造,理外的加工纸制造2223﹡,除简化管理外的加工纸制造2223﹡,LIKELY_CLASS_CODE_NEED_SCOPE_CONFIRM,该数字是否为名录条件中的行业代码范围/例外项，而不是规模阈值或脚注编号？,permit_management_catalog_table_cells.csv -> permit_condition_normalization_draft.csv; industry_catalog_base.csv GB/T 4754 base,LOW,DRAFT_NOT_FOR_RUNTIME,8
42,二十、石油、煤炭及其他燃料加工业25,精炼石油产品制造251,251,KEY,2511,class,原油加工及石油制品制造,工及石油制品制造2511，其他原油制造2,原油加工及石油制品制造2511，其他 原油制造2519，以上均不含单纯混合 或者分装的,LIKELY_CLASS_CODE_NEED_SCOPE_CONFIRM,该数字是否为名录条件中的行业代码范围/例外项，而不是规模阈值或脚注编号？,permit_management_catalog_table_cells.csv -> permit_condition_normalization_draft.csv; industry_catalog_base.csv GB/T 4754 base,LOW,DRAFT_NOT_FOR_RUNTIME,9
42,二十、石油、煤炭及其他燃料加工业25,精炼石油产品制造251,251,KEY,2519,class,其他原油制造,1，其他原油制造2519，以上均不含单纯,原油加工及石油制品制造2511，其他 原油制造2519，以上均不含单纯混合 或者分装的,LIKELY_CLASS_CODE_NEED_SCOPE_CONFIRM,该数字是否为名录条件中的行业代码范围/例外项，而不是规模阈值或脚注编号？,permit_management_catalog_table_cells.csv -> permit_condition_normalization_draft.csv; industry_catalog_base.csv GB/T 4754 base,LOW,DRAFT_NOT_FOR_RUNTIME,9
43,二十、石油、煤炭及其他燃料加工业25,煤炭加工252,252,KEY,2521,class,炼焦,炼焦2521，煤制合成气生产,炼焦2521，煤制合成气生产2522， 煤制液体燃料生产2523,LIKELY_CLASS_CODE_NEED_SCOPE_CONFIRM,该数字是否为名录条件中的行业代码范围/例外项，而不是规模阈值或脚注编号？,permit_management_catalog_table_cells.csv -> permit_condition_normalization_draft.csv; industry_catalog_base.csv GB/T 4754 base,LOW,DRAFT_NOT_FOR_RUNTIME,9
43,二十、石油、煤炭及其他燃料加工业25,煤炭加工252,252,KEY,2522,class,煤制合成气生产,，煤制合成气生产2522，煤制液体燃料生,炼焦2521，煤制合成气生产2522， 煤制液体燃料生产2523,LIKELY_CLASS_CODE_NEED_SCOPE_CONFIRM,该数字是否为名录条件中的行业代码范围/例外项，而不是规模阈值或脚注编号？,permit_management_catalog_table_cells.csv -> permit_condition_normalization_draft.csv; industry_catalog_base.csv GB/T 4754 base,LOW,DRAFT_NOT_FOR_RUNTIME,9
43,二十、石油、煤炭及其他燃料加工业25,煤炭加工252,252,KEY,2523,class,煤制液体燃料生产,煤制液体燃料生产2523,炼焦2521，煤制合成气生产2522， 煤制液体燃料生产2523,LIKELY_CLASS_CODE_NEED_SCOPE_CONFIRM,该数字是否为名录条件中的行业代码范围/例外项，而不是规模阈值或脚注编号？,permit_management_catalog_table_cells.csv -> permit_condition_normalization_draft.csv; industry_catalog_base.csv GB/T 4754 base,LOW,DRAFT_NOT_FOR_RUNTIME,9
43,二十、石油、煤炭及其他燃料加工业25,煤炭加工252,252,REGISTRATION,2524,class,煤制品制造,煤制品制造2524，其他煤炭加工2,煤制品制造2524，其他煤炭加工2529,LIKELY_CLASS_CODE_NEED_SCOPE_CONFIRM,该数字是否为名录条件中的行业代码范围/例外项，而不是规模阈值或脚注编号？,permit_management_catalog_table_cells.csv -> permit_condition_normalization_draft.csv; industry_catalog_base.csv GB/T 4754 base,LOW,DRAFT_NOT_FOR_RUNTIME,9
43,二十、石油、煤炭及其他燃料加工业25,煤炭加工252,252,REGISTRATION,2529,class,其他煤炭加工,4，其他煤炭加工2529,煤制品制造2524，其他煤炭加工2529,LIKELY_CLASS_CODE_NEED_SCOPE_CONFIRM,该数字是否为名录条件中的行业代码范围/例外项，而不是规模阈值或脚注编号？,permit_management_catalog_table_cells.csv -> permit_condition_normalization_draft.csv; industry_catalog_base.csv GB/T 4754 base,LOW,DRAFT_NOT_FOR_RUNTIME,9
45,二十一、化学原料和化学制品制造业26,基础化学原料制造261,261,KEY,2611,class,无机酸制造,无机酸制造2611，无机碱制造26,无机酸制造2611，无机碱制造2612， 无机盐制造2613 ，有机化学原料制造 2614，其他基础化学原料制造2619（非 金属无机氧化物、金属氧化物、金属 过氧化物、金属超氧化物、硫磺、磷、 硅、精硅、硒、砷、硼、碲)，以上均 不含单纯混合或者分装的,LIKELY_CLASS_CODE_NEED_SCOPE_CONFIRM,该数字是否为名录条件中的行业代码范围/例外项，而不是规模阈值或脚注编号？,permit_management_catalog_table_cells.csv -> permit_condition_normalization_draft.csv; industry_catalog_base.csv GB/T 4754 base,LOW,DRAFT_NOT_FOR_RUNTIME,9
45,二十一、化学原料和化学制品制造业26,基础化学原料制造261,261,KEY,2612,class,无机碱制造,11，无机碱制造2612，无机盐制造26,无机酸制造2611，无机碱制造2612， 无机盐制造2613 ，有机化学原料制造 2614，其他基础化学原料制造2619（非 金属无机氧化物、金属氧化物、金属 过氧化物、金属超氧化物、硫磺、磷、 硅、精硅、硒、砷、硼、碲)，以上均 不含单纯混合或者分装的,LIKELY_CLASS_CODE_NEED_SCOPE_CONFIRM,该数字是否为名录条件中的行业代码范围/例外项，而不是规模阈值或脚注编号？,permit_management_catalog_table_cells.csv -> permit_condition_normalization_draft.csv; industry_catalog_base.csv GB/T 4754 base,LOW,DRAFT_NOT_FOR_RUNTIME,9
45,二十一、化学原料和化学制品制造业26,基础化学原料制造261,261,KEY,2613,class,无机盐制造,12，无机盐制造2613，有机化学原料制,无机酸制造2611，无机碱制造2612， 无机盐制造2613 ，有机化学原料制造 2614，其他基础化学原料制造2619（非 金属无机氧化物、金属氧化物、金属 过氧化物、金属超氧化物、硫磺、磷、 硅、精硅、硒、砷、硼、碲)，以上均 不含单纯混合或者分装的,LIKELY_CLASS_CODE_NEED_SCOPE_CONFIRM,该数字是否为名录条件中的行业代码范围/例外项，而不是规模阈值或脚注编号？,permit_management_catalog_table_cells.csv -> permit_condition_normalization_draft.csv; industry_catalog_base.csv GB/T 4754 base,LOW,DRAFT_NOT_FOR_RUNTIME,9
45,二十一、化学原料和化学制品制造业26,基础化学原料制造261,261,KEY,2614,class,有机化学原料制造,有机化学原料制造2614，其他基础化学原,无机酸制造2611，无机碱制造2612， 无机盐制造2613 ，有机化学原料制造 2614，其他基础化学原料制造2619（非 金属无机氧化物、金属氧化物、金属 过氧化物、金属超氧化物、硫磺、磷、 硅、精硅、硒、砷、硼、碲)，以上均 不含单纯混合或者分装的,LIKELY_CLASS_CODE_NEED_SCOPE_CONFIRM,该数字是否为名录条件中的行业代码范围/例外项，而不是规模阈值或脚注编号？,permit_management_catalog_table_cells.csv -> permit_condition_normalization_draft.csv; industry_catalog_base.csv GB/T 4754 base,LOW,DRAFT_NOT_FOR_RUNTIME,9
45,二十一、化学原料和化学制品制造业26,基础化学原料制造261,261,KEY,2619,class,其他基础化学原料制造,基础化学原料制造2619（非金属无机氧化,无机酸制造2611，无机碱制造2612， 无机盐制造2613 ，有机化学原料制造 2614，其他基础化学原料制造2619（非 金属无机氧化物、金属氧化物、金属 过氧化物、金属超氧化物、硫磺、磷、 硅、精硅、硒、砷、硼、碲)，以上均 不含单纯混合或者分装的,LIKELY_CLASS_CODE_NEED_SCOPE_CONFIRM,该数字是否为名录条件中的行业代码范围/例外项，而不是规模阈值或脚注编号？,permit_management_catalog_table_cells.csv -> permit_condition_normalization_draft.csv; industry_catalog_base.csv GB/T 4754 base,LOW,DRAFT_NOT_FOR_RUNTIME,9
45,二十一、化学原料和化学制品制造业26,基础化学原料制造261,261,SIMPLIFIED,2611,class,无机酸制造,分装的无机酸制造2611、无机碱制造26,单纯混合或者分装的无机酸制造 2611、无机碱制造2612、无机盐制造 2613、有机化学原料制造2614、其他 基础化学原料制造2619（非金属无机 氧化物、金属氧化物、金属过氧化物、 金属超氧化物、硫磺、磷、硅、精硅、 硒、砷、硼、碲）,LIKELY_CLASS_CODE_NEED_SCOPE_CONFIRM,该数字是否为名录条件中的行业代码范围/例外项，而不是规模阈值或脚注编号？,permit_management_catalog_table_cells.csv -> permit_condition_normalization_draft.csv; industry_catalog_base.csv GB/T 4754 base,LOW,DRAFT_NOT_FOR_RUNTIME,9
45,二十一、化学原料和化学制品制造业26,基础化学原料制造261,261,SIMPLIFIED,2612,class,无机碱制造,11、无机碱制造2612、无机盐制造26,单纯混合或者分装的无机酸制造 2611、无机碱制造2612、无机盐制造 2613、有机化学原料制造2614、其他 基础化学原料制造2619（非金属无机 氧化物、金属氧化物、金属过氧化物、 金属超氧化物、硫磺、磷、硅、精硅、 硒、砷、硼、碲）,LIKELY_CLASS_CODE_NEED_SCOPE_CONFIRM,该数字是否为名录条件中的行业代码范围/例外项，而不是规模阈值或脚注编号？,permit_management_catalog_table_cells.csv -> permit_condition_normalization_draft.csv; industry_catalog_base.csv GB/T 4754 base,LOW,DRAFT_NOT_FOR_RUNTIME,9
45,二十一、化学原料和化学制品制造业26,基础化学原料制造261,261,SIMPLIFIED,2613,class,无机盐制造,12、无机盐制造2613、有机化学原料制,单纯混合或者分装的无机酸制造 2611、无机碱制造2612、无机盐制造 2613、有机化学原料制造2614、其他 基础化学原料制造2619（非金属无机 氧化物、金属氧化物、金属过氧化物、 金属超氧化物、硫磺、磷、硅、精硅、 硒、砷、硼、碲）,LIKELY_CLASS_CODE_NEED_SCOPE_CONFIRM,该数字是否为名录条件中的行业代码范围/例外项，而不是规模阈值或脚注编号？,permit_management_catalog_table_cells.csv -> permit_condition_normalization_draft.csv; industry_catalog_base.csv GB/T 4754 base,LOW,DRAFT_NOT_FOR_RUNTIME,9
45,二十一、化学原料和化学制品制造业26,基础化学原料制造261,261,SIMPLIFIED,2614,class,有机化学原料制造,有机化学原料制造2614、其他基础化学原,单纯混合或者分装的无机酸制造 2611、无机碱制造2612、无机盐制造 2613、有机化学原料制造2614、其他 基础化学原料制造2619（非金属无机 氧化物、金属氧化物、金属过氧化物、 金属超氧化物、硫磺、磷、硅、精硅、 硒、砷、硼、碲）,LIKELY_CLASS_CODE_NEED_SCOPE_CONFIRM,该数字是否为名录条件中的行业代码范围/例外项，而不是规模阈值或脚注编号？,permit_management_catalog_table_cells.csv -> permit_condition_normalization_draft.csv; industry_catalog_base.csv GB/T 4754 base,LOW,DRAFT_NOT_FOR_RUNTIME,9
45,二十一、化学原料和化学制品制造业26,基础化学原料制造261,261,SIMPLIFIED,2619,class,其他基础化学原料制造,基础化学原料制造2619（非金属无机氧化,单纯混合或者分装的无机酸制造 2611、无机碱制造2612、无机盐制造 2613、有机化学原料制造2614、其他 基础化学原料制造2619（非金属无机 氧化物、金属氧化物、金属过氧化物、 金属超氧化物、硫磺、磷、硅、精硅、 硒、砷、硼、碲）,LIKELY_CLASS_CODE_NEED_SCOPE_CONFIRM,该数字是否为名录条件中的行业代码范围/例外项，而不是规模阈值或脚注编号？,permit_management_catalog_table_cells.csv -> permit_condition_normalization_draft.csv; industry_catalog_base.csv GB/T 4754 base,LOW,DRAFT_NOT_FOR_RUNTIME,9
45,二十一、化学原料和化学制品制造业26,基础化学原料制造261,261,REGISTRATION,2619,class,其他基础化学原料制造,基础化学原料制造2619（除重点管理、简,其他基础化学原料制造2619（除重点管 理、简化管理以外的）,LIKELY_CLASS_CODE_NEED_SCOPE_CONFIRM,该数字是否为名录条件中的行业代码范围/例外项，而不是规模阈值或脚注编号？,permit_management_catalog_table_cells.csv -> permit_condition_normalization_draft.csv; industry_catalog_base.csv GB/T 4754 base,LOW,DRAFT_NOT_FOR_RUNTIME,9
46,二十一、化学原料和化学制品制造业26,肥料制造262,262,KEY,2621,class,氮肥制造,氮肥制造2621，磷肥制造262,氮肥制造2621，磷肥制造2622，复 混肥料制造2624，以上均不含单纯混 合或者分装的,LIKELY_CLASS_CODE_NEED_SCOPE_CONFIRM,该数字是否为名录条件中的行业代码范围/例外项，而不是规模阈值或脚注编号？,permit_management_catalog_table_cells.csv -> permit_condition_normalization_draft.csv; industry_catalog_base.csv GB/T 4754 base,LOW,DRAFT_NOT_FOR_RUNTIME,10
46,二十一、化学原料和化学制品制造业26,肥料制造262,262,KEY,2622,class,磷肥制造,621，磷肥制造2622，复混肥料制造2,氮肥制造2621，磷肥制造2622，复 混肥料制造2624，以上均不含单纯混 合或者分装的,LIKELY_CLASS_CODE_NEED_SCOPE_CONFIRM,该数字是否为名录条件中的行业代码范围/例外项，而不是规模阈值或脚注编号？,permit_management_catalog_table_cells.csv -> permit_condition_normalization_draft.csv; industry_catalog_base.csv GB/T 4754 base,LOW,DRAFT_NOT_FOR_RUNTIME,10
46,二十一、化学原料和化学制品制造业26,肥料制造262,262,KEY,2624,class,复混肥料制造,2，复混肥料制造2624，以上均不含单纯,氮肥制造2621，磷肥制造2622，复 混肥料制造2624，以上均不含单纯混 合或者分装的,LIKELY_CLASS_CODE_NEED_SCOPE_CONFIRM,该数字是否为名录条件中的行业代码范围/例外项，而不是规模阈值或脚注编号？,permit_management_catalog_table_cells.csv -> permit_condition_normalization_draft.csv; industry_catalog_base.csv GB/T 4754 base,LOW,DRAFT_NOT_FOR_RUNTIME,10
46,二十一、化学原料和化学制品制造业26,肥料制造262,262,SIMPLIFIED,2623,class,钾肥制造,钾肥制造2623，有机肥料及微生,钾肥制造2623，有机肥料及微生物肥 料制造2625，其他肥料制造2629， 以上均不含单纯混合或者分装的；氮 肥制造2621（单纯混合或者分装的）,LIKELY_CLASS_CODE_NEED_SCOPE_CONFIRM,该数字是否为名录条件中的行业代码范围/例外项，而不是规模阈值或脚注编号？,permit_management_catalog_table_cells.csv -> permit_condition_normalization_draft.csv; industry_catalog_base.csv GB/T 4754 base,LOW,DRAFT_NOT_FOR_RUNTIME,10
46,二十一、化学原料和化学制品制造业26,肥料制造262,262,SIMPLIFIED,2625,class,有机肥料及微生物肥料制造,及微生物肥料制造2625，其他肥料制造2,钾肥制造2623，有机肥料及微生物肥 料制造2625，其他肥料制造2629， 以上均不含单纯混合或者分装的；氮 肥制造2621（单纯混合或者分装的）,LIKELY_CLASS_CODE_NEED_SCOPE_CONFIRM,该数字是否为名录条件中的行业代码范围/例外项，而不是规模阈值或脚注编号？,permit_management_catalog_table_cells.csv -> permit_condition_normalization_draft.csv; industry_catalog_base.csv GB/T 4754 base,LOW,DRAFT_NOT_FOR_RUNTIME,10
46,二十一、化学原料和化学制品制造业26,肥料制造262,262,SIMPLIFIED,2629,class,其他肥料制造,5，其他肥料制造2629，以上均不含单纯,钾肥制造2623，有机肥料及微生物肥 料制造2625，其他肥料制造2629， 以上均不含单纯混合或者分装的；氮 肥制造2621（单纯混合或者分装的）,LIKELY_CLASS_CODE_NEED_SCOPE_CONFIRM,该数字是否为名录条件中的行业代码范围/例外项，而不是规模阈值或脚注编号？,permit_management_catalog_table_cells.csv -> permit_condition_normalization_draft.csv; industry_catalog_base.csv GB/T 4754 base,LOW,DRAFT_NOT_FOR_RUNTIME,10
46,二十一、化学原料和化学制品制造业26,肥料制造262,262,SIMPLIFIED,2621,class,氮肥制造,分装的；氮肥制造2621（单纯混合或者分,钾肥制造2623，有机肥料及微生物肥 料制造2625，其他肥料制造2629， 以上均不含单纯混合或者分装的；氮 肥制造2621（单纯混合或者分装的）,LIKELY_CLASS_CODE_NEED_SCOPE_CONFIRM,该数字是否为名录条件中的行业代码范围/例外项，而不是规模阈值或脚注编号？,permit_management_catalog_table_cells.csv -> permit_condition_normalization_draft.csv; industry_catalog_base.csv GB/T 4754 base,LOW,DRAFT_NOT_FOR_RUNTIME,10
47,二十一、化学原料和化学制品制造业26,农药制造263,263,KEY,2631,class,化学农药制造,化学农药制造2631（包含农药中间体,化学农药制造2631（包含农药中间 体，不含单纯混合或者分装的），生 物化学农药及微生物农药制造2632 （有发酵工艺的）,LIKELY_CLASS_CODE_NEED_SCOPE_CONFIRM,该数字是否为名录条件中的行业代码范围/例外项，而不是规模阈值或脚注编号？,permit_management_catalog_table_cells.csv -> permit_condition_normalization_draft.csv; industry_catalog_base.csv GB/T 4754 base,LOW,DRAFT_NOT_FOR_RUNTIME,10
47,二十一、化学原料和化学制品制造业26,农药制造263,263,KEY,2632,class,生物化学农药及微生物农药制造,及微生物农药制造2632（有发酵工艺的）,化学农药制造2631（包含农药中间 体，不含单纯混合或者分装的），生 物化学农药及微生物农药制造2632 （有发酵工艺的）,LIKELY_CLASS_CODE_NEED_SCOPE_CONFIRM,该数字是否为名录条件中的行业代码范围/例外项，而不是规模阈值或脚注编号？,permit_management_catalog_table_cells.csv -> permit_condition_normalization_draft.csv; industry_catalog_base.csv GB/T 4754 base,LOW,DRAFT_NOT_FOR_RUNTIME,10
47,二十一、化学原料和化学制品制造业26,农药制造263,263,SIMPLIFIED,2631,class,化学农药制造,化学农药制造2631（单纯混合或者分,化学农药制造2631（单纯混合或者分 装的），生物化学农药及微生物农药 制造2632（无发酵工艺的）,LIKELY_CLASS_CODE_NEED_SCOPE_CONFIRM,该数字是否为名录条件中的行业代码范围/例外项，而不是规模阈值或脚注编号？,permit_management_catalog_table_cells.csv -> permit_condition_normalization_draft.csv; industry_catalog_base.csv GB/T 4754 base,LOW,DRAFT_NOT_FOR_RUNTIME,10
47,二十一、化学原料和化学制品制造业26,农药制造263,263,SIMPLIFIED,2632,class,生物化学农药及微生物农药制造,及微生物农药制造2632（无发酵工艺的）,化学农药制造2631（单纯混合或者分 装的），生物化学农药及微生物农药 制造2632（无发酵工艺的）,LIKELY_CLASS_CODE_NEED_SCOPE_CONFIRM,该数字是否为名录条件中的行业代码范围/例外项，而不是规模阈值或脚注编号？,permit_management_catalog_table_cells.csv -> permit_condition_normalization_draft.csv; industry_catalog_base.csv GB/T 4754 base,LOW,DRAFT_NOT_FOR_RUNTIME,10
48,二十一、化学原料和化学制品制造业26,涂料、油墨、颜料及类似产品制造264,264,KEY,2641,class,涂料制造,涂料制造2641，油墨及类似产品,涂料制造2641，油墨及类似产品制造 2642，工业颜料制造2643，工艺美术 颜料制造2644，染料制造2645，以 上均不含单纯混合或者分装的,LIKELY_CLASS_CODE_NEED_SCOPE_CONFIRM,该数字是否为名录条件中的行业代码范围/例外项，而不是规模阈值或脚注编号？,permit_management_catalog_table_cells.csv -> permit_condition_normalization_draft.csv; industry_catalog_base.csv GB/T 4754 base,LOW,DRAFT_NOT_FOR_RUNTIME,10
48,二十一、化学原料和化学制品制造业26,涂料、油墨、颜料及类似产品制造264,264,KEY,2642,class,油墨及类似产品制造,墨及类似产品制造2642，工业颜料制造2,涂料制造2641，油墨及类似产品制造 2642，工业颜料制造2643，工艺美术 颜料制造2644，染料制造2645，以 上均不含单纯混合或者分装的,LIKELY_CLASS_CODE_NEED_SCOPE_CONFIRM,该数字是否为名录条件中的行业代码范围/例外项，而不是规模阈值或脚注编号？,permit_management_catalog_table_cells.csv -> permit_condition_normalization_draft.csv; industry_catalog_base.csv GB/T 4754 base,LOW,DRAFT_NOT_FOR_RUNTIME,10
48,二十一、化学原料和化学制品制造业26,涂料、油墨、颜料及类似产品制造264,264,KEY,2643,class,工业颜料制造,2，工业颜料制造2643，工艺美术颜料制,涂料制造2641，油墨及类似产品制造 2642，工业颜料制造2643，工艺美术 颜料制造2644，染料制造2645，以 上均不含单纯混合或者分装的,LIKELY_CLASS_CODE_NEED_SCOPE_CONFIRM,该数字是否为名录条件中的行业代码范围/例外项，而不是规模阈值或脚注编号？,permit_management_catalog_table_cells.csv -> permit_condition_normalization_draft.csv; industry_catalog_base.csv GB/T 4754 base,LOW,DRAFT_NOT_FOR_RUNTIME,10
48,二十一、化学原料和化学制品制造业26,涂料、油墨、颜料及类似产品制造264,264,KEY,2644,class,工艺美术颜料制造,工艺美术颜料制造2644，染料制造264,涂料制造2641，油墨及类似产品制造 2642，工业颜料制造2643，工艺美术 颜料制造2644，染料制造2645，以 上均不含单纯混合或者分装的,LIKELY_CLASS_CODE_NEED_SCOPE_CONFIRM,该数字是否为名录条件中的行业代码范围/例外项，而不是规模阈值或脚注编号？,permit_management_catalog_table_cells.csv -> permit_condition_normalization_draft.csv; industry_catalog_base.csv GB/T 4754 base,LOW,DRAFT_NOT_FOR_RUNTIME,10
48,二十一、化学原料和化学制品制造业26,涂料、油墨、颜料及类似产品制造264,264,KEY,2645,class,染料制造,644，染料制造2645，以上均不含单纯,涂料制造2641，油墨及类似产品制造 2642，工业颜料制造2643，工艺美术 颜料制造2644，染料制造2645，以 上均不含单纯混合或者分装的,LIKELY_CLASS_CODE_NEED_SCOPE_CONFIRM,该数字是否为名录条件中的行业代码范围/例外项，而不是规模阈值或脚注编号？,permit_management_catalog_table_cells.csv -> permit_condition_normalization_draft.csv; industry_catalog_base.csv GB/T 4754 base,LOW,DRAFT_NOT_FOR_RUNTIME,10
48,二十一、化学原料和化学制品制造业26,涂料、油墨、颜料及类似产品制造264,264,SIMPLIFIED,2641,class,涂料制造,者分装的涂料制造2641、油墨及类似产品,单纯混合或者分装的涂料制造2641、 油墨及类似产品制造2642，密封用填 料及类似品制造2646（不含单纯混合 或者分装的）,LIKELY_CLASS_CODE_NEED_SCOPE_CONFIRM,该数字是否为名录条件中的行业代码范围/例外项，而不是规模阈值或脚注编号？,permit_management_catalog_table_cells.csv -> permit_condition_normalization_draft.csv; industry_catalog_base.csv GB/T 4754 base,LOW,DRAFT_NOT_FOR_RUNTIME,10
48,二十一、化学原料和化学制品制造业26,涂料、油墨、颜料及类似产品制造264,264,SIMPLIFIED,2642,class,油墨及类似产品制造,墨及类似产品制造2642，密封用填料及类,单纯混合或者分装的涂料制造2641、 油墨及类似产品制造2642，密封用填 料及类似品制造2646（不含单纯混合 或者分装的）,LIKELY_CLASS_CODE_NEED_SCOPE_CONFIRM,该数字是否为名录条件中的行业代码范围/例外项，而不是规模阈值或脚注编号？,permit_management_catalog_table_cells.csv -> permit_condition_normalization_draft.csv; industry_catalog_base.csv GB/T 4754 base,LOW,DRAFT_NOT_FOR_RUNTIME,10
48,二十一、化学原料和化学制品制造业26,涂料、油墨、颜料及类似产品制造264,264,SIMPLIFIED,2646,class,密封用填料及类似品制造,填料及类似品制造2646（不含单纯混合或,单纯混合或者分装的涂料制造2641、 油墨及类似产品制造2642，密封用填 料及类似品制造2646（不含单纯混合 或者分装的）,LIKELY_CLASS_CODE_NEED_SCOPE_CONFIRM,该数字是否为名录条件中的行业代码范围/例外项，而不是规模阈值或脚注编号？,permit_management_catalog_table_cells.csv -> permit_condition_normalization_draft.csv; industry_catalog_base.csv GB/T 4754 base,LOW,DRAFT_NOT_FOR_RUNTIME,10
49,二十一、化学原料和化学制品制造业26,合成材料制造265,265,KEY,2651,class,初级形态塑料及合成树脂制造,料及合成树脂制造2651，合成橡胶制造2,初级形态塑料及合成树脂制造2651， 合成橡胶制造2652，合成纤维单（聚 合）体制造2653，其他合成材料制造 2659（陶瓷纤维等特种纤维及其增强 的复合材料的制造）,LIKELY_CLASS_CODE_NEED_SCOPE_CONFIRM,该数字是否为名录条件中的行业代码范围/例外项，而不是规模阈值或脚注编号？,permit_management_catalog_table_cells.csv -> permit_condition_normalization_draft.csv; industry_catalog_base.csv GB/T 4754 base,LOW,DRAFT_NOT_FOR_RUNTIME,10
49,二十一、化学原料和化学制品制造业26,合成材料制造265,265,KEY,2652,class,合成橡胶制造,1，合成橡胶制造2652，合成纤维单（聚,初级形态塑料及合成树脂制造2651， 合成橡胶制造2652，合成纤维单（聚 合）体制造2653，其他合成材料制造 2659（陶瓷纤维等特种纤维及其增强 的复合材料的制造）,LIKELY_CLASS_CODE_NEED_SCOPE_CONFIRM,该数字是否为名录条件中的行业代码范围/例外项，而不是规模阈值或脚注编号？,permit_management_catalog_table_cells.csv -> permit_condition_normalization_draft.csv; industry_catalog_base.csv GB/T 4754 base,LOW,DRAFT_NOT_FOR_RUNTIME,10
49,二十一、化学原料和化学制品制造业26,合成材料制造265,265,KEY,2653,class,合成纤维单(聚合)体制造,单（聚合）体制造2653，其他合成材料制,初级形态塑料及合成树脂制造2651， 合成橡胶制造2652，合成纤维单（聚 合）体制造2653，其他合成材料制造 2659（陶瓷纤维等特种纤维及其增强 的复合材料的制造）,LIKELY_CLASS_CODE_NEED_SCOPE_CONFIRM,该数字是否为名录条件中的行业代码范围/例外项，而不是规模阈值或脚注编号？,permit_management_catalog_table_cells.csv -> permit_condition_normalization_draft.csv; industry_catalog_base.csv GB/T 4754 base,LOW,DRAFT_NOT_FOR_RUNTIME,10
49,二十一、化学原料和化学制品制造业26,合成材料制造265,265,KEY,2659,class,其他合成材料制造,其他合成材料制造2659（陶瓷纤维等特种,初级形态塑料及合成树脂制造2651， 合成橡胶制造2652，合成纤维单（聚 合）体制造2653，其他合成材料制造 2659（陶瓷纤维等特种纤维及其增强 的复合材料的制造）,LIKELY_CLASS_CODE_NEED_SCOPE_CONFIRM,该数字是否为名录条件中的行业代码范围/例外项，而不是规模阈值或脚注编号？,permit_management_catalog_table_cells.csv -> permit_condition_normalization_draft.csv; industry_catalog_base.csv GB/T 4754 base,LOW,DRAFT_NOT_FOR_RUNTIME,10
49,二十一、化学原料和化学制品制造业26,合成材料制造265,265,REGISTRATION,2659,class,其他合成材料制造,其他合成材料制造2659（除陶瓷纤维等特,其他合成材料制造2659（除陶瓷纤维等 特种纤维及其增强的复合材料的制造 以外的）,LIKELY_CLASS_CODE_NEED_SCOPE_CONFIRM,该数字是否为名录条件中的行业代码范围/例外项，而不是规模阈值或脚注编号？,permit_management_catalog_table_cells.csv -> permit_condition_normalization_draft.csv; industry_catalog_base.csv GB/T 4754 base,LOW,DRAFT_NOT_FOR_RUNTIME,10
50,二十一、化学原料和化学制品制造业26,专用化学产品制造266,266,KEY,2661,class,化学试剂和助剂制造,学试剂和助剂制造2661，专项化学用品制,化学试剂和助剂制造2661，专项化学 用品制造2662，林产化学产品制造 2663（有热解或者水解工艺的），以 上均不含单纯混合或者分装的,LIKELY_CLASS_CODE_NEED_SCOPE_CONFIRM,该数字是否为名录条件中的行业代码范围/例外项，而不是规模阈值或脚注编号？,permit_management_catalog_table_cells.csv -> permit_condition_normalization_draft.csv; industry_catalog_base.csv GB/T 4754 base,LOW,DRAFT_NOT_FOR_RUNTIME,10
50,二十一、化学原料和化学制品制造业26,专用化学产品制造266,266,KEY,2662,class,专项化学用品制造,专项化学用品制造2662，林产化学产品制,化学试剂和助剂制造2661，专项化学 用品制造2662，林产化学产品制造 2663（有热解或者水解工艺的），以 上均不含单纯混合或者分装的,LIKELY_CLASS_CODE_NEED_SCOPE_CONFIRM,该数字是否为名录条件中的行业代码范围/例外项，而不是规模阈值或脚注编号？,permit_management_catalog_table_cells.csv -> permit_condition_normalization_draft.csv; industry_catalog_base.csv GB/T 4754 base,LOW,DRAFT_NOT_FOR_RUNTIME,10
50,二十一、化学原料和化学制品制造业26,专用化学产品制造266,266,KEY,2663,class,林产化学产品制造,林产化学产品制造2663（有热解或者水解,化学试剂和助剂制造2661，专项化学 用品制造2662，林产化学产品制造 2663（有热解或者水解工艺的），以 上均不含单纯混合或者分装的,LIKELY_CLASS_CODE_NEED_SCOPE_CONFIRM,该数字是否为名录条件中的行业代码范围/例外项，而不是规模阈值或脚注编号？,permit_management_catalog_table_cells.csv -> permit_condition_normalization_draft.csv; industry_catalog_base.csv GB/T 4754 base,LOW,DRAFT_NOT_FOR_RUNTIME,10
50,二十一、化学原料和化学制品制造业26,专用化学产品制造266,266,SIMPLIFIED,2663,class,林产化学产品制造,林产化学产品制造2663（无热解或者水解,林产化学产品制造2663（无热解或者 水解工艺的），文化用信息化学品制 造2664，医学生产用信息化学品制造 2665，环境污染处理专用药剂材料制 造2666，动物胶制造2667，其他专 用化学产品制造2669，以上均不含单 纯混合或者分装的,LIKELY_CLASS_CODE_NEED_SCOPE_CONFIRM,该数字是否为名录条件中的行业代码范围/例外项，而不是规模阈值或脚注编号？,permit_management_catalog_table_cells.csv -> permit_condition_normalization_draft.csv; industry_catalog_base.csv GB/T 4754 base,LOW,DRAFT_NOT_FOR_RUNTIME,10
50,二十一、化学原料和化学制品制造业26,专用化学产品制造266,266,SIMPLIFIED,2664,class,文化用信息化学品制造,用信息化学品制造2664，医学生产用信息,林产化学产品制造2663（无热解或者 水解工艺的），文化用信息化学品制 造2664，医学生产用信息化学品制造 2665，环境污染处理专用药剂材料制 造2666，动物胶制造2667，其他专 用化学产品制造2669，以上均不含单 纯混合或者分装的,LIKELY_CLASS_CODE_NEED_SCOPE_CONFIRM,该数字是否为名录条件中的行业代码范围/例外项，而不是规模阈值或脚注编号？,permit_management_catalog_table_cells.csv -> permit_condition_normalization_draft.csv; industry_catalog_base.csv GB/T 4754 base,LOW,DRAFT_NOT_FOR_RUNTIME,10
50,二十一、化学原料和化学制品制造业26,专用化学产品制造266,266,SIMPLIFIED,2665,class,医学生产用信息化学品制造,用信息化学品制造2665，环境污染处理专,林产化学产品制造2663（无热解或者 水解工艺的），文化用信息化学品制 造2664，医学生产用信息化学品制造 2665，环境污染处理专用药剂材料制 造2666，动物胶制造2667，其他专 用化学产品制造2669，以上均不含单 纯混合或者分装的,LIKELY_CLASS_CODE_NEED_SCOPE_CONFIRM,该数字是否为名录条件中的行业代码范围/例外项，而不是规模阈值或脚注编号？,permit_management_catalog_table_cells.csv -> permit_condition_normalization_draft.csv; industry_catalog_base.csv GB/T 4754 base,LOW,DRAFT_NOT_FOR_RUNTIME,10
50,二十一、化学原料和化学制品制造业26,专用化学产品制造266,266,SIMPLIFIED,2666,class,环境污染处理专用药剂材料制造,专用药剂材料制造2666，动物胶制造26,林产化学产品制造2663（无热解或者 水解工艺的），文化用信息化学品制 造2664，医学生产用信息化学品制造 2665，环境污染处理专用药剂材料制 造2666，动物胶制造2667，其他专 用化学产品制造2669，以上均不含单 纯混合或者分装的,LIKELY_CLASS_CODE_NEED_SCOPE_CONFIRM,该数字是否为名录条件中的行业代码范围/例外项，而不是规模阈值或脚注编号？,permit_management_catalog_table_cells.csv -> permit_condition_normalization_draft.csv; industry_catalog_base.csv GB/T 4754 base,LOW,DRAFT_NOT_FOR_RUNTIME,10
50,二十一、化学原料和化学制品制造业26,专用化学产品制造266,266,SIMPLIFIED,2667,class,动物胶制造,66，动物胶制造2667，其他专用化学产,林产化学产品制造2663（无热解或者 水解工艺的），文化用信息化学品制 造2664，医学生产用信息化学品制造 2665，环境污染处理专用药剂材料制 造2666，动物胶制造2667，其他专 用化学产品制造2669，以上均不含单 纯混合或者分装的,LIKELY_CLASS_CODE_NEED_SCOPE_CONFIRM,该数字是否为名录条件中的行业代码范围/例外项，而不是规模阈值或脚注编号？,permit_management_catalog_table_cells.csv -> permit_condition_normalization_draft.csv; industry_catalog_base.csv GB/T 4754 base,LOW,DRAFT_NOT_FOR_RUNTIME,10
50,二十一、化学原料和化学制品制造业26,专用化学产品制造266,266,SIMPLIFIED,2669,class,其他专用化学产品制造,专用化学产品制造2669，以上均不含单纯,林产化学产品制造2663（无热解或者 水解工艺的），文化用信息化学品制 造2664，医学生产用信息化学品制造 2665，环境污染处理专用药剂材料制 造2666，动物胶制造2667，其他专 用化学产品制造2669，以上均不含单 纯混合或者分装的,LIKELY_CLASS_CODE_NEED_SCOPE_CONFIRM,该数字是否为名录条件中的行业代码范围/例外项，而不是规模阈值或脚注编号？,permit_management_catalog_table_cells.csv -> permit_condition_normalization_draft.csv; industry_catalog_base.csv GB/T 4754 base,LOW,DRAFT_NOT_FOR_RUNTIME,10
52,二十一、化学原料和化学制品制造业26,日用化学产品制造268,268,KEY,2681,class,肥皂及洗涤剂制造,肥皂及洗涤剂制造2681（以油脂为原料的,肥皂及洗涤剂制造2681（以油脂为原 料的肥皂或者皂粒制造），香料、香 精制造2684（香料制造），以上均不 含单纯混合或者分装的,LIKELY_CLASS_CODE_NEED_SCOPE_CONFIRM,该数字是否为名录条件中的行业代码范围/例外项，而不是规模阈值或脚注编号？,permit_management_catalog_table_cells.csv -> permit_condition_normalization_draft.csv; industry_catalog_base.csv GB/T 4754 base,LOW,DRAFT_NOT_FOR_RUNTIME,11
52,二十一、化学原料和化学制品制造业26,日用化学产品制造268,268,KEY,2684,class,香料、香精制造,，香料、香精制造2684（香料制造），以,肥皂及洗涤剂制造2681（以油脂为原 料的肥皂或者皂粒制造），香料、香 精制造2684（香料制造），以上均不 含单纯混合或者分装的,LIKELY_CLASS_CODE_NEED_SCOPE_CONFIRM,该数字是否为名录条件中的行业代码范围/例外项，而不是规模阈值或脚注编号？,permit_management_catalog_table_cells.csv -> permit_condition_normalization_draft.csv; industry_catalog_base.csv GB/T 4754 base,LOW,DRAFT_NOT_FOR_RUNTIME,11
52,二十一、化学原料和化学制品制造业26,日用化学产品制造268,268,SIMPLIFIED,2681,class,肥皂及洗涤剂制造,肥皂及洗涤剂制造2681（采用高塔喷粉工,肥皂及洗涤剂制造2681（采用高塔喷 粉工艺的合成洗衣粉制造），香料、 香精制造2684（采用热反应工艺的香 精制造）,LIKELY_CLASS_CODE_NEED_SCOPE_CONFIRM,该数字是否为名录条件中的行业代码范围/例外项，而不是规模阈值或脚注编号？,permit_management_catalog_table_cells.csv -> permit_condition_normalization_draft.csv; industry_catalog_base.csv GB/T 4754 base,LOW,DRAFT_NOT_FOR_RUNTIME,11
52,二十一、化学原料和化学制品制造业26,日用化学产品制造268,268,SIMPLIFIED,2684,class,香料、香精制造,，香料、香精制造2684（采用热反应工艺,肥皂及洗涤剂制造2681（采用高塔喷 粉工艺的合成洗衣粉制造），香料、 香精制造2684（采用热反应工艺的香 精制造）,LIKELY_CLASS_CODE_NEED_SCOPE_CONFIRM,该数字是否为名录条件中的行业代码范围/例外项，而不是规模阈值或脚注编号？,permit_management_catalog_table_cells.csv -> permit_condition_normalization_draft.csv; industry_catalog_base.csv GB/T 4754 base,LOW,DRAFT_NOT_FOR_RUNTIME,11
52,二十一、化学原料和化学制品制造业26,日用化学产品制造268,268,REGISTRATION,2681,class,肥皂及洗涤剂制造,肥皂及洗涤剂制造2681（除重点管理、简,肥皂及洗涤剂制造2681（除重点管理、 简化管理以外的），化妆品制造2682， 口腔清洁用品制造2683，香料、香精制 造 2684（除重点管理、简化管理以外 的），其他日用化学产品制造2689,LIKELY_CLASS_CODE_NEED_SCOPE_CONFIRM,该数字是否为名录条件中的行业代码范围/例外项，而不是规模阈值或脚注编号？,permit_management_catalog_table_cells.csv -> permit_condition_normalization_draft.csv; industry_catalog_base.csv GB/T 4754 base,LOW,DRAFT_NOT_FOR_RUNTIME,11
52,二十一、化学原料和化学制品制造业26,日用化学产品制造268,268,REGISTRATION,2682,class,化妆品制造,的），化妆品制造2682，口腔清洁用品制,肥皂及洗涤剂制造2681（除重点管理、 简化管理以外的），化妆品制造2682， 口腔清洁用品制造2683，香料、香精制 造 2684（除重点管理、简化管理以外 的），其他日用化学产品制造2689,LIKELY_CLASS_CODE_NEED_SCOPE_CONFIRM,该数字是否为名录条件中的行业代码范围/例外项，而不是规模阈值或脚注编号？,permit_management_catalog_table_cells.csv -> permit_condition_normalization_draft.csv; industry_catalog_base.csv GB/T 4754 base,LOW,DRAFT_NOT_FOR_RUNTIME,11
52,二十一、化学原料和化学制品制造业26,日用化学产品制造268,268,REGISTRATION,2683,class,口腔清洁用品制造,口腔清洁用品制造2683，香料、香精制造,肥皂及洗涤剂制造2681（除重点管理、 简化管理以外的），化妆品制造2682， 口腔清洁用品制造2683，香料、香精制 造 2684（除重点管理、简化管理以外 的），其他日用化学产品制造2689,LIKELY_CLASS_CODE_NEED_SCOPE_CONFIRM,该数字是否为名录条件中的行业代码范围/例外项，而不是规模阈值或脚注编号？,permit_management_catalog_table_cells.csv -> permit_condition_normalization_draft.csv; industry_catalog_base.csv GB/T 4754 base,LOW,DRAFT_NOT_FOR_RUNTIME,11
52,二十一、化学原料和化学制品制造业26,日用化学产品制造268,268,REGISTRATION,2684,class,香料、香精制造,，香料、香精制造2684（除重点管理、简,肥皂及洗涤剂制造2681（除重点管理、 简化管理以外的），化妆品制造2682， 口腔清洁用品制造2683，香料、香精制 造 2684（除重点管理、简化管理以外 的），其他日用化学产品制造2689,LIKELY_CLASS_CODE_NEED_SCOPE_CONFIRM,该数字是否为名录条件中的行业代码范围/例外项，而不是规模阈值或脚注编号？,permit_management_catalog_table_cells.csv -> permit_condition_normalization_draft.csv; industry_catalog_base.csv GB/T 4754 base,LOW,DRAFT_NOT_FOR_RUNTIME,11
52,二十一、化学原料和化学制品制造业26,日用化学产品制造268,268,REGISTRATION,2689,class,其他日用化学产品制造,日用化学产品制造2689,肥皂及洗涤剂制造2681（除重点管理、 简化管理以外的），化妆品制造2682， 口腔清洁用品制造2683，香料、香精制 造 2684（除重点管理、简化管理以外 的），其他日用化学产品制造2689,LIKELY_CLASS_CODE_NEED_SCOPE_CONFIRM,该数字是否为名录条件中的行业代码范围/例外项，而不是规模阈值或脚注编号？,permit_management_catalog_table_cells.csv -> permit_condition_normalization_draft.csv; industry_catalog_base.csv GB/T 4754 base,LOW,DRAFT_NOT_FOR_RUNTIME,11
54,二十二、医药制造业27,化学药品制剂制造272,272,KEY,2720,class,化学药品制剂制造,化学药品制剂制造2720（不含单纯混合或,化学药品制剂制造2720（不含单纯混 合或者分装的）,LIKELY_CLASS_CODE_NEED_SCOPE_CONFIRM,该数字是否为名录条件中的行业代码范围/例外项，而不是规模阈值或脚注编号？,permit_management_catalog_table_cells.csv -> permit_condition_normalization_draft.csv; industry_catalog_base.csv GB/T 4754 base,LOW,DRAFT_NOT_FOR_RUNTIME,11
57,二十二、医药制造业27,兽用药品制造275,275,KEY,2750,class,兽用药品制造,兽用药品制造2750（不含单纯混合或,兽用药品制造2750（不含单纯混合或 者分装的）,LIKELY_CLASS_CODE_NEED_SCOPE_CONFIRM,该数字是否为名录条件中的行业代码范围/例外项，而不是规模阈值或脚注编号？,permit_management_catalog_table_cells.csv -> permit_condition_normalization_draft.csv; industry_catalog_base.csv GB/T 4754 base,LOW,DRAFT_NOT_FOR_RUNTIME,11
58,二十二、医药制造业27,生物药品制品制造276,276,KEY,2761,class,生物药品制造,生物药品制造2761，基因工程药物和,生物药品制造2761，基因工程药物和 疫苗制造2762，以上均不含单纯混合 或者分装的,LIKELY_CLASS_CODE_NEED_SCOPE_CONFIRM,该数字是否为名录条件中的行业代码范围/例外项，而不是规模阈值或脚注编号？,permit_management_catalog_table_cells.csv -> permit_condition_normalization_draft.csv; industry_catalog_base.csv GB/T 4754 base,LOW,DRAFT_NOT_FOR_RUNTIME,11
58,二十二、医药制造业27,生物药品制品制造276,276,KEY,2762,class,基因工程药物和疫苗制造,程药物和疫苗制造2762，以上均不含单纯,生物药品制造2761，基因工程药物和 疫苗制造2762，以上均不含单纯混合 或者分装的,LIKELY_CLASS_CODE_NEED_SCOPE_CONFIRM,该数字是否为名录条件中的行业代码范围/例外项，而不是规模阈值或脚注编号？,permit_management_catalog_table_cells.csv -> permit_condition_normalization_draft.csv; industry_catalog_base.csv GB/T 4754 base,LOW,DRAFT_NOT_FOR_RUNTIME,11
59,二十二、医药制造业27,卫生材料及医药用品制造277,277,REGISTRATION,2770,class,卫生材料及医药用品制造,料及医药用品制造2770,卫生材料及医药用品制造2770,LIKELY_CLASS_CODE_NEED_SCOPE_CONFIRM,该数字是否为名录条件中的行业代码范围/例外项，而不是规模阈值或脚注编号？,permit_management_catalog_table_cells.csv -> permit_condition_normalization_draft.csv; industry_catalog_base.csv GB/T 4754 base,LOW,DRAFT_NOT_FOR_RUNTIME,11
60,二十三、化学纤维制造业28,"纤维素纤维原料及纤维制造281，合成
纤维制造282，生物基材料制造283",281;282;283,KEY,2811,class,化纤浆粕制造,化纤浆粕制造2811，人造纤维（纤维,化纤浆粕制造2811，人造纤维（纤维 素纤维）制造 2812，锦纶纤维制造 2821，涤纶纤维制造2822，腈纶纤维 制造2823，维纶纤维制造2824，氨 纶纤维制造2826，其他合成纤维制造 2829，生物基化学纤维制造2831（莱 赛尔纤维制造）,LIKELY_CLASS_CODE_NEED_SCOPE_CONFIRM,该数字是否为名录条件中的行业代码范围/例外项，而不是规模阈值或脚注编号？,permit_management_catalog_table_cells.csv -> permit_condition_normalization_draft.csv; industry_catalog_base.csv GB/T 4754 base,LOW,DRAFT_NOT_FOR_RUNTIME,11
60,二十三、化学纤维制造业28,"纤维素纤维原料及纤维制造281，合成
纤维制造282，生物基材料制造283",281;282;283,KEY,2812,class,人造纤维（纤维素纤维）制造,纤维素纤维）制造2812，锦纶纤维制造2,化纤浆粕制造2811，人造纤维（纤维 素纤维）制造 2812，锦纶纤维制造 2821，涤纶纤维制造2822，腈纶纤维 制造2823，维纶纤维制造2824，氨 纶纤维制造2826，其他合成纤维制造 2829，生物基化学纤维制造2831（莱 赛尔纤维制造）,LIKELY_CLASS_CODE_NEED_SCOPE_CONFIRM,该数字是否为名录条件中的行业代码范围/例外项，而不是规模阈值或脚注编号？,permit_management_catalog_table_cells.csv -> permit_condition_normalization_draft.csv; industry_catalog_base.csv GB/T 4754 base,LOW,DRAFT_NOT_FOR_RUNTIME,11
60,二十三、化学纤维制造业28,"纤维素纤维原料及纤维制造281，合成
纤维制造282，生物基材料制造283",281;282;283,KEY,2821,class,锦纶纤维制造,2，锦纶纤维制造2821，涤纶纤维制造2,化纤浆粕制造2811，人造纤维（纤维 素纤维）制造 2812，锦纶纤维制造 2821，涤纶纤维制造2822，腈纶纤维 制造2823，维纶纤维制造2824，氨 纶纤维制造2826，其他合成纤维制造 2829，生物基化学纤维制造2831（莱 赛尔纤维制造）,LIKELY_CLASS_CODE_NEED_SCOPE_CONFIRM,该数字是否为名录条件中的行业代码范围/例外项，而不是规模阈值或脚注编号？,permit_management_catalog_table_cells.csv -> permit_condition_normalization_draft.csv; industry_catalog_base.csv GB/T 4754 base,LOW,DRAFT_NOT_FOR_RUNTIME,11
60,二十三、化学纤维制造业28,"纤维素纤维原料及纤维制造281，合成
纤维制造282，生物基材料制造283",281;282;283,KEY,2822,class,涤纶纤维制造,1，涤纶纤维制造2822，腈纶纤维制造2,化纤浆粕制造2811，人造纤维（纤维 素纤维）制造 2812，锦纶纤维制造 2821，涤纶纤维制造2822，腈纶纤维 制造2823，维纶纤维制造2824，氨 纶纤维制造2826，其他合成纤维制造 2829，生物基化学纤维制造2831（莱 赛尔纤维制造）,LIKELY_CLASS_CODE_NEED_SCOPE_CONFIRM,该数字是否为名录条件中的行业代码范围/例外项，而不是规模阈值或脚注编号？,permit_management_catalog_table_cells.csv -> permit_condition_normalization_draft.csv; industry_catalog_base.csv GB/T 4754 base,LOW,DRAFT_NOT_FOR_RUNTIME,11
60,二十三、化学纤维制造业28,"纤维素纤维原料及纤维制造281，合成
纤维制造282，生物基材料制造283",281;282;283,KEY,2823,class,腈纶纤维制造,2，腈纶纤维制造2823，维纶纤维制造2,化纤浆粕制造2811，人造纤维（纤维 素纤维）制造 2812，锦纶纤维制造 2821，涤纶纤维制造2822，腈纶纤维 制造2823，维纶纤维制造2824，氨 纶纤维制造2826，其他合成纤维制造 2829，生物基化学纤维制造2831（莱 赛尔纤维制造）,LIKELY_CLASS_CODE_NEED_SCOPE_CONFIRM,该数字是否为名录条件中的行业代码范围/例外项，而不是规模阈值或脚注编号？,permit_management_catalog_table_cells.csv -> permit_condition_normalization_draft.csv; industry_catalog_base.csv GB/T 4754 base,LOW,DRAFT_NOT_FOR_RUNTIME,11
60,二十三、化学纤维制造业28,"纤维素纤维原料及纤维制造281，合成
纤维制造282，生物基材料制造283",281;282;283,KEY,2824,class,维纶纤维制造,3，维纶纤维制造2824，氨纶纤维制造2,化纤浆粕制造2811，人造纤维（纤维 素纤维）制造 2812，锦纶纤维制造 2821，涤纶纤维制造2822，腈纶纤维 制造2823，维纶纤维制造2824，氨 纶纤维制造2826，其他合成纤维制造 2829，生物基化学纤维制造2831（莱 赛尔纤维制造）,LIKELY_CLASS_CODE_NEED_SCOPE_CONFIRM,该数字是否为名录条件中的行业代码范围/例外项，而不是规模阈值或脚注编号？,permit_management_catalog_table_cells.csv -> permit_condition_normalization_draft.csv; industry_catalog_base.csv GB/T 4754 base,LOW,DRAFT_NOT_FOR_RUNTIME,11
60,二十三、化学纤维制造业28,"纤维素纤维原料及纤维制造281，合成
纤维制造282，生物基材料制造283",281;282;283,KEY,2826,class,氨纶纤维制造,4，氨纶纤维制造2826，其他合成纤维制,化纤浆粕制造2811，人造纤维（纤维 素纤维）制造 2812，锦纶纤维制造 2821，涤纶纤维制造2822，腈纶纤维 制造2823，维纶纤维制造2824，氨 纶纤维制造2826，其他合成纤维制造 2829，生物基化学纤维制造2831（莱 赛尔纤维制造）,LIKELY_CLASS_CODE_NEED_SCOPE_CONFIRM,该数字是否为名录条件中的行业代码范围/例外项，而不是规模阈值或脚注编号？,permit_management_catalog_table_cells.csv -> permit_condition_normalization_draft.csv; industry_catalog_base.csv GB/T 4754 base,LOW,DRAFT_NOT_FOR_RUNTIME,11
60,二十三、化学纤维制造业28,"纤维素纤维原料及纤维制造281，合成
纤维制造282，生物基材料制造283",281;282;283,KEY,2829,class,其他合成纤维制造,其他合成纤维制造2829，生物基化学纤维,化纤浆粕制造2811，人造纤维（纤维 素纤维）制造 2812，锦纶纤维制造 2821，涤纶纤维制造2822，腈纶纤维 制造2823，维纶纤维制造2824，氨 纶纤维制造2826，其他合成纤维制造 2829，生物基化学纤维制造2831（莱 赛尔纤维制造）,LIKELY_CLASS_CODE_NEED_SCOPE_CONFIRM,该数字是否为名录条件中的行业代码范围/例外项，而不是规模阈值或脚注编号？,permit_management_catalog_table_cells.csv -> permit_condition_normalization_draft.csv; industry_catalog_base.csv GB/T 4754 base,LOW,DRAFT_NOT_FOR_RUNTIME,11
60,二十三、化学纤维制造业28,"纤维素纤维原料及纤维制造281，合成
纤维制造282，生物基材料制造283",281;282;283,KEY,2831,class,生物基化学纤维制造,物基化学纤维制造2831（莱赛尔纤维制造,化纤浆粕制造2811，人造纤维（纤维 素纤维）制造 2812，锦纶纤维制造 2821，涤纶纤维制造2822，腈纶纤维 制造2823，维纶纤维制造2824，氨 纶纤维制造2826，其他合成纤维制造 2829，生物基化学纤维制造2831（莱 赛尔纤维制造）,LIKELY_CLASS_CODE_NEED_SCOPE_CONFIRM,该数字是否为名录条件中的行业代码范围/例外项，而不是规模阈值或脚注编号？,permit_management_catalog_table_cells.csv -> permit_condition_normalization_draft.csv; industry_catalog_base.csv GB/T 4754 base,LOW,DRAFT_NOT_FOR_RUNTIME,11
60,二十三、化学纤维制造业28,"纤维素纤维原料及纤维制造281，合成
纤维制造282，生物基材料制造283",281;282;283,REGISTRATION,2825,class,丙纶纤维制造,丙纶纤维制造2825，生物基化学纤维,丙纶纤维制造2825，生物基化学纤维制 造2831（除莱赛尔纤维制造以外的）， 生物基、淀粉基新材料制造2832,LIKELY_CLASS_CODE_NEED_SCOPE_CONFIRM,该数字是否为名录条件中的行业代码范围/例外项，而不是规模阈值或脚注编号？,permit_management_catalog_table_cells.csv -> permit_condition_normalization_draft.csv; industry_catalog_base.csv GB/T 4754 base,LOW,DRAFT_NOT_FOR_RUNTIME,11
60,二十三、化学纤维制造业28,"纤维素纤维原料及纤维制造281，合成
纤维制造282，生物基材料制造283",281;282;283,REGISTRATION,2831,class,生物基化学纤维制造,物基化学纤维制造2831（除莱赛尔纤维制,丙纶纤维制造2825，生物基化学纤维制 造2831（除莱赛尔纤维制造以外的）， 生物基、淀粉基新材料制造2832,LIKELY_CLASS_CODE_NEED_SCOPE_CONFIRM,该数字是否为名录条件中的行业代码范围/例外项，而不是规模阈值或脚注编号？,permit_management_catalog_table_cells.csv -> permit_condition_normalization_draft.csv; industry_catalog_base.csv GB/T 4754 base,LOW,DRAFT_NOT_FOR_RUNTIME,11
60,二十三、化学纤维制造业28,"纤维素纤维原料及纤维制造281，合成
纤维制造282，生物基材料制造283",281;282;283,REGISTRATION,2832,class,生物基、淀粉基新材料制造,淀粉基新材料制造2832,丙纶纤维制造2825，生物基化学纤维制 造2831（除莱赛尔纤维制造以外的）， 生物基、淀粉基新材料制造2832,LIKELY_CLASS_CODE_NEED_SCOPE_CONFIRM,该数字是否为名录条件中的行业代码范围/例外项，而不是规模阈值或脚注编号？,permit_management_catalog_table_cells.csv -> permit_condition_normalization_draft.csv; industry_catalog_base.csv GB/T 4754 base,LOW,DRAFT_NOT_FOR_RUNTIME,11
61,二十四、橡胶和塑料制品业29,橡胶制品业291,291,SIMPLIFIED,2911,class,轮胎制造,理以外的轮胎制造2911、年耗胶量200,除重点管理以外的轮胎制造2911、年 耗胶量2000 吨及以上的橡胶板、管、 带制造2912、橡胶零件制造2913、再 生橡胶制造2914、日用及医用橡胶制 品制造 2915、运动场地用塑胶制造 2916、其他橡胶制品制造2919,LIKELY_CLASS_CODE_NEED_SCOPE_CONFIRM,该数字是否为名录条件中的行业代码范围/例外项，而不是规模阈值或脚注编号？,permit_management_catalog_table_cells.csv -> permit_condition_normalization_draft.csv; industry_catalog_base.csv GB/T 4754 base,LOW,DRAFT_NOT_FOR_RUNTIME,12
61,二十四、橡胶和塑料制品业29,橡胶制品业291,291,SIMPLIFIED,2912,class,橡胶板、管、带制造,胶板、管、带制造2912、橡胶零件制造2,除重点管理以外的轮胎制造2911、年 耗胶量2000 吨及以上的橡胶板、管、 带制造2912、橡胶零件制造2913、再 生橡胶制造2914、日用及医用橡胶制 品制造 2915、运动场地用塑胶制造 2916、其他橡胶制品制造2919,LIKELY_CLASS_CODE_NEED_SCOPE_CONFIRM,该数字是否为名录条件中的行业代码范围/例外项，而不是规模阈值或脚注编号？,permit_management_catalog_table_cells.csv -> permit_condition_normalization_draft.csv; industry_catalog_base.csv GB/T 4754 base,LOW,DRAFT_NOT_FOR_RUNTIME,12
61,二十四、橡胶和塑料制品业29,橡胶制品业291,291,SIMPLIFIED,2913,class,橡胶零件制造,2、橡胶零件制造2913、再生橡胶制造2,除重点管理以外的轮胎制造2911、年 耗胶量2000 吨及以上的橡胶板、管、 带制造2912、橡胶零件制造2913、再 生橡胶制造2914、日用及医用橡胶制 品制造 2915、运动场地用塑胶制造 2916、其他橡胶制品制造2919,LIKELY_CLASS_CODE_NEED_SCOPE_CONFIRM,该数字是否为名录条件中的行业代码范围/例外项，而不是规模阈值或脚注编号？,permit_management_catalog_table_cells.csv -> permit_condition_normalization_draft.csv; industry_catalog_base.csv GB/T 4754 base,LOW,DRAFT_NOT_FOR_RUNTIME,12
61,二十四、橡胶和塑料制品业29,橡胶制品业291,291,SIMPLIFIED,2914,class,再生橡胶制造,3、再生橡胶制造2914、日用及医用橡胶,除重点管理以外的轮胎制造2911、年 耗胶量2000 吨及以上的橡胶板、管、 带制造2912、橡胶零件制造2913、再 生橡胶制造2914、日用及医用橡胶制 品制造 2915、运动场地用塑胶制造 2916、其他橡胶制品制造2919,LIKELY_CLASS_CODE_NEED_SCOPE_CONFIRM,该数字是否为名录条件中的行业代码范围/例外项，而不是规模阈值或脚注编号？,permit_management_catalog_table_cells.csv -> permit_condition_normalization_draft.csv; industry_catalog_base.csv GB/T 4754 base,LOW,DRAFT_NOT_FOR_RUNTIME,12
61,二十四、橡胶和塑料制品业29,橡胶制品业291,291,SIMPLIFIED,2915,class,日用及医用橡胶制品制造,医用橡胶制品制造2915、运动场地用塑胶,除重点管理以外的轮胎制造2911、年 耗胶量2000 吨及以上的橡胶板、管、 带制造2912、橡胶零件制造2913、再 生橡胶制造2914、日用及医用橡胶制 品制造 2915、运动场地用塑胶制造 2916、其他橡胶制品制造2919,LIKELY_CLASS_CODE_NEED_SCOPE_CONFIRM,该数字是否为名录条件中的行业代码范围/例外项，而不是规模阈值或脚注编号？,permit_management_catalog_table_cells.csv -> permit_condition_normalization_draft.csv; industry_catalog_base.csv GB/T 4754 base,LOW,DRAFT_NOT_FOR_RUNTIME,12
61,二十四、橡胶和塑料制品业29,橡胶制品业291,291,SIMPLIFIED,2916,class,运动场地用塑胶制造,动场地用塑胶制造2916、其他橡胶制品制,除重点管理以外的轮胎制造2911、年 耗胶量2000 吨及以上的橡胶板、管、 带制造2912、橡胶零件制造2913、再 生橡胶制造2914、日用及医用橡胶制 品制造 2915、运动场地用塑胶制造 2916、其他橡胶制品制造2919,LIKELY_CLASS_CODE_NEED_SCOPE_CONFIRM,该数字是否为名录条件中的行业代码范围/例外项，而不是规模阈值或脚注编号？,permit_management_catalog_table_cells.csv -> permit_condition_normalization_draft.csv; industry_catalog_base.csv GB/T 4754 base,LOW,DRAFT_NOT_FOR_RUNTIME,12
61,二十四、橡胶和塑料制品业29,橡胶制品业291,291,SIMPLIFIED,2919,class,其他橡胶制品制造,其他橡胶制品制造2919,除重点管理以外的轮胎制造2911、年 耗胶量2000 吨及以上的橡胶板、管、 带制造2912、橡胶零件制造2913、再 生橡胶制造2914、日用及医用橡胶制 品制造 2915、运动场地用塑胶制造 2916、其他橡胶制品制造2919,LIKELY_CLASS_CODE_NEED_SCOPE_CONFIRM,该数字是否为名录条件中的行业代码范围/例外项，而不是规模阈值或脚注编号？,permit_management_catalog_table_cells.csv -> permit_condition_normalization_draft.csv; industry_catalog_base.csv GB/T 4754 base,LOW,DRAFT_NOT_FOR_RUNTIME,12
62,二十四、橡胶和塑料制品业29,塑料制品业292,292,KEY,2925,class,塑料人造革、合成革制造,造革、合成革制造2925,塑料人造革、合成革制造2925,LIKELY_CLASS_CODE_NEED_SCOPE_CONFIRM,该数字是否为名录条件中的行业代码范围/例外项，而不是规模阈值或脚注编号？,permit_management_catalog_table_cells.csv -> permit_condition_normalization_draft.csv; industry_catalog_base.csv GB/T 4754 base,LOW,DRAFT_NOT_FOR_RUNTIME,12
62,二十四、橡胶和塑料制品业29,塑料制品业292,292,SIMPLIFIED,2924,class,泡沫塑料制造,上的泡沫塑料制造2924，年产1万吨及以,年产 1 万吨及以上的泡沫塑料制造 2924，年产1 万吨及以上涉及改性的 塑料薄膜制造2921、塑料板、管、型 材制造2922、塑料丝、绳和编织品制 造 2923、塑料包装箱及容器制造 2926、日用塑料品制造2927、人造草 坪制造2928、塑料零件及其他塑料制 品制造2929,LIKELY_CLASS_CODE_NEED_SCOPE_CONFIRM,该数字是否为名录条件中的行业代码范围/例外项，而不是规模阈值或脚注编号？,permit_management_catalog_table_cells.csv -> permit_condition_normalization_draft.csv; industry_catalog_base.csv GB/T 4754 base,LOW,DRAFT_NOT_FOR_RUNTIME,12
62,二十四、橡胶和塑料制品业29,塑料制品业292,292,SIMPLIFIED,2921,class,塑料薄膜制造,性的塑料薄膜制造2921、塑料板、管、型,年产 1 万吨及以上的泡沫塑料制造 2924，年产1 万吨及以上涉及改性的 塑料薄膜制造2921、塑料板、管、型 材制造2922、塑料丝、绳和编织品制 造 2923、塑料包装箱及容器制造 2926、日用塑料品制造2927、人造草 坪制造2928、塑料零件及其他塑料制 品制造2929,LIKELY_CLASS_CODE_NEED_SCOPE_CONFIRM,该数字是否为名录条件中的行业代码范围/例外项，而不是规模阈值或脚注编号？,permit_management_catalog_table_cells.csv -> permit_condition_normalization_draft.csv; industry_catalog_base.csv GB/T 4754 base,LOW,DRAFT_NOT_FOR_RUNTIME,12
62,二十四、橡胶和塑料制品业29,塑料制品业292,292,SIMPLIFIED,2922,class,塑料板、管、型材制造,板、管、型材制造2922、塑料丝、绳和编,年产 1 万吨及以上的泡沫塑料制造 2924，年产1 万吨及以上涉及改性的 塑料薄膜制造2921、塑料板、管、型 材制造2922、塑料丝、绳和编织品制 造 2923、塑料包装箱及容器制造 2926、日用塑料品制造2927、人造草 坪制造2928、塑料零件及其他塑料制 品制造2929,LIKELY_CLASS_CODE_NEED_SCOPE_CONFIRM,该数字是否为名录条件中的行业代码范围/例外项，而不是规模阈值或脚注编号？,permit_management_catalog_table_cells.csv -> permit_condition_normalization_draft.csv; industry_catalog_base.csv GB/T 4754 base,LOW,DRAFT_NOT_FOR_RUNTIME,12
62,二十四、橡胶和塑料制品业29,塑料制品业292,292,SIMPLIFIED,2923,class,塑料丝、绳及编织品制造,、绳和编织品制造2923、塑料包装箱及容,年产 1 万吨及以上的泡沫塑料制造 2924，年产1 万吨及以上涉及改性的 塑料薄膜制造2921、塑料板、管、型 材制造2922、塑料丝、绳和编织品制 造 2923、塑料包装箱及容器制造 2926、日用塑料品制造2927、人造草 坪制造2928、塑料零件及其他塑料制 品制造2929,LIKELY_CLASS_CODE_NEED_SCOPE_CONFIRM,该数字是否为名录条件中的行业代码范围/例外项，而不是规模阈值或脚注编号？,permit_management_catalog_table_cells.csv -> permit_condition_normalization_draft.csv; industry_catalog_base.csv GB/T 4754 base,LOW,DRAFT_NOT_FOR_RUNTIME,12
62,二十四、橡胶和塑料制品业29,塑料制品业292,292,SIMPLIFIED,2926,class,塑料包装箱及容器制造,包装箱及容器制造2926、日用塑料品制造,年产 1 万吨及以上的泡沫塑料制造 2924，年产1 万吨及以上涉及改性的 塑料薄膜制造2921、塑料板、管、型 材制造2922、塑料丝、绳和编织品制 造 2923、塑料包装箱及容器制造 2926、日用塑料品制造2927、人造草 坪制造2928、塑料零件及其他塑料制 品制造2929,LIKELY_CLASS_CODE_NEED_SCOPE_CONFIRM,该数字是否为名录条件中的行业代码范围/例外项，而不是规模阈值或脚注编号？,permit_management_catalog_table_cells.csv -> permit_condition_normalization_draft.csv; industry_catalog_base.csv GB/T 4754 base,LOW,DRAFT_NOT_FOR_RUNTIME,12
62,二十四、橡胶和塑料制品业29,塑料制品业292,292,SIMPLIFIED,2927,class,日用塑料制品制造,、日用塑料品制造2927、人造草坪制造2,年产 1 万吨及以上的泡沫塑料制造 2924，年产1 万吨及以上涉及改性的 塑料薄膜制造2921、塑料板、管、型 材制造2922、塑料丝、绳和编织品制 造 2923、塑料包装箱及容器制造 2926、日用塑料品制造2927、人造草 坪制造2928、塑料零件及其他塑料制 品制造2929,LIKELY_CLASS_CODE_NEED_SCOPE_CONFIRM,该数字是否为名录条件中的行业代码范围/例外项，而不是规模阈值或脚注编号？,permit_management_catalog_table_cells.csv -> permit_condition_normalization_draft.csv; industry_catalog_base.csv GB/T 4754 base,LOW,DRAFT_NOT_FOR_RUNTIME,12
62,二十四、橡胶和塑料制品业29,塑料制品业292,292,SIMPLIFIED,2928,class,人造草坪制造,7、人造草坪制造2928、塑料零件及其他,年产 1 万吨及以上的泡沫塑料制造 2924，年产1 万吨及以上涉及改性的 塑料薄膜制造2921、塑料板、管、型 材制造2922、塑料丝、绳和编织品制 造 2923、塑料包装箱及容器制造 2926、日用塑料品制造2927、人造草 坪制造2928、塑料零件及其他塑料制 品制造2929,LIKELY_CLASS_CODE_NEED_SCOPE_CONFIRM,该数字是否为名录条件中的行业代码范围/例外项，而不是规模阈值或脚注编号？,permit_management_catalog_table_cells.csv -> permit_condition_normalization_draft.csv; industry_catalog_base.csv GB/T 4754 base,LOW,DRAFT_NOT_FOR_RUNTIME,12
62,二十四、橡胶和塑料制品业29,塑料制品业292,292,SIMPLIFIED,2929,class,塑料零件及其他塑料制品制造,其他塑料制品制造2929,年产 1 万吨及以上的泡沫塑料制造 2924，年产1 万吨及以上涉及改性的 塑料薄膜制造2921、塑料板、管、型 材制造2922、塑料丝、绳和编织品制 造 2923、塑料包装箱及容器制造 2926、日用塑料品制造2927、人造草 坪制造2928、塑料零件及其他塑料制 品制造2929,LIKELY_CLASS_CODE_NEED_SCOPE_CONFIRM,该数字是否为名录条件中的行业代码范围/例外项，而不是规模阈值或脚注编号？,permit_management_catalog_table_cells.csv -> permit_condition_normalization_draft.csv; industry_catalog_base.csv GB/T 4754 base,LOW,DRAFT_NOT_FOR_RUNTIME,12
63,二十五、非金属矿物制品业30,"水泥、石灰和石膏制造301，石膏、水
泥制品及类似制品制造302",301;302,SIMPLIFIED,3012,class,石灰和石膏制造,、石灰和石膏制造3012,水泥粉磨站、石灰和石膏制造3012,LIKELY_CLASS_CODE_NEED_SCOPE_CONFIRM,该数字是否为名录条件中的行业代码范围/例外项，而不是规模阈值或脚注编号？,permit_management_catalog_table_cells.csv -> permit_condition_normalization_draft.csv; industry_catalog_base.csv GB/T 4754 base,LOW,DRAFT_NOT_FOR_RUNTIME,12
63,二十五、非金属矿物制品业30,"水泥、石灰和石膏制造301，石膏、水
泥制品及类似制品制造302",301;302,REGISTRATION,3021,class,水泥制品制造,水泥制品制造3021，砼结构构件制造,水泥制品制造 3021，砼结构构件制造 3022，石棉水泥制品制造3023，轻质建 筑材料制造3024，其他水泥类似制品制 造3029,LIKELY_CLASS_CODE_NEED_SCOPE_CONFIRM,该数字是否为名录条件中的行业代码范围/例外项，而不是规模阈值或脚注编号？,permit_management_catalog_table_cells.csv -> permit_condition_normalization_draft.csv; industry_catalog_base.csv GB/T 4754 base,LOW,DRAFT_NOT_FOR_RUNTIME,12
63,二十五、非金属矿物制品业30,"水泥、石灰和石膏制造301，石膏、水
泥制品及类似制品制造302",301;302,REGISTRATION,3022,class,砼结构构件制造,，砼结构构件制造3022，石棉水泥制品制,水泥制品制造 3021，砼结构构件制造 3022，石棉水泥制品制造3023，轻质建 筑材料制造3024，其他水泥类似制品制 造3029,LIKELY_CLASS_CODE_NEED_SCOPE_CONFIRM,该数字是否为名录条件中的行业代码范围/例外项，而不是规模阈值或脚注编号？,permit_management_catalog_table_cells.csv -> permit_condition_normalization_draft.csv; industry_catalog_base.csv GB/T 4754 base,LOW,DRAFT_NOT_FOR_RUNTIME,12
63,二十五、非金属矿物制品业30,"水泥、石灰和石膏制造301，石膏、水
泥制品及类似制品制造302",301;302,REGISTRATION,3023,class,石棉水泥制品制造,石棉水泥制品制造3023，轻质建筑材料制,水泥制品制造 3021，砼结构构件制造 3022，石棉水泥制品制造3023，轻质建 筑材料制造3024，其他水泥类似制品制 造3029,LIKELY_CLASS_CODE_NEED_SCOPE_CONFIRM,该数字是否为名录条件中的行业代码范围/例外项，而不是规模阈值或脚注编号？,permit_management_catalog_table_cells.csv -> permit_condition_normalization_draft.csv; industry_catalog_base.csv GB/T 4754 base,LOW,DRAFT_NOT_FOR_RUNTIME,12
63,二十五、非金属矿物制品业30,"水泥、石灰和石膏制造301，石膏、水
泥制品及类似制品制造302",301;302,REGISTRATION,3024,class,轻质建筑材料制造,轻质建筑材料制造3024，其他水泥类似制,水泥制品制造 3021，砼结构构件制造 3022，石棉水泥制品制造3023，轻质建 筑材料制造3024，其他水泥类似制品制 造3029,LIKELY_CLASS_CODE_NEED_SCOPE_CONFIRM,该数字是否为名录条件中的行业代码范围/例外项，而不是规模阈值或脚注编号？,permit_management_catalog_table_cells.csv -> permit_condition_normalization_draft.csv; industry_catalog_base.csv GB/T 4754 base,LOW,DRAFT_NOT_FOR_RUNTIME,12
63,二十五、非金属矿物制品业30,"水泥、石灰和石膏制造301，石膏、水
泥制品及类似制品制造302",301;302,REGISTRATION,3029,class,其他水泥类似制品制造,水泥类似制品制造3029,水泥制品制造 3021，砼结构构件制造 3022，石棉水泥制品制造3023，轻质建 筑材料制造3024，其他水泥类似制品制 造3029,LIKELY_CLASS_CODE_NEED_SCOPE_CONFIRM,该数字是否为名录条件中的行业代码范围/例外项，而不是规模阈值或脚注编号？,permit_management_catalog_table_cells.csv -> permit_condition_normalization_draft.csv; industry_catalog_base.csv GB/T 4754 base,LOW,DRAFT_NOT_FOR_RUNTIME,12
64,二十五、非金属矿物制品业30,砖瓦、石材等建筑材料制造303,303,KEY,3031,class,粘土砖瓦及建筑砌块制造,瓦及建筑砌块制造3031（以煤或者煤矸石,粘土砖瓦及建筑砌块制造3031（以煤 或者煤矸石为燃料的烧结砖瓦）,LIKELY_CLASS_CODE_NEED_SCOPE_CONFIRM,该数字是否为名录条件中的行业代码范围/例外项，而不是规模阈值或脚注编号？,permit_management_catalog_table_cells.csv -> permit_condition_normalization_draft.csv; industry_catalog_base.csv GB/T 4754 base,LOW,DRAFT_NOT_FOR_RUNTIME,12
64,二十五、非金属矿物制品业30,砖瓦、石材等建筑材料制造303,303,SIMPLIFIED,3031,class,粘土砖瓦及建筑砌块制造,瓦及建筑砌块制造3031（除以煤或者煤矸,粘土砖瓦及建筑砌块制造3031（除以 煤或者煤矸石为燃料的烧结砖瓦以 外的），建筑用石加工3032，防水建 筑材料制造3033，隔热和隔音材料制 造3034，其他建筑材料制造3039， 以上均不含仅切割加工的,LIKELY_CLASS_CODE_NEED_SCOPE_CONFIRM,该数字是否为名录条件中的行业代码范围/例外项，而不是规模阈值或脚注编号？,permit_management_catalog_table_cells.csv -> permit_condition_normalization_draft.csv; industry_catalog_base.csv GB/T 4754 base,LOW,DRAFT_NOT_FOR_RUNTIME,12
64,二十五、非金属矿物制品业30,砖瓦、石材等建筑材料制造303,303,SIMPLIFIED,3032,class,建筑用石加工,），建筑用石加工3032，防水建筑材料制,粘土砖瓦及建筑砌块制造3031（除以 煤或者煤矸石为燃料的烧结砖瓦以 外的），建筑用石加工3032，防水建 筑材料制造3033，隔热和隔音材料制 造3034，其他建筑材料制造3039， 以上均不含仅切割加工的,LIKELY_CLASS_CODE_NEED_SCOPE_CONFIRM,该数字是否为名录条件中的行业代码范围/例外项，而不是规模阈值或脚注编号？,permit_management_catalog_table_cells.csv -> permit_condition_normalization_draft.csv; industry_catalog_base.csv GB/T 4754 base,LOW,DRAFT_NOT_FOR_RUNTIME,12
64,二十五、非金属矿物制品业30,砖瓦、石材等建筑材料制造303,303,SIMPLIFIED,3033,class,防水建筑材料制造,防水建筑材料制造3033，隔热和隔音材料,粘土砖瓦及建筑砌块制造3031（除以 煤或者煤矸石为燃料的烧结砖瓦以 外的），建筑用石加工3032，防水建 筑材料制造3033，隔热和隔音材料制 造3034，其他建筑材料制造3039， 以上均不含仅切割加工的,LIKELY_CLASS_CODE_NEED_SCOPE_CONFIRM,该数字是否为名录条件中的行业代码范围/例外项，而不是规模阈值或脚注编号？,permit_management_catalog_table_cells.csv -> permit_condition_normalization_draft.csv; industry_catalog_base.csv GB/T 4754 base,LOW,DRAFT_NOT_FOR_RUNTIME,12
64,二十五、非金属矿物制品业30,砖瓦、石材等建筑材料制造303,303,SIMPLIFIED,3034,class,隔热和隔音材料制造,热和隔音材料制造3034，其他建筑材料制,粘土砖瓦及建筑砌块制造3031（除以 煤或者煤矸石为燃料的烧结砖瓦以 外的），建筑用石加工3032，防水建 筑材料制造3033，隔热和隔音材料制 造3034，其他建筑材料制造3039， 以上均不含仅切割加工的,LIKELY_CLASS_CODE_NEED_SCOPE_CONFIRM,该数字是否为名录条件中的行业代码范围/例外项，而不是规模阈值或脚注编号？,permit_management_catalog_table_cells.csv -> permit_condition_normalization_draft.csv; industry_catalog_base.csv GB/T 4754 base,LOW,DRAFT_NOT_FOR_RUNTIME,12
64,二十五、非金属矿物制品业30,砖瓦、石材等建筑材料制造303,303,SIMPLIFIED,3039,class,其他建筑材料制造,其他建筑材料制造3039，以上均不含仅切,粘土砖瓦及建筑砌块制造3031（除以 煤或者煤矸石为燃料的烧结砖瓦以 外的），建筑用石加工3032，防水建 筑材料制造3033，隔热和隔音材料制 造3034，其他建筑材料制造3039， 以上均不含仅切割加工的,LIKELY_CLASS_CODE_NEED_SCOPE_CONFIRM,该数字是否为名录条件中的行业代码范围/例外项，而不是规模阈值或脚注编号？,permit_management_catalog_table_cells.csv -> permit_condition_normalization_draft.csv; industry_catalog_base.csv GB/T 4754 base,LOW,DRAFT_NOT_FOR_RUNTIME,12
65,二十五、非金属矿物制品业30,玻璃制造304,304,KEY,3041,class,平板玻璃制造,平板玻璃制造3041,平板玻璃制造3041,LIKELY_CLASS_CODE_NEED_SCOPE_CONFIRM,该数字是否为名录条件中的行业代码范围/例外项，而不是规模阈值或脚注编号？,permit_management_catalog_table_cells.csv -> permit_condition_normalization_draft.csv; industry_catalog_base.csv GB/T 4754 base,LOW,DRAFT_NOT_FOR_RUNTIME,13
65,二十五、非金属矿物制品业30,玻璃制造304,304,SIMPLIFIED,3042,class,特种玻璃制造,特种玻璃制造3042,特种玻璃制造3042,LIKELY_CLASS_CODE_NEED_SCOPE_CONFIRM,该数字是否为名录条件中的行业代码范围/例外项，而不是规模阈值或脚注编号？,permit_management_catalog_table_cells.csv -> permit_condition_normalization_draft.csv; industry_catalog_base.csv GB/T 4754 base,LOW,DRAFT_NOT_FOR_RUNTIME,13
65,二十五、非金属矿物制品业30,玻璃制造304,304,REGISTRATION,3049,class,其他玻璃制造,其他玻璃制造3049,其他玻璃制造3049,LIKELY_CLASS_CODE_NEED_SCOPE_CONFIRM,该数字是否为名录条件中的行业代码范围/例外项，而不是规模阈值或脚注编号？,permit_management_catalog_table_cells.csv -> permit_condition_normalization_draft.csv; industry_catalog_base.csv GB/T 4754 base,LOW,DRAFT_NOT_FOR_RUNTIME,13
68,二十五、非金属矿物制品业30,陶瓷制品制造307,307,KEY,3071,class,建筑陶瓷制品制造,建筑陶瓷制品制造3071（以煤、石油焦、,建筑陶瓷制品制造3071（以煤、石油 焦、油和发生炉煤气为燃料的），卫 生陶瓷制品制造3072（年产150 万件 及以上的），日用陶瓷制品制造3074 （年产250 万件及以上的）,LIKELY_CLASS_CODE_NEED_SCOPE_CONFIRM,该数字是否为名录条件中的行业代码范围/例外项，而不是规模阈值或脚注编号？,permit_management_catalog_table_cells.csv -> permit_condition_normalization_draft.csv; industry_catalog_base.csv GB/T 4754 base,LOW,DRAFT_NOT_FOR_RUNTIME,13
68,二十五、非金属矿物制品业30,陶瓷制品制造307,307,SIMPLIFIED,3071,class,建筑陶瓷制品制造,建筑陶瓷制品制造3071（以天然气为燃料,建筑陶瓷制品制造3071（以天然气为 燃料的）,LIKELY_CLASS_CODE_NEED_SCOPE_CONFIRM,该数字是否为名录条件中的行业代码范围/例外项，而不是规模阈值或脚注编号？,permit_management_catalog_table_cells.csv -> permit_condition_normalization_draft.csv; industry_catalog_base.csv GB/T 4754 base,LOW,DRAFT_NOT_FOR_RUNTIME,13
68,二十五、非金属矿物制品业30,陶瓷制品制造307,307,REGISTRATION,3071,class,建筑陶瓷制品制造,建筑陶瓷制品制造3071（除重点管理、简,建筑陶瓷制品制造3071（除重点管理、 简化管理以外的），卫生陶瓷制品制造 3072（年产150 万件以下的），日用陶 瓷制品制造 3074（年产 250 万件以下 的），特种陶瓷制品制造3073，陈设艺 术陶瓷制造3075，园艺陶瓷制造3076， 其他陶瓷制品制造3079,LIKELY_CLASS_CODE_NEED_SCOPE_CONFIRM,该数字是否为名录条件中的行业代码范围/例外项，而不是规模阈值或脚注编号？,permit_management_catalog_table_cells.csv -> permit_condition_normalization_draft.csv; industry_catalog_base.csv GB/T 4754 base,LOW,DRAFT_NOT_FOR_RUNTIME,13
68,二十五、非金属矿物制品业30,陶瓷制品制造307,307,REGISTRATION,3073,class,特种陶瓷制品制造,特种陶瓷制品制造3073，陈设艺术陶瓷制,建筑陶瓷制品制造3071（除重点管理、 简化管理以外的），卫生陶瓷制品制造 3072（年产150 万件以下的），日用陶 瓷制品制造 3074（年产 250 万件以下 的），特种陶瓷制品制造3073，陈设艺 术陶瓷制造3075，园艺陶瓷制造3076， 其他陶瓷制品制造3079,LIKELY_CLASS_CODE_NEED_SCOPE_CONFIRM,该数字是否为名录条件中的行业代码范围/例外项，而不是规模阈值或脚注编号？,permit_management_catalog_table_cells.csv -> permit_condition_normalization_draft.csv; industry_catalog_base.csv GB/T 4754 base,LOW,DRAFT_NOT_FOR_RUNTIME,13
68,二十五、非金属矿物制品业30,陶瓷制品制造307,307,REGISTRATION,3075,class,陈设艺术陶瓷制造,陈设艺术陶瓷制造3075，园艺陶瓷制造3,建筑陶瓷制品制造3071（除重点管理、 简化管理以外的），卫生陶瓷制品制造 3072（年产150 万件以下的），日用陶 瓷制品制造 3074（年产 250 万件以下 的），特种陶瓷制品制造3073，陈设艺 术陶瓷制造3075，园艺陶瓷制造3076， 其他陶瓷制品制造3079,LIKELY_CLASS_CODE_NEED_SCOPE_CONFIRM,该数字是否为名录条件中的行业代码范围/例外项，而不是规模阈值或脚注编号？,permit_management_catalog_table_cells.csv -> permit_condition_normalization_draft.csv; industry_catalog_base.csv GB/T 4754 base,LOW,DRAFT_NOT_FOR_RUNTIME,13
68,二十五、非金属矿物制品业30,陶瓷制品制造307,307,REGISTRATION,3076,class,园艺陶瓷制造,5，园艺陶瓷制造3076，其他陶瓷制品制,建筑陶瓷制品制造3071（除重点管理、 简化管理以外的），卫生陶瓷制品制造 3072（年产150 万件以下的），日用陶 瓷制品制造 3074（年产 250 万件以下 的），特种陶瓷制品制造3073，陈设艺 术陶瓷制造3075，园艺陶瓷制造3076， 其他陶瓷制品制造3079,LIKELY_CLASS_CODE_NEED_SCOPE_CONFIRM,该数字是否为名录条件中的行业代码范围/例外项，而不是规模阈值或脚注编号？,permit_management_catalog_table_cells.csv -> permit_condition_normalization_draft.csv; industry_catalog_base.csv GB/T 4754 base,LOW,DRAFT_NOT_FOR_RUNTIME,13
68,二十五、非金属矿物制品业30,陶瓷制品制造307,307,REGISTRATION,3079,class,其他陶瓷制品制造,其他陶瓷制品制造3079,建筑陶瓷制品制造3071（除重点管理、 简化管理以外的），卫生陶瓷制品制造 3072（年产150 万件以下的），日用陶 瓷制品制造 3074（年产 250 万件以下 的），特种陶瓷制品制造3073，陈设艺 术陶瓷制造3075，园艺陶瓷制造3076， 其他陶瓷制品制造3079,LIKELY_CLASS_CODE_NEED_SCOPE_CONFIRM,该数字是否为名录条件中的行业代码范围/例外项，而不是规模阈值或脚注编号？,permit_management_catalog_table_cells.csv -> permit_condition_normalization_draft.csv; industry_catalog_base.csv GB/T 4754 base,LOW,DRAFT_NOT_FOR_RUNTIME,13
69,二十五、非金属矿物制品业30,耐火材料制品制造308,308,KEY,3081,class,石棉制品制造,石棉制品制造3081,石棉制品制造3081,LIKELY_CLASS_CODE_NEED_SCOPE_CONFIRM,该数字是否为名录条件中的行业代码范围/例外项，而不是规模阈值或脚注编号？,permit_management_catalog_table_cells.csv -> permit_condition_normalization_draft.csv; industry_catalog_base.csv GB/T 4754 base,LOW,DRAFT_NOT_FOR_RUNTIME,13
69,二十五、非金属矿物制品业30,耐火材料制品制造308,308,SIMPLIFIED,3082,class,云母制品制造,料的云母制品制造3082、耐火陶瓷制品及,以煤、石油焦、油和发生炉煤气为燃 料的云母制品制造3082、耐火陶瓷制 品及其他耐火材料制造3089,LIKELY_CLASS_CODE_NEED_SCOPE_CONFIRM,该数字是否为名录条件中的行业代码范围/例外项，而不是规模阈值或脚注编号？,permit_management_catalog_table_cells.csv -> permit_condition_normalization_draft.csv; industry_catalog_base.csv GB/T 4754 base,LOW,DRAFT_NOT_FOR_RUNTIME,13
69,二十五、非金属矿物制品业30,耐火材料制品制造308,308,SIMPLIFIED,3089,class,耐火陶瓷制品及其他耐火材料制造,其他耐火材料制造3089,以煤、石油焦、油和发生炉煤气为燃 料的云母制品制造3082、耐火陶瓷制 品及其他耐火材料制造3089,LIKELY_CLASS_CODE_NEED_SCOPE_CONFIRM,该数字是否为名录条件中的行业代码范围/例外项，而不是规模阈值或脚注编号？,permit_management_catalog_table_cells.csv -> permit_condition_normalization_draft.csv; industry_catalog_base.csv GB/T 4754 base,LOW,DRAFT_NOT_FOR_RUNTIME,13
69,二十五、非金属矿物制品业30,耐火材料制品制造308,308,REGISTRATION,3082,class,云母制品制造,外的云母制品制造3082、耐火陶瓷制品及,除简化管理以外的云母制品制造3082、 耐火陶瓷制品及其他耐火材料制造 3089,LIKELY_CLASS_CODE_NEED_SCOPE_CONFIRM,该数字是否为名录条件中的行业代码范围/例外项，而不是规模阈值或脚注编号？,permit_management_catalog_table_cells.csv -> permit_condition_normalization_draft.csv; industry_catalog_base.csv GB/T 4754 base,LOW,DRAFT_NOT_FOR_RUNTIME,13
69,二十五、非金属矿物制品业30,耐火材料制品制造308,308,REGISTRATION,3089,class,耐火陶瓷制品及其他耐火材料制造,其他耐火材料制造3089,除简化管理以外的云母制品制造3082、 耐火陶瓷制品及其他耐火材料制造 3089,LIKELY_CLASS_CODE_NEED_SCOPE_CONFIRM,该数字是否为名录条件中的行业代码范围/例外项，而不是规模阈值或脚注编号？,permit_management_catalog_table_cells.csv -> permit_condition_normalization_draft.csv; industry_catalog_base.csv GB/T 4754 base,LOW,DRAFT_NOT_FOR_RUNTIME,13
70,二十五、非金属矿物制品业30,石墨及其他非金属矿物制品制造309,309,KEY,3091,class,石墨及碳素制品制造,墨及碳素制品制造3091（石墨制品、碳制,石墨及碳素制品制造3091（石墨制 品、碳制品、碳素新材料），其他非 金属矿物制品制造3099（多晶硅棒）,LIKELY_CLASS_CODE_NEED_SCOPE_CONFIRM,该数字是否为名录条件中的行业代码范围/例外项，而不是规模阈值或脚注编号？,permit_management_catalog_table_cells.csv -> permit_condition_normalization_draft.csv; industry_catalog_base.csv GB/T 4754 base,LOW,DRAFT_NOT_FOR_RUNTIME,13
70,二十五、非金属矿物制品业30,石墨及其他非金属矿物制品制造309,309,KEY,3099,class,其他非金属矿物制品制造,金属矿物制品制造3099（多晶硅棒）,石墨及碳素制品制造3091（石墨制 品、碳制品、碳素新材料），其他非 金属矿物制品制造3099（多晶硅棒）,LIKELY_CLASS_CODE_NEED_SCOPE_CONFIRM,该数字是否为名录条件中的行业代码范围/例外项，而不是规模阈值或脚注编号？,permit_management_catalog_table_cells.csv -> permit_condition_normalization_draft.csv; industry_catalog_base.csv GB/T 4754 base,LOW,DRAFT_NOT_FOR_RUNTIME,13
70,二十五、非金属矿物制品业30,石墨及其他非金属矿物制品制造309,309,SIMPLIFIED,3091,class,石墨及碳素制品制造,墨及碳素制品制造3091（除石墨制品、碳,石墨及碳素制品制造3091（除石墨制 品、碳制品、碳素新材料以外的）， 其他非金属矿物制品制造3099（单晶 硅棒，沥青混合物）,LIKELY_CLASS_CODE_NEED_SCOPE_CONFIRM,该数字是否为名录条件中的行业代码范围/例外项，而不是规模阈值或脚注编号？,permit_management_catalog_table_cells.csv -> permit_condition_normalization_draft.csv; industry_catalog_base.csv GB/T 4754 base,LOW,DRAFT_NOT_FOR_RUNTIME,13
70,二十五、非金属矿物制品业30,石墨及其他非金属矿物制品制造309,309,SIMPLIFIED,3099,class,其他非金属矿物制品制造,金属矿物制品制造3099（单晶硅棒，沥青,石墨及碳素制品制造3091（除石墨制 品、碳制品、碳素新材料以外的）， 其他非金属矿物制品制造3099（单晶 硅棒，沥青混合物）,LIKELY_CLASS_CODE_NEED_SCOPE_CONFIRM,该数字是否为名录条件中的行业代码范围/例外项，而不是规模阈值或脚注编号？,permit_management_catalog_table_cells.csv -> permit_condition_normalization_draft.csv; industry_catalog_base.csv GB/T 4754 base,LOW,DRAFT_NOT_FOR_RUNTIME,13
70,二十五、非金属矿物制品业30,石墨及其他非金属矿物制品制造309,309,REGISTRATION,3099,class,其他非金属矿物制品制造,金属矿物制品制造3099（除重点管理、简,其他非金属矿物制品制造3099（除重点 管理、简化管理以外的）,LIKELY_CLASS_CODE_NEED_SCOPE_CONFIRM,该数字是否为名录条件中的行业代码范围/例外项，而不是规模阈值或脚注编号？,permit_management_catalog_table_cells.csv -> permit_condition_normalization_draft.csv; industry_catalog_base.csv GB/T 4754 base,LOW,DRAFT_NOT_FOR_RUNTIME,13
74,二十六、黑色金属冶炼和压延加工业31,铁合金冶炼314,314,KEY,3140,class,铁合金冶炼,铁合金冶炼3140,铁合金冶炼3140,LIKELY_CLASS_CODE_NEED_SCOPE_CONFIRM,该数字是否为名录条件中的行业代码范围/例外项，而不是规模阈值或脚注编号？,permit_management_catalog_table_cells.csv -> permit_condition_normalization_draft.csv; industry_catalog_base.csv GB/T 4754 base,LOW,DRAFT_NOT_FOR_RUNTIME,13
76,二十七、有色金属冶炼和压延加工业32,贵金属冶炼322,322,KEY,3221,class,金冶炼,金冶炼3221，银冶炼3222,金冶炼3221，银冶炼3222，其他贵 金属冶炼3229,LIKELY_CLASS_CODE_NEED_SCOPE_CONFIRM,该数字是否为名录条件中的行业代码范围/例外项，而不是规模阈值或脚注编号？,permit_management_catalog_table_cells.csv -> permit_condition_normalization_draft.csv; industry_catalog_base.csv GB/T 4754 base,LOW,DRAFT_NOT_FOR_RUNTIME,14
76,二十七、有色金属冶炼和压延加工业32,贵金属冶炼322,322,KEY,3222,class,银冶炼,3221，银冶炼3222，其他贵金属冶炼,金冶炼3221，银冶炼3222，其他贵 金属冶炼3229,LIKELY_CLASS_CODE_NEED_SCOPE_CONFIRM,该数字是否为名录条件中的行业代码范围/例外项，而不是规模阈值或脚注编号？,permit_management_catalog_table_cells.csv -> permit_condition_normalization_draft.csv; industry_catalog_base.csv GB/T 4754 base,LOW,DRAFT_NOT_FOR_RUNTIME,14
76,二十七、有色金属冶炼和压延加工业32,贵金属冶炼322,322,KEY,3229,class,其他贵金属冶炼,，其他贵金属冶炼3229,金冶炼3221，银冶炼3222，其他贵 金属冶炼3229,LIKELY_CLASS_CODE_NEED_SCOPE_CONFIRM,该数字是否为名录条件中的行业代码范围/例外项，而不是规模阈值或脚注编号？,permit_management_catalog_table_cells.csv -> permit_condition_normalization_draft.csv; industry_catalog_base.csv GB/T 4754 base,LOW,DRAFT_NOT_FOR_RUNTIME,14
77,二十七、有色金属冶炼和压延加工业32,稀有稀土金属冶炼323,323,KEY,3231,class,钨钼冶炼,钨钼冶炼3231，稀土金属冶炼3,钨钼冶炼3231，稀土金属冶炼3232， 其他稀有金属冶炼3239,LIKELY_CLASS_CODE_NEED_SCOPE_CONFIRM,该数字是否为名录条件中的行业代码范围/例外项，而不是规模阈值或脚注编号？,permit_management_catalog_table_cells.csv -> permit_condition_normalization_draft.csv; industry_catalog_base.csv GB/T 4754 base,LOW,DRAFT_NOT_FOR_RUNTIME,14
77,二十七、有色金属冶炼和压延加工业32,稀有稀土金属冶炼323,323,KEY,3232,class,稀土金属冶炼,1，稀土金属冶炼3232，其他稀有金属冶,钨钼冶炼3231，稀土金属冶炼3232， 其他稀有金属冶炼3239,LIKELY_CLASS_CODE_NEED_SCOPE_CONFIRM,该数字是否为名录条件中的行业代码范围/例外项，而不是规模阈值或脚注编号？,permit_management_catalog_table_cells.csv -> permit_condition_normalization_draft.csv; industry_catalog_base.csv GB/T 4754 base,LOW,DRAFT_NOT_FOR_RUNTIME,14
77,二十七、有色金属冶炼和压延加工业32,稀有稀土金属冶炼323,323,KEY,3239,class,其他稀有金属冶炼,其他稀有金属冶炼3239,钨钼冶炼3231，稀土金属冶炼3232， 其他稀有金属冶炼3239,LIKELY_CLASS_CODE_NEED_SCOPE_CONFIRM,该数字是否为名录条件中的行业代码范围/例外项，而不是规模阈值或脚注编号？,permit_management_catalog_table_cells.csv -> permit_condition_normalization_draft.csv; industry_catalog_base.csv GB/T 4754 base,LOW,DRAFT_NOT_FOR_RUNTIME,14
82,二十八、金属制品业33,铸造及其他金属制品制造339,339,KEY,3391,class,黑色金属铸造,黑色金属铸造3391（使用冲天炉的）,黑色金属铸造3391（使用冲天炉的）， 有色金属铸造3392（生产铅基及铅青 铜铸件的）,LIKELY_CLASS_CODE_NEED_SCOPE_CONFIRM,该数字是否为名录条件中的行业代码范围/例外项，而不是规模阈值或脚注编号？,permit_management_catalog_table_cells.csv -> permit_condition_normalization_draft.csv; industry_catalog_base.csv GB/T 4754 base,LOW,DRAFT_NOT_FOR_RUNTIME,15
82,二十八、金属制品业33,铸造及其他金属制品制造339,339,KEY,3392,class,有色金属铸造,），有色金属铸造3392（生产铅基及铅青,黑色金属铸造3391（使用冲天炉的）， 有色金属铸造3392（生产铅基及铅青 铜铸件的）,LIKELY_CLASS_CODE_NEED_SCOPE_CONFIRM,该数字是否为名录条件中的行业代码范围/例外项，而不是规模阈值或脚注编号？,permit_management_catalog_table_cells.csv -> permit_condition_normalization_draft.csv; industry_catalog_base.csv GB/T 4754 base,LOW,DRAFT_NOT_FOR_RUNTIME,15
82,二十八、金属制品业33,铸造及其他金属制品制造339,339,SIMPLIFIED,3391,class,黑色金属铸造,外的黑色金属铸造3391、有色金属铸造3,除重点管理以外的黑色金属铸造 3391、有色金属铸造3392,LIKELY_CLASS_CODE_NEED_SCOPE_CONFIRM,该数字是否为名录条件中的行业代码范围/例外项，而不是规模阈值或脚注编号？,permit_management_catalog_table_cells.csv -> permit_condition_normalization_draft.csv; industry_catalog_base.csv GB/T 4754 base,LOW,DRAFT_NOT_FOR_RUNTIME,15
82,二十八、金属制品业33,铸造及其他金属制品制造339,339,SIMPLIFIED,3392,class,有色金属铸造,1、有色金属铸造3392,除重点管理以外的黑色金属铸造 3391、有色金属铸造3392,LIKELY_CLASS_CODE_NEED_SCOPE_CONFIRM,该数字是否为名录条件中的行业代码范围/例外项，而不是规模阈值或脚注编号？,permit_management_catalog_table_cells.csv -> permit_condition_normalization_draft.csv; industry_catalog_base.csv GB/T 4754 base,LOW,DRAFT_NOT_FOR_RUNTIME,15
85,三十一、汽车制造业36,"汽车整车制造361，汽车用发动机制造
362，改装汽车制造363，低速汽车制
造364，电车制造365，汽车车身、挂
车制造366，汽车零部件及配件制造
367",361;362;363;364;365;366;367,SIMPLIFIED,361,group,汽车整车制造,外的汽车整车制造361，除重点管理以外,除重点管理以外的汽车整车制造 361，除重点管理以外的年使用10 吨 及以上溶剂型涂料或者胶粘剂（含稀 释剂、固化剂、清洗溶剂）的汽车用 发动机制造362、改装汽车制造363、 低速汽车制造364、电车制造365、 汽车车身、挂车制造366、汽车零部 件及配件制造367,LIKELY_GROUP_CODE_NEED_SCOPE_CONFIRM,该数字是否为名录条件中的行业代码范围/例外项，而不是规模阈值或脚注编号？,permit_management_catalog_table_cells.csv -> permit_condition_normalization_draft.csv; industry_catalog_base.csv GB/T 4754 base,LOW,DRAFT_NOT_FOR_RUNTIME,16
85,三十一、汽车制造业36,"汽车整车制造361，汽车用发动机制造
362，改装汽车制造363，低速汽车制
造364，电车制造365，汽车车身、挂
车制造366，汽车零部件及配件制造
367",361;362;363;364;365;366;367,SIMPLIFIED,362,group,汽车用发动机制造,汽车用发动机制造362、改装汽车制造3,除重点管理以外的汽车整车制造 361，除重点管理以外的年使用10 吨 及以上溶剂型涂料或者胶粘剂（含稀 释剂、固化剂、清洗溶剂）的汽车用 发动机制造362、改装汽车制造363、 低速汽车制造364、电车制造365、 汽车车身、挂车制造366、汽车零部 件及配件制造367,LIKELY_GROUP_CODE_NEED_SCOPE_CONFIRM,该数字是否为名录条件中的行业代码范围/例外项，而不是规模阈值或脚注编号？,permit_management_catalog_table_cells.csv -> permit_condition_normalization_draft.csv; industry_catalog_base.csv GB/T 4754 base,LOW,DRAFT_NOT_FOR_RUNTIME,16
85,三十一、汽车制造业36,"汽车整车制造361，汽车用发动机制造
362，改装汽车制造363，低速汽车制
造364，电车制造365，汽车车身、挂
车制造366，汽车零部件及配件制造
367",361;362;363;364;365;366;367,SIMPLIFIED,363,group,改装汽车制造,2、改装汽车制造363、低速汽车制造3,除重点管理以外的汽车整车制造 361，除重点管理以外的年使用10 吨 及以上溶剂型涂料或者胶粘剂（含稀 释剂、固化剂、清洗溶剂）的汽车用 发动机制造362、改装汽车制造363、 低速汽车制造364、电车制造365、 汽车车身、挂车制造366、汽车零部 件及配件制造367,LIKELY_GROUP_CODE_NEED_SCOPE_CONFIRM,该数字是否为名录条件中的行业代码范围/例外项，而不是规模阈值或脚注编号？,permit_management_catalog_table_cells.csv -> permit_condition_normalization_draft.csv; industry_catalog_base.csv GB/T 4754 base,LOW,DRAFT_NOT_FOR_RUNTIME,16
85,三十一、汽车制造业36,"汽车整车制造361，汽车用发动机制造
362，改装汽车制造363，低速汽车制
造364，电车制造365，汽车车身、挂
车制造366，汽车零部件及配件制造
367",361;362;363;364;365;366;367,SIMPLIFIED,364,group,低速汽车制造,3、低速汽车制造364、电车制造365,除重点管理以外的汽车整车制造 361，除重点管理以外的年使用10 吨 及以上溶剂型涂料或者胶粘剂（含稀 释剂、固化剂、清洗溶剂）的汽车用 发动机制造362、改装汽车制造363、 低速汽车制造364、电车制造365、 汽车车身、挂车制造366、汽车零部 件及配件制造367,LIKELY_GROUP_CODE_NEED_SCOPE_CONFIRM,该数字是否为名录条件中的行业代码范围/例外项，而不是规模阈值或脚注编号？,permit_management_catalog_table_cells.csv -> permit_condition_normalization_draft.csv; industry_catalog_base.csv GB/T 4754 base,LOW,DRAFT_NOT_FOR_RUNTIME,16
85,三十一、汽车制造业36,"汽车整车制造361，汽车用发动机制造
362，改装汽车制造363，低速汽车制
造364，电车制造365，汽车车身、挂
车制造366，汽车零部件及配件制造
367",361;362;363;364;365;366;367,SIMPLIFIED,365,group,电车制造,364、电车制造365、汽车车身、挂车,除重点管理以外的汽车整车制造 361，除重点管理以外的年使用10 吨 及以上溶剂型涂料或者胶粘剂（含稀 释剂、固化剂、清洗溶剂）的汽车用 发动机制造362、改装汽车制造363、 低速汽车制造364、电车制造365、 汽车车身、挂车制造366、汽车零部 件及配件制造367,LIKELY_GROUP_CODE_NEED_SCOPE_CONFIRM,该数字是否为名录条件中的行业代码范围/例外项，而不是规模阈值或脚注编号？,permit_management_catalog_table_cells.csv -> permit_condition_normalization_draft.csv; industry_catalog_base.csv GB/T 4754 base,LOW,DRAFT_NOT_FOR_RUNTIME,16
85,三十一、汽车制造业36,"汽车整车制造361，汽车用发动机制造
362，改装汽车制造363，低速汽车制
造364，电车制造365，汽车车身、挂
车制造366，汽车零部件及配件制造
367",361;362;363;364;365;366;367,SIMPLIFIED,366,group,汽车车身、挂车制造,车车身、挂车制造366、汽车零部件及配,除重点管理以外的汽车整车制造 361，除重点管理以外的年使用10 吨 及以上溶剂型涂料或者胶粘剂（含稀 释剂、固化剂、清洗溶剂）的汽车用 发动机制造362、改装汽车制造363、 低速汽车制造364、电车制造365、 汽车车身、挂车制造366、汽车零部 件及配件制造367,LIKELY_GROUP_CODE_NEED_SCOPE_CONFIRM,该数字是否为名录条件中的行业代码范围/例外项，而不是规模阈值或脚注编号？,permit_management_catalog_table_cells.csv -> permit_condition_normalization_draft.csv; industry_catalog_base.csv GB/T 4754 base,LOW,DRAFT_NOT_FOR_RUNTIME,16
85,三十一、汽车制造业36,"汽车整车制造361，汽车用发动机制造
362，改装汽车制造363，低速汽车制
造364，电车制造365，汽车车身、挂
车制造366，汽车零部件及配件制造
367",361;362;363;364;365;366;367,SIMPLIFIED,367,group,汽车零部件及配件制造,零部件及配件制造367,除重点管理以外的汽车整车制造 361，除重点管理以外的年使用10 吨 及以上溶剂型涂料或者胶粘剂（含稀 释剂、固化剂、清洗溶剂）的汽车用 发动机制造362、改装汽车制造363、 低速汽车制造364、电车制造365、 汽车车身、挂车制造366、汽车零部 件及配件制造367,LIKELY_GROUP_CODE_NEED_SCOPE_CONFIRM,该数字是否为名录条件中的行业代码范围/例外项，而不是规模阈值或脚注编号？,permit_management_catalog_table_cells.csv -> permit_condition_normalization_draft.csv; industry_catalog_base.csv GB/T 4754 base,LOW,DRAFT_NOT_FOR_RUNTIME,16
88,三十三、电气机械和器材制造业38,电池制造384,384,KEY,3843,class,铅蓄电池制造,铅酸蓄电池制造3843,铅酸蓄电池制造3843,LIKELY_CLASS_CODE_NEED_SCOPE_CONFIRM,该数字是否为名录条件中的行业代码范围/例外项，而不是规模阈值或脚注编号？,permit_management_catalog_table_cells.csv -> permit_condition_normalization_draft.csv; industry_catalog_base.csv GB/T 4754 base,LOW,DRAFT_NOT_FOR_RUNTIME,16
88,三十三、电气机械和器材制造业38,电池制造384,384,SIMPLIFIED,3841,class,锂离子电池制造,锂离子电池制造3841，镍氢电池制造3,锂离子电池制造3841，镍氢电池制造 3842，锌锰电池制造3844，其他电池 制造3849,LIKELY_CLASS_CODE_NEED_SCOPE_CONFIRM,该数字是否为名录条件中的行业代码范围/例外项，而不是规模阈值或脚注编号？,permit_management_catalog_table_cells.csv -> permit_condition_normalization_draft.csv; industry_catalog_base.csv GB/T 4754 base,LOW,DRAFT_NOT_FOR_RUNTIME,16
88,三十三、电气机械和器材制造业38,电池制造384,384,SIMPLIFIED,3842,class,镍氢电池制造,1，镍氢电池制造3842，锌锰电池制造3,锂离子电池制造3841，镍氢电池制造 3842，锌锰电池制造3844，其他电池 制造3849,LIKELY_CLASS_CODE_NEED_SCOPE_CONFIRM,该数字是否为名录条件中的行业代码范围/例外项，而不是规模阈值或脚注编号？,permit_management_catalog_table_cells.csv -> permit_condition_normalization_draft.csv; industry_catalog_base.csv GB/T 4754 base,LOW,DRAFT_NOT_FOR_RUNTIME,16
88,三十三、电气机械和器材制造业38,电池制造384,384,SIMPLIFIED,3844,class,锌锰电池制造,2，锌锰电池制造3844，其他电池制造3,锂离子电池制造3841，镍氢电池制造 3842，锌锰电池制造3844，其他电池 制造3849,LIKELY_CLASS_CODE_NEED_SCOPE_CONFIRM,该数字是否为名录条件中的行业代码范围/例外项，而不是规模阈值或脚注编号？,permit_management_catalog_table_cells.csv -> permit_condition_normalization_draft.csv; industry_catalog_base.csv GB/T 4754 base,LOW,DRAFT_NOT_FOR_RUNTIME,16
88,三十三、电气机械和器材制造业38,电池制造384,384,SIMPLIFIED,3849,class,其他电池制造,4，其他电池制造3849,锂离子电池制造3841，镍氢电池制造 3842，锌锰电池制造3844，其他电池 制造3849,LIKELY_CLASS_CODE_NEED_SCOPE_CONFIRM,该数字是否为名录条件中的行业代码范围/例外项，而不是规模阈值或脚注编号？,permit_management_catalog_table_cells.csv -> permit_condition_normalization_draft.csv; industry_catalog_base.csv GB/T 4754 base,LOW,DRAFT_NOT_FOR_RUNTIME,16
95,三十九、电力、热力生产和供应业44,电力生产441,441,KEY,4411,class,火力发电,火力发电4411，热电联产441,火力发电4411，热电联产4412，生物 质能发电4417（生活垃圾、污泥发电）,LIKELY_CLASS_CODE_NEED_SCOPE_CONFIRM,该数字是否为名录条件中的行业代码范围/例外项，而不是规模阈值或脚注编号？,permit_management_catalog_table_cells.csv -> permit_condition_normalization_draft.csv; industry_catalog_base.csv GB/T 4754 base,LOW,DRAFT_NOT_FOR_RUNTIME,18
95,三十九、电力、热力生产和供应业44,电力生产441,441,KEY,4412,class,热电联产,411，热电联产4412，生物质能发电4,火力发电4411，热电联产4412，生物 质能发电4417（生活垃圾、污泥发电）,LIKELY_CLASS_CODE_NEED_SCOPE_CONFIRM,该数字是否为名录条件中的行业代码范围/例外项，而不是规模阈值或脚注编号？,permit_management_catalog_table_cells.csv -> permit_condition_normalization_draft.csv; industry_catalog_base.csv GB/T 4754 base,LOW,DRAFT_NOT_FOR_RUNTIME,18
95,三十九、电力、热力生产和供应业44,电力生产441,441,KEY,4417,class,生物质能发电,2，生物质能发电4417（生活垃圾、污泥,火力发电4411，热电联产4412，生物 质能发电4417（生活垃圾、污泥发电）,LIKELY_CLASS_CODE_NEED_SCOPE_CONFIRM,该数字是否为名录条件中的行业代码范围/例外项，而不是规模阈值或脚注编号？,permit_management_catalog_table_cells.csv -> permit_condition_normalization_draft.csv; industry_catalog_base.csv GB/T 4754 base,LOW,DRAFT_NOT_FOR_RUNTIME,18
95,三十九、电力、热力生产和供应业44,电力生产441,441,SIMPLIFIED,4417,class,生物质能发电,生物质能发电4417（利用农林生物质,生物质能发电4417（利用农林生物 质、沼气发电、垃圾填埋气发电）,LIKELY_CLASS_CODE_NEED_SCOPE_CONFIRM,该数字是否为名录条件中的行业代码范围/例外项，而不是规模阈值或脚注编号？,permit_management_catalog_table_cells.csv -> permit_condition_normalization_draft.csv; industry_catalog_base.csv GB/T 4754 base,LOW,DRAFT_NOT_FOR_RUNTIME,18
101,四十三、水上运输业55,水上运输辅助活动553,553,REGISTRATION,5532,class,货运港口,其他货运码头5532,其他货运码头5532,LIKELY_CLASS_CODE_NEED_SCOPE_CONFIRM,该数字是否为名录条件中的行业代码范围/例外项，而不是规模阈值或脚注编号？,permit_management_catalog_table_cells.csv -> permit_condition_normalization_draft.csv; industry_catalog_base.csv GB/T 4754 base,LOW,DRAFT_NOT_FOR_RUNTIME,18
107,四十九、卫生84,医院841，专业公共卫生服务843,841;843,KEY,8415,class,专科医院,的（不含专科医院8415中的精神病、康复,床位500 张及以上的（不含专科医院 8415 中的精神病、康复和运动康复医 院以及疗养院8416）,LIKELY_CLASS_CODE_NEED_SCOPE_CONFIRM,该数字是否为名录条件中的行业代码范围/例外项，而不是规模阈值或脚注编号？,permit_management_catalog_table_cells.csv -> permit_condition_normalization_draft.csv; industry_catalog_base.csv GB/T 4754 base,LOW,DRAFT_NOT_FOR_RUNTIME,20
107,四十九、卫生84,医院841，专业公共卫生服务843,841;843,KEY,8416,class,疗养院,复医院以及疗养院8416）,床位500 张及以上的（不含专科医院 8415 中的精神病、康复和运动康复医 院以及疗养院8416）,LIKELY_CLASS_CODE_NEED_SCOPE_CONFIRM,该数字是否为名录条件中的行业代码范围/例外项，而不是规模阈值或脚注编号？,permit_management_catalog_table_cells.csv -> permit_condition_normalization_draft.csv; industry_catalog_base.csv GB/T 4754 base,LOW,DRAFT_NOT_FOR_RUNTIME,20
107,四十九、卫生84,医院841，专业公共卫生服务843,841;843,SIMPLIFIED,8415,class,专科医院,及以上的专科医院8415（精神病、康复和,床位100 张及以上的专科医院8415 （精神病、康复和运动康复医院）以 及疗养院8416，床位100 张及以上 500 张以下的综合医院8411、中医医 院8412、中西医结合医院8413、民 族医院8414、专科医院8415（不含 精神病、康复和运动康复医院）,LIKELY_CLASS_CODE_NEED_SCOPE_CONFIRM,该数字是否为名录条件中的行业代码范围/例外项，而不是规模阈值或脚注编号？,permit_management_catalog_table_cells.csv -> permit_condition_normalization_draft.csv; industry_catalog_base.csv GB/T 4754 base,LOW,DRAFT_NOT_FOR_RUNTIME,20
107,四十九、卫生84,医院841，专业公共卫生服务843,841;843,SIMPLIFIED,8416,class,疗养院,医院）以及疗养院8416，床位100张及,床位100 张及以上的专科医院8415 （精神病、康复和运动康复医院）以 及疗养院8416，床位100 张及以上 500 张以下的综合医院8411、中医医 院8412、中西医结合医院8413、民 族医院8414、专科医院8415（不含 精神病、康复和运动康复医院）,LIKELY_CLASS_CODE_NEED_SCOPE_CONFIRM,该数字是否为名录条件中的行业代码范围/例外项，而不是规模阈值或脚注编号？,permit_management_catalog_table_cells.csv -> permit_condition_normalization_draft.csv; industry_catalog_base.csv GB/T 4754 base,LOW,DRAFT_NOT_FOR_RUNTIME,20
107,四十九、卫生84,医院841，专业公共卫生服务843,841;843,SIMPLIFIED,8411,class,综合医院,张以下的综合医院8411、中医医院841,床位100 张及以上的专科医院8415 （精神病、康复和运动康复医院）以 及疗养院8416，床位100 张及以上 500 张以下的综合医院8411、中医医 院8412、中西医结合医院8413、民 族医院8414、专科医院8415（不含 精神病、康复和运动康复医院）,LIKELY_CLASS_CODE_NEED_SCOPE_CONFIRM,该数字是否为名录条件中的行业代码范围/例外项，而不是规模阈值或脚注编号？,permit_management_catalog_table_cells.csv -> permit_condition_normalization_draft.csv; industry_catalog_base.csv GB/T 4754 base,LOW,DRAFT_NOT_FOR_RUNTIME,20
107,四十九、卫生84,医院841，专业公共卫生服务843,841;843,SIMPLIFIED,8412,class,中医医院,411、中医医院8412、中西医结合医院,床位100 张及以上的专科医院8415 （精神病、康复和运动康复医院）以 及疗养院8416，床位100 张及以上 500 张以下的综合医院8411、中医医 院8412、中西医结合医院8413、民 族医院8414、专科医院8415（不含 精神病、康复和运动康复医院）,LIKELY_CLASS_CODE_NEED_SCOPE_CONFIRM,该数字是否为名录条件中的行业代码范围/例外项，而不是规模阈值或脚注编号？,permit_management_catalog_table_cells.csv -> permit_condition_normalization_draft.csv; industry_catalog_base.csv GB/T 4754 base,LOW,DRAFT_NOT_FOR_RUNTIME,20
107,四十九、卫生84,医院841，专业公共卫生服务843,841;843,SIMPLIFIED,8413,class,中西医结合医院,、中西医结合医院8413、民族医院841,床位100 张及以上的专科医院8415 （精神病、康复和运动康复医院）以 及疗养院8416，床位100 张及以上 500 张以下的综合医院8411、中医医 院8412、中西医结合医院8413、民 族医院8414、专科医院8415（不含 精神病、康复和运动康复医院）,LIKELY_CLASS_CODE_NEED_SCOPE_CONFIRM,该数字是否为名录条件中的行业代码范围/例外项，而不是规模阈值或脚注编号？,permit_management_catalog_table_cells.csv -> permit_condition_normalization_draft.csv; industry_catalog_base.csv GB/T 4754 base,LOW,DRAFT_NOT_FOR_RUNTIME,20
107,四十九、卫生84,医院841，专业公共卫生服务843,841;843,SIMPLIFIED,8414,class,民族医院,413、民族医院8414、专科医院841,床位100 张及以上的专科医院8415 （精神病、康复和运动康复医院）以 及疗养院8416，床位100 张及以上 500 张以下的综合医院8411、中医医 院8412、中西医结合医院8413、民 族医院8414、专科医院8415（不含 精神病、康复和运动康复医院）,LIKELY_CLASS_CODE_NEED_SCOPE_CONFIRM,该数字是否为名录条件中的行业代码范围/例外项，而不是规模阈值或脚注编号？,permit_management_catalog_table_cells.csv -> permit_condition_normalization_draft.csv; industry_catalog_base.csv GB/T 4754 base,LOW,DRAFT_NOT_FOR_RUNTIME,20
107,四十九、卫生84,医院841，专业公共卫生服务843,841;843,SIMPLIFIED,8415,class,专科医院,414、专科医院8415（不含精神病、康,床位100 张及以上的专科医院8415 （精神病、康复和运动康复医院）以 及疗养院8416，床位100 张及以上 500 张以下的综合医院8411、中医医 院8412、中西医结合医院8413、民 族医院8414、专科医院8415（不含 精神病、康复和运动康复医院）,LIKELY_CLASS_CODE_NEED_SCOPE_CONFIRM,该数字是否为名录条件中的行业代码范围/例外项，而不是规模阈值或脚注编号？,permit_management_catalog_table_cells.csv -> permit_condition_normalization_draft.csv; industry_catalog_base.csv GB/T 4754 base,LOW,DRAFT_NOT_FOR_RUNTIME,20
107,四十九、卫生84,医院841，专业公共卫生服务843,841;843,REGISTRATION,8431,class,疾病预防控制中心,疾病预防控制中心8431，床位100张以,疾病预防控制中心8431，床位100 张以 下的综合医院8411、中医医院8412、 中西医结合医院8413、民族医院8414、 专科医院8415、疗养院8416,LIKELY_CLASS_CODE_NEED_SCOPE_CONFIRM,该数字是否为名录条件中的行业代码范围/例外项，而不是规模阈值或脚注编号？,permit_management_catalog_table_cells.csv -> permit_condition_normalization_draft.csv; industry_catalog_base.csv GB/T 4754 base,LOW,DRAFT_NOT_FOR_RUNTIME,20
107,四十九、卫生84,医院841，专业公共卫生服务843,841;843,REGISTRATION,8411,class,综合医院,张以下的综合医院8411、中医医院841,疾病预防控制中心8431，床位100 张以 下的综合医院8411、中医医院8412、 中西医结合医院8413、民族医院8414、 专科医院8415、疗养院8416,LIKELY_CLASS_CODE_NEED_SCOPE_CONFIRM,该数字是否为名录条件中的行业代码范围/例外项，而不是规模阈值或脚注编号？,permit_management_catalog_table_cells.csv -> permit_condition_normalization_draft.csv; industry_catalog_base.csv GB/T 4754 base,LOW,DRAFT_NOT_FOR_RUNTIME,20
107,四十九、卫生84,医院841，专业公共卫生服务843,841;843,REGISTRATION,8412,class,中医医院,411、中医医院8412、中西医结合医院,疾病预防控制中心8431，床位100 张以 下的综合医院8411、中医医院8412、 中西医结合医院8413、民族医院8414、 专科医院8415、疗养院8416,LIKELY_CLASS_CODE_NEED_SCOPE_CONFIRM,该数字是否为名录条件中的行业代码范围/例外项，而不是规模阈值或脚注编号？,permit_management_catalog_table_cells.csv -> permit_condition_normalization_draft.csv; industry_catalog_base.csv GB/T 4754 base,LOW,DRAFT_NOT_FOR_RUNTIME,20
107,四十九、卫生84,医院841，专业公共卫生服务843,841;843,REGISTRATION,8413,class,中西医结合医院,、中西医结合医院8413、民族医院841,疾病预防控制中心8431，床位100 张以 下的综合医院8411、中医医院8412、 中西医结合医院8413、民族医院8414、 专科医院8415、疗养院8416,LIKELY_CLASS_CODE_NEED_SCOPE_CONFIRM,该数字是否为名录条件中的行业代码范围/例外项，而不是规模阈值或脚注编号？,permit_management_catalog_table_cells.csv -> permit_condition_normalization_draft.csv; industry_catalog_base.csv GB/T 4754 base,LOW,DRAFT_NOT_FOR_RUNTIME,20
107,四十九、卫生84,医院841，专业公共卫生服务843,841;843,REGISTRATION,8414,class,民族医院,413、民族医院8414、专科医院841,疾病预防控制中心8431，床位100 张以 下的综合医院8411、中医医院8412、 中西医结合医院8413、民族医院8414、 专科医院8415、疗养院8416,LIKELY_CLASS_CODE_NEED_SCOPE_CONFIRM,该数字是否为名录条件中的行业代码范围/例外项，而不是规模阈值或脚注编号？,permit_management_catalog_table_cells.csv -> permit_condition_normalization_draft.csv; industry_catalog_base.csv GB/T 4754 base,LOW,DRAFT_NOT_FOR_RUNTIME,20
107,四十九、卫生84,医院841，专业公共卫生服务843,841;843,REGISTRATION,8415,class,专科医院,414、专科医院8415、疗养院8416,疾病预防控制中心8431，床位100 张以 下的综合医院8411、中医医院8412、 中西医结合医院8413、民族医院8414、 专科医院8415、疗养院8416,LIKELY_CLASS_CODE_NEED_SCOPE_CONFIRM,该数字是否为名录条件中的行业代码范围/例外项，而不是规模阈值或脚注编号？,permit_management_catalog_table_cells.csv -> permit_condition_normalization_draft.csv; industry_catalog_base.csv GB/T 4754 base,LOW,DRAFT_NOT_FOR_RUNTIME,20
107,四十九、卫生84,医院841，专业公共卫生服务843,841;843,REGISTRATION,8416,class,疗养院,8415、疗养院8416,疾病预防控制中心8431，床位100 张以 下的综合医院8411、中医医院8412、 中西医结合医院8413、民族医院8414、 专科医院8415、疗养院8416,LIKELY_CLASS_CODE_NEED_SCOPE_CONFIRM,该数字是否为名录条件中的行业代码范围/例外项，而不是规模阈值或脚注编号？,permit_management_catalog_table_cells.csv -> permit_condition_normalization_draft.csv; industry_catalog_base.csv GB/T 4754 base,LOW,DRAFT_NOT_FOR_RUNTIME,20
