chain_id,scenario_id,scenario_name,inspection_type,primary_score_item_id,secondary_score_item_ids,risk_or_hidden_danger_point,problem_statement_template,rectification_template,report_section_hint,evidence_chain,photo_points,answer_policy,default_severity,default_deduct_policy,deduct_runtime_binding,runtime_status,final_state,runtime_integration,approval_status,approval_source,approved_baseline_version
CHAIN::SCN_BASE_PRODUCTION_SOLID_NOISE_LEDGER::FIRST,SCN_BASE_PRODUCTION_SOLID_NOISE_LEDGER,通用生产经营、一般固废、噪声与基础台账,FIRST,S01,S02;S06;S07;S10,生产活动与手续不一致；一般固废/噪声/台账证据不足；现场事实需确认,现场核查发现【通用生产经营、一般固废、噪声与基础台账】存在风险：生产活动与手续不一致；一般固废/噪声/台账证据不足；现场事实需确认,请依据环评、批复、许可、台账和现场事实补齐证据链：营业执照或医疗机构执业许可证；环评/批复/排污许可或登记回执；生产设备清单；一般固废合同或台账；厂区平面图,S01 环保手续完善情况;S02 环保台账规范情况;S06 环保治理设施运行情况;S07 固体废物贮存规范情况;S10 废水、废气、噪声、废渣排放及处置情况,营业执照或医疗机构执业许可证；环评/批复/排污许可或登记回执；生产设备清单；一般固废合同或台账；厂区平面图,厂区入口或生产区域全景；主要生产线/加工设备；一般固废暂存点全景和标识；高噪声设备及隔声/减振措施；台账封面和最近记录页,"[""PASS"",""FAIL"",""NA"",""NEED_CONFIRM""]",NEED_CONFIRM,USE_ECOCHECK_SCORE13_DEDUCT_RULE_POLICY,EcoCheck existing score item / deduct-rule mapping must decide numeric deduct value,APPROVED_BASELINE,APPROVED_BASELINE_KNOWLEDGE,approved_baseline_export_ready,HUMAN_APPROVED_BASELINE,USER_ATTESTED_IN_CHAT_2026-05-30,v1.0-approved-baseline-knowledge
CHAIN::SCN_BASE_PRODUCTION_SOLID_NOISE_LEDGER::MONTHLY,SCN_BASE_PRODUCTION_SOLID_NOISE_LEDGER,通用生产经营、一般固废、噪声与基础台账,MONTHLY,S01,S02;S06;S07;S10,生产活动与手续不一致；一般固废/噪声/台账证据不足；现场事实需确认,现场核查发现【通用生产经营、一般固废、噪声与基础台账】存在风险：生产活动与手续不一致；一般固废/噪声/台账证据不足；现场事实需确认,请依据环评、批复、许可、台账和现场事实补齐证据链：营业执照或医疗机构执业许可证；环评/批复/排污许可或登记回执；生产设备清单；一般固废合同或台账；厂区平面图,S01 环保手续完善情况;S02 环保台账规范情况;S06 环保治理设施运行情况;S07 固体废物贮存规范情况;S10 废水、废气、噪声、废渣排放及处置情况,营业执照或医疗机构执业许可证；环评/批复/排污许可或登记回执；生产设备清单；一般固废合同或台账；厂区平面图,厂区入口或生产区域全景；主要生产线/加工设备；一般固废暂存点全景和标识；高噪声设备及隔声/减振措施；台账封面和最近记录页,"[""PASS"",""FAIL"",""NA"",""NEED_CONFIRM""]",NEED_CONFIRM,USE_ECOCHECK_SCORE13_DEDUCT_RULE_POLICY,EcoCheck existing score item / deduct-rule mapping must decide numeric deduct value,APPROVED_BASELINE,APPROVED_BASELINE_KNOWLEDGE,approved_baseline_export_ready,HUMAN_APPROVED_BASELINE,USER_ATTESTED_IN_CHAT_2026-05-30,v1.0-approved-baseline-knowledge
CHAIN::SCN_WW_PROCESS_AND_TREATMENT::FIRST,SCN_WW_PROCESS_AND_TREATMENT,生产/医疗/清洗废水与污水处理设施,FIRST,S06,S10;S02;S03;S13,废水来源不清；污水站停运或绕排；排口/接管证据缺失,现场核查发现【生产/医疗/清洗废水与污水处理设施】存在风险：废水来源不清；污水站停运或绕排；排口/接管证据缺失,请依据环评、批复、许可、台账和现场事实补齐证据链：排水去向证明；污水站工艺流程图；运行台账；监测报告；排口信息；在线监测联网证明,S06 环保治理设施运行情况;S10 废水、废气、噪声、废渣排放及处置情况;S02 环保台账规范情况;S03 环保相关系统完成情况;S13 环保应急管理情况,排水去向证明；污水站工艺流程图；运行台账；监测报告；排口信息；在线监测联网证明,废水产生工位或清洗点；污水站全景；关键处理单元和设备铭牌；废水总排口/接管口；在线监测设备、数采仪和联网状态屏,"[""PASS"",""FAIL"",""NA"",""NEED_CONFIRM""]",NEED_CONFIRM,USE_ECOCHECK_SCORE13_DEDUCT_RULE_POLICY,EcoCheck existing score item / deduct-rule mapping must decide numeric deduct value,APPROVED_BASELINE,APPROVED_BASELINE_KNOWLEDGE,approved_baseline_export_ready,HUMAN_APPROVED_BASELINE,USER_ATTESTED_IN_CHAT_2026-05-30,v1.0-approved-baseline-knowledge
CHAIN::SCN_WW_PROCESS_AND_TREATMENT::MONTHLY,SCN_WW_PROCESS_AND_TREATMENT,生产/医疗/清洗废水与污水处理设施,MONTHLY,S06,S10;S02;S03;S13,废水来源不清；污水站停运或绕排；排口/接管证据缺失,现场核查发现【生产/医疗/清洗废水与污水处理设施】存在风险：废水来源不清；污水站停运或绕排；排口/接管证据缺失,请依据环评、批复、许可、台账和现场事实补齐证据链：排水去向证明；污水站工艺流程图；运行台账；监测报告；排口信息；在线监测联网证明,S06 环保治理设施运行情况;S10 废水、废气、噪声、废渣排放及处置情况;S02 环保台账规范情况;S03 环保相关系统完成情况;S13 环保应急管理情况,排水去向证明；污水站工艺流程图；运行台账；监测报告；排口信息；在线监测联网证明,废水产生工位或清洗点；污水站全景；关键处理单元和设备铭牌；废水总排口/接管口；在线监测设备、数采仪和联网状态屏,"[""PASS"",""FAIL"",""NA"",""NEED_CONFIRM""]",NEED_CONFIRM,USE_ECOCHECK_SCORE13_DEDUCT_RULE_POLICY,EcoCheck existing score item / deduct-rule mapping must decide numeric deduct value,APPROVED_BASELINE,APPROVED_BASELINE_KNOWLEDGE,approved_baseline_export_ready,HUMAN_APPROVED_BASELINE,USER_ATTESTED_IN_CHAT_2026-05-30,v1.0-approved-baseline-knowledge
CHAIN::SCN_VOCS_SOLVENT_AND_TREATMENT::FIRST,SCN_VOCS_SOLVENT_AND_TREATMENT,VOCs溶剂使用、无组织排放与废气治理,FIRST,S10,S06;S02;S07,VOCs无组织逸散；废气治理设施低效；废活性炭更换证据缺失,现场核查发现【VOCs溶剂使用、无组织排放与废气治理】存在风险：VOCs无组织逸散；废气治理设施低效；废活性炭更换证据缺失,请依据环评、批复、许可、台账和现场事实补齐证据链：原辅料MSDS；采购或领用台账；废气治理设施运行记录；活性炭更换记录；废气监测报告；危废台账,S10 废水、废气、噪声、废渣排放及处置情况;S06 环保治理设施运行情况;S02 环保台账规范情况;S07 固体废物贮存规范情况,原辅料MSDS；采购或领用台账；废气治理设施运行记录；活性炭更换记录；废气监测报告；危废台账,含VOCs物料包装标签和MSDS关键页；调配/转移/使用点位密闭状态；集气罩或密闭间；治理设施全景和铭牌；废活性炭/废过滤棉暂存状态,"[""PASS"",""FAIL"",""NA"",""NEED_CONFIRM""]",NEED_CONFIRM,USE_ECOCHECK_SCORE13_DEDUCT_RULE_POLICY,EcoCheck existing score item / deduct-rule mapping must decide numeric deduct value,APPROVED_BASELINE,APPROVED_BASELINE_KNOWLEDGE,approved_baseline_export_ready,HUMAN_APPROVED_BASELINE,USER_ATTESTED_IN_CHAT_2026-05-30,v1.0-approved-baseline-knowledge
CHAIN::SCN_VOCS_SOLVENT_AND_TREATMENT::MONTHLY,SCN_VOCS_SOLVENT_AND_TREATMENT,VOCs溶剂使用、无组织排放与废气治理,MONTHLY,S10,S06;S02;S07,VOCs无组织逸散；废气治理设施低效；废活性炭更换证据缺失,现场核查发现【VOCs溶剂使用、无组织排放与废气治理】存在风险：VOCs无组织逸散；废气治理设施低效；废活性炭更换证据缺失,请依据环评、批复、许可、台账和现场事实补齐证据链：原辅料MSDS；采购或领用台账；废气治理设施运行记录；活性炭更换记录；废气监测报告；危废台账,S10 废水、废气、噪声、废渣排放及处置情况;S06 环保治理设施运行情况;S02 环保台账规范情况;S07 固体废物贮存规范情况,原辅料MSDS；采购或领用台账；废气治理设施运行记录；活性炭更换记录；废气监测报告；危废台账,含VOCs物料包装标签和MSDS关键页；调配/转移/使用点位密闭状态；集气罩或密闭间；治理设施全景和铭牌；废活性炭/废过滤棉暂存状态,"[""PASS"",""FAIL"",""NA"",""NEED_CONFIRM""]",NEED_CONFIRM,USE_ECOCHECK_SCORE13_DEDUCT_RULE_POLICY,EcoCheck existing score item / deduct-rule mapping must decide numeric deduct value,APPROVED_BASELINE,APPROVED_BASELINE_KNOWLEDGE,approved_baseline_export_ready,HUMAN_APPROVED_BASELINE,USER_ATTESTED_IN_CHAT_2026-05-30,v1.0-approved-baseline-knowledge
CHAIN::SCN_HAZWASTE_STORAGE_TRANSFER::FIRST,SCN_HAZWASTE_STORAGE_TRANSFER,危险废物识别、暂存与转移,FIRST,S07,S02;S09;S13,危废识别不全；暂存间不规范；联单/台账缺失,现场核查发现【危险废物识别、暂存与转移】存在风险：危废识别不全；暂存间不规范；联单/台账缺失,请依据环评、批复、许可、台账和现场事实补齐证据链：危废合同；转移联单；危废台账；暂存间标识；MSDS；环评或许可危废章节,S07 固体废物贮存规范情况;S02 环保台账规范情况;S09 标识、标牌、制度公示情况;S13 环保应急管理情况,危废合同；转移联单；危废台账；暂存间标识；MSDS；环评或许可危废章节,危废暂存间门口标识；分区、通道、防渗地面和围挡；危废标签和容器状态；吸附堵漏物资；转移联单编号和台账最近记录,"[""PASS"",""FAIL"",""NA"",""NEED_CONFIRM""]",NEED_CONFIRM,USE_ECOCHECK_SCORE13_DEDUCT_RULE_POLICY,EcoCheck existing score item / deduct-rule mapping must decide numeric deduct value,APPROVED_BASELINE,APPROVED_BASELINE_KNOWLEDGE,approved_baseline_export_ready,HUMAN_APPROVED_BASELINE,USER_ATTESTED_IN_CHAT_2026-05-30,v1.0-approved-baseline-knowledge
CHAIN::SCN_HAZWASTE_STORAGE_TRANSFER::MONTHLY,SCN_HAZWASTE_STORAGE_TRANSFER,危险废物识别、暂存与转移,MONTHLY,S07,S02;S09;S13,危废识别不全；暂存间不规范；联单/台账缺失,现场核查发现【危险废物识别、暂存与转移】存在风险：危废识别不全；暂存间不规范；联单/台账缺失,请依据环评、批复、许可、台账和现场事实补齐证据链：危废合同；转移联单；危废台账；暂存间标识；MSDS；环评或许可危废章节,S07 固体废物贮存规范情况;S02 环保台账规范情况;S09 标识、标牌、制度公示情况;S13 环保应急管理情况,危废合同；转移联单；危废台账；暂存间标识；MSDS；环评或许可危废章节,危废暂存间门口标识；分区、通道、防渗地面和围挡；危废标签和容器状态；吸附堵漏物资；转移联单编号和台账最近记录,"[""PASS"",""FAIL"",""NA"",""NEED_CONFIRM""]",NEED_CONFIRM,USE_ECOCHECK_SCORE13_DEDUCT_RULE_POLICY,EcoCheck existing score item / deduct-rule mapping must decide numeric deduct value,APPROVED_BASELINE,APPROVED_BASELINE_KNOWLEDGE,approved_baseline_export_ready,HUMAN_APPROVED_BASELINE,USER_ATTESTED_IN_CHAT_2026-05-30,v1.0-approved-baseline-knowledge
CHAIN::SCN_MEDICAL_WASTE_RADIATION::FIRST,SCN_MEDICAL_WASTE_RADIATION,医疗废物、医疗废水与放射诊疗确认,FIRST,S07,S12;S06;S02;S10,医废混入生活垃圾；医疗废水/放射诊疗边界不清；暂存和转运证据缺失,现场核查发现【医疗废物、医疗废水与放射诊疗确认】存在风险：医废混入生活垃圾；医疗废水/放射诊疗边界不清；暂存和转运证据缺失,请依据环评、批复、许可、台账和现场事实补齐证据链：医疗机构执业许可证；床位证明；医废合同和转移联单；放射诊疗许可证或设备清单；污水站运行台账,S07 固体废物贮存规范情况;S12 辐射安全管理;S06 环保治理设施运行情况;S02 环保台账规范情况;S10 废水、废气、噪声、废渣排放及处置情况,医疗机构执业许可证；床位证明；医废合同和转移联单；放射诊疗许可证或设备清单；污水站运行台账,医疗机构证照关键页；医废暂存间门口和内部分类包装；医废交接/消毒记录；放射诊疗设备和警示标识；医院污水站和消毒设施,"[""PASS"",""FAIL"",""NA"",""NEED_CONFIRM""]",NEED_CONFIRM,USE_ECOCHECK_SCORE13_DEDUCT_RULE_POLICY,EcoCheck existing score item / deduct-rule mapping must decide numeric deduct value,APPROVED_BASELINE,APPROVED_BASELINE_KNOWLEDGE,approved_baseline_export_ready,HUMAN_APPROVED_BASELINE,USER_ATTESTED_IN_CHAT_2026-05-30,v1.0-approved-baseline-knowledge
CHAIN::SCN_MEDICAL_WASTE_RADIATION::MONTHLY,SCN_MEDICAL_WASTE_RADIATION,医疗废物、医疗废水与放射诊疗确认,MONTHLY,S07,S12;S06;S02;S10,医废混入生活垃圾；医疗废水/放射诊疗边界不清；暂存和转运证据缺失,现场核查发现【医疗废物、医疗废水与放射诊疗确认】存在风险：医废混入生活垃圾；医疗废水/放射诊疗边界不清；暂存和转运证据缺失,请依据环评、批复、许可、台账和现场事实补齐证据链：医疗机构执业许可证；床位证明；医废合同和转移联单；放射诊疗许可证或设备清单；污水站运行台账,S07 固体废物贮存规范情况;S12 辐射安全管理;S06 环保治理设施运行情况;S02 环保台账规范情况;S10 废水、废气、噪声、废渣排放及处置情况,医疗机构执业许可证；床位证明；医废合同和转移联单；放射诊疗许可证或设备清单；污水站运行台账,医疗机构证照关键页；医废暂存间门口和内部分类包装；医废交接/消毒记录；放射诊疗设备和警示标识；医院污水站和消毒设施,"[""PASS"",""FAIL"",""NA"",""NEED_CONFIRM""]",NEED_CONFIRM,USE_ECOCHECK_SCORE13_DEDUCT_RULE_POLICY,EcoCheck existing score item / deduct-rule mapping must decide numeric deduct value,APPROVED_BASELINE,APPROVED_BASELINE_KNOWLEDGE,approved_baseline_export_ready,HUMAN_APPROVED_BASELINE,USER_ATTESTED_IN_CHAT_2026-05-30,v1.0-approved-baseline-knowledge
CHAIN::SCN_CHEMICAL_TANK_LDAR_SEEPAGE::FIRST,SCN_CHEMICAL_TANK_LDAR_SEEPAGE,液态化学品储罐、LDAR与防渗风险,FIRST,S04,S10;S13;S02;S06,储罐围堰/防渗不足；LDAR缺失；泄漏与土壤地下水风险,现场核查发现【液态化学品储罐、LDAR与防渗风险】存在风险：储罐围堰/防渗不足；LDAR缺失；泄漏与土壤地下水风险,请依据环评、批复、许可、台账和现场事实补齐证据链：储罐清单；平面布置图；LDAR检测记录；防渗验收或照片；围堰/事故池资料；应急预案和物资清单,S04 内部现场环境情况;S10 废水、废气、噪声、废渣排放及处置情况;S13 环保应急管理情况;S02 环保台账规范情况;S06 环保治理设施运行情况,储罐清单；平面布置图；LDAR检测记录；防渗验收或照片；围堰/事故池资料；应急预案和物资清单,罐区全景和物料标识；围堰、防渗地面和雨水切换阀；泵阀法兰密封点；装卸区截流/收集设施；LDAR记录或检测设备读数,"[""PASS"",""FAIL"",""NA"",""NEED_CONFIRM""]",NEED_CONFIRM,USE_ECOCHECK_SCORE13_DEDUCT_RULE_POLICY,EcoCheck existing score item / deduct-rule mapping must decide numeric deduct value,APPROVED_BASELINE,APPROVED_BASELINE_KNOWLEDGE,approved_baseline_export_ready,HUMAN_APPROVED_BASELINE,USER_ATTESTED_IN_CHAT_2026-05-30,v1.0-approved-baseline-knowledge
CHAIN::SCN_CHEMICAL_TANK_LDAR_SEEPAGE::MONTHLY,SCN_CHEMICAL_TANK_LDAR_SEEPAGE,液态化学品储罐、LDAR与防渗风险,MONTHLY,S04,S10;S13;S02;S06,储罐围堰/防渗不足；LDAR缺失；泄漏与土壤地下水风险,现场核查发现【液态化学品储罐、LDAR与防渗风险】存在风险：储罐围堰/防渗不足；LDAR缺失；泄漏与土壤地下水风险,请依据环评、批复、许可、台账和现场事实补齐证据链：储罐清单；平面布置图；LDAR检测记录；防渗验收或照片；围堰/事故池资料；应急预案和物资清单,S04 内部现场环境情况;S10 废水、废气、噪声、废渣排放及处置情况;S13 环保应急管理情况;S02 环保台账规范情况;S06 环保治理设施运行情况,储罐清单；平面布置图；LDAR检测记录；防渗验收或照片；围堰/事故池资料；应急预案和物资清单,罐区全景和物料标识；围堰、防渗地面和雨水切换阀；泵阀法兰密封点；装卸区截流/收集设施；LDAR记录或检测设备读数,"[""PASS"",""FAIL"",""NA"",""NEED_CONFIRM""]",NEED_CONFIRM,USE_ECOCHECK_SCORE13_DEDUCT_RULE_POLICY,EcoCheck existing score item / deduct-rule mapping must decide numeric deduct value,APPROVED_BASELINE,APPROVED_BASELINE_KNOWLEDGE,approved_baseline_export_ready,HUMAN_APPROVED_BASELINE,USER_ATTESTED_IN_CHAT_2026-05-30,v1.0-approved-baseline-knowledge
CHAIN::SCN_GAS_STATION_VAPOR_UST::FIRST,SCN_GAS_STATION_VAPOR_UST,加油站油气回收、地下储罐与土壤地下水风险,FIRST,S06,S04;S10;S02,油气回收异常；地下储罐防渗监测缺失；卸油区应急措施不足,现场核查发现【加油站油气回收、地下储罐与土壤地下水风险】存在风险：油气回收异常；地下储罐防渗监测缺失；卸油区应急措施不足,请依据环评、批复、许可、台账和现场事实补齐证据链：油气回收检测报告；地下储罐资料；防渗/泄漏检测记录；排污登记或许可材料,S06 环保治理设施运行情况;S04 内部现场环境情况;S10 废水、废气、噪声、废渣排放及处置情况;S02 环保台账规范情况,油气回收检测报告；地下储罐资料；防渗/泄漏检测记录；排污登记或许可材料,卸油口和油气回收接口；加油枪和油气回收管路；地下储罐人孔井/检测井；防渗或泄漏监测装置；油气回收检测报告关键页,"[""PASS"",""FAIL"",""NA"",""NEED_CONFIRM""]",NEED_CONFIRM,USE_ECOCHECK_SCORE13_DEDUCT_RULE_POLICY,EcoCheck existing score item / deduct-rule mapping must decide numeric deduct value,APPROVED_BASELINE,APPROVED_BASELINE_KNOWLEDGE,approved_baseline_export_ready,HUMAN_APPROVED_BASELINE,USER_ATTESTED_IN_CHAT_2026-05-30,v1.0-approved-baseline-knowledge
CHAIN::SCN_GAS_STATION_VAPOR_UST::MONTHLY,SCN_GAS_STATION_VAPOR_UST,加油站油气回收、地下储罐与土壤地下水风险,MONTHLY,S06,S04;S10;S02,油气回收异常；地下储罐防渗监测缺失；卸油区应急措施不足,现场核查发现【加油站油气回收、地下储罐与土壤地下水风险】存在风险：油气回收异常；地下储罐防渗监测缺失；卸油区应急措施不足,请依据环评、批复、许可、台账和现场事实补齐证据链：油气回收检测报告；地下储罐资料；防渗/泄漏检测记录；排污登记或许可材料,S06 环保治理设施运行情况;S04 内部现场环境情况;S10 废水、废气、噪声、废渣排放及处置情况;S02 环保台账规范情况,油气回收检测报告；地下储罐资料；防渗/泄漏检测记录；排污登记或许可材料,卸油口和油气回收接口；加油枪和油气回收管路；地下储罐人孔井/检测井；防渗或泄漏监测装置；油气回收检测报告关键页,"[""PASS"",""FAIL"",""NA"",""NEED_CONFIRM""]",NEED_CONFIRM,USE_ECOCHECK_SCORE13_DEDUCT_RULE_POLICY,EcoCheck existing score item / deduct-rule mapping must decide numeric deduct value,APPROVED_BASELINE,APPROVED_BASELINE_KNOWLEDGE,approved_baseline_export_ready,HUMAN_APPROVED_BASELINE,USER_ATTESTED_IN_CHAT_2026-05-30,v1.0-approved-baseline-knowledge
CHAIN::SCN_DUST_PARTICULATE_CONTROL::FIRST,SCN_DUST_PARTICULATE_CONTROL,粉尘颗粒物产生与除尘设施,FIRST,S10,S06;S04;S03,粉尘无组织排放；除尘设施失效；料场/装卸扬尘,现场核查发现【粉尘颗粒物产生与除尘设施】存在风险：粉尘无组织排放；除尘设施失效；料场/装卸扬尘,请依据环评、批复、许可、台账和现场事实补齐证据链：工艺流程图；除尘设施运行台账；颗粒物监测报告；在线监测联网证明,S10 废水、废气、噪声、废渣排放及处置情况;S06 环保治理设施运行情况;S04 内部现场环境情况;S03 环保相关系统完成情况,工艺流程图；除尘设施运行台账；颗粒物监测报告；在线监测联网证明,破碎/粉磨/筛分点位；输送转运和落料点；袋式除尘器全景和铭牌；堆场围挡/喷淋/苫盖；在线监测设备或颗粒物排口,"[""PASS"",""FAIL"",""NA"",""NEED_CONFIRM""]",NEED_CONFIRM,USE_ECOCHECK_SCORE13_DEDUCT_RULE_POLICY,EcoCheck existing score item / deduct-rule mapping must decide numeric deduct value,APPROVED_BASELINE,APPROVED_BASELINE_KNOWLEDGE,approved_baseline_export_ready,HUMAN_APPROVED_BASELINE,USER_ATTESTED_IN_CHAT_2026-05-30,v1.0-approved-baseline-knowledge
CHAIN::SCN_DUST_PARTICULATE_CONTROL::MONTHLY,SCN_DUST_PARTICULATE_CONTROL,粉尘颗粒物产生与除尘设施,MONTHLY,S10,S06;S04;S03,粉尘无组织排放；除尘设施失效；料场/装卸扬尘,现场核查发现【粉尘颗粒物产生与除尘设施】存在风险：粉尘无组织排放；除尘设施失效；料场/装卸扬尘,请依据环评、批复、许可、台账和现场事实补齐证据链：工艺流程图；除尘设施运行台账；颗粒物监测报告；在线监测联网证明,S10 废水、废气、噪声、废渣排放及处置情况;S06 环保治理设施运行情况;S04 内部现场环境情况;S03 环保相关系统完成情况,工艺流程图；除尘设施运行台账；颗粒物监测报告；在线监测联网证明,破碎/粉磨/筛分点位；输送转运和落料点；袋式除尘器全景和铭牌；堆场围挡/喷淋/苫盖；在线监测设备或颗粒物排口,"[""PASS"",""FAIL"",""NA"",""NEED_CONFIRM""]",NEED_CONFIRM,USE_ECOCHECK_SCORE13_DEDUCT_RULE_POLICY,EcoCheck existing score item / deduct-rule mapping must decide numeric deduct value,APPROVED_BASELINE,APPROVED_BASELINE_KNOWLEDGE,approved_baseline_export_ready,HUMAN_APPROVED_BASELINE,USER_ATTESTED_IN_CHAT_2026-05-30,v1.0-approved-baseline-knowledge
CHAIN::SCN_ONLINE_MONITORING_KEY_UNIT::FIRST,SCN_ONLINE_MONITORING_KEY_UNIT,重点管理/重点排污单位在线监测,FIRST,S03,S02;S10,在线监测未联网；运维记录缺失；数据异常未闭环,现场核查发现【重点管理/重点排污单位在线监测】存在风险：在线监测未联网；运维记录缺失；数据异常未闭环,请依据环评、批复、许可、台账和现场事实补齐证据链：重点排污单位名录截图；在线设备清单；联网证明；运维记录；比对监测报告,S03 环保相关系统完成情况;S02 环保台账规范情况;S10 废水、废气、噪声、废渣排放及处置情况,重点排污单位名录截图；在线设备清单；联网证明；运维记录；比对监测报告,在线站房外观；分析仪和采样管线；数采仪联网状态；视频监控设备；运维/校准/比对记录关键页,"[""PASS"",""FAIL"",""NA"",""NEED_CONFIRM""]",NEED_CONFIRM,USE_ECOCHECK_SCORE13_DEDUCT_RULE_POLICY,EcoCheck existing score item / deduct-rule mapping must decide numeric deduct value,APPROVED_BASELINE,APPROVED_BASELINE_KNOWLEDGE,approved_baseline_export_ready,HUMAN_APPROVED_BASELINE,USER_ATTESTED_IN_CHAT_2026-05-30,v1.0-approved-baseline-knowledge
CHAIN::SCN_ONLINE_MONITORING_KEY_UNIT::MONTHLY,SCN_ONLINE_MONITORING_KEY_UNIT,重点管理/重点排污单位在线监测,MONTHLY,S03,S02;S10,在线监测未联网；运维记录缺失；数据异常未闭环,现场核查发现【重点管理/重点排污单位在线监测】存在风险：在线监测未联网；运维记录缺失；数据异常未闭环,请依据环评、批复、许可、台账和现场事实补齐证据链：重点排污单位名录截图；在线设备清单；联网证明；运维记录；比对监测报告,S03 环保相关系统完成情况;S02 环保台账规范情况;S10 废水、废气、噪声、废渣排放及处置情况,重点排污单位名录截图；在线设备清单；联网证明；运维记录；比对监测报告,在线站房外观；分析仪和采样管线；数采仪联网状态；视频监控设备；运维/校准/比对记录关键页,"[""PASS"",""FAIL"",""NA"",""NEED_CONFIRM""]",NEED_CONFIRM,USE_ECOCHECK_SCORE13_DEDUCT_RULE_POLICY,EcoCheck existing score item / deduct-rule mapping must decide numeric deduct value,APPROVED_BASELINE,APPROVED_BASELINE_KNOWLEDGE,approved_baseline_export_ready,HUMAN_APPROVED_BASELINE,USER_ATTESTED_IN_CHAT_2026-05-30,v1.0-approved-baseline-knowledge
CHAIN::SCN_RAINWATER_ACCIDENT_EMERGENCY::FIRST,SCN_RAINWATER_ACCIDENT_EMERGENCY,雨污分流、事故水与环境应急,FIRST,S13,S10;S06;S04;S02,雨污混接；事故水收集不足；应急物资/演练缺失,现场核查发现【雨污分流、事故水与环境应急】存在风险：雨污混接；事故水收集不足；应急物资/演练缺失,请依据环评、批复、许可、台账和现场事实补齐证据链：厂区雨污管网图；雨水口/污水口照片；事故池或围堰资料；应急物资清单；突发环境事件应急预案,S13 环保应急管理情况;S10 废水、废气、噪声、废渣排放及处置情况;S06 环保治理设施运行情况;S04 内部现场环境情况;S02 环保台账规范情况,厂区雨污管网图；雨水口/污水口照片；事故池或围堰资料；应急物资清单；突发环境事件应急预案,雨水口和污水口标识；雨污切换阀/事故阀阀位；事故池或应急收集设施；应急物资柜内外观；应急预案/演练/事故记录关键页,"[""PASS"",""FAIL"",""NA"",""NEED_CONFIRM""]",NEED_CONFIRM,USE_ECOCHECK_SCORE13_DEDUCT_RULE_POLICY,EcoCheck existing score item / deduct-rule mapping must decide numeric deduct value,APPROVED_BASELINE,APPROVED_BASELINE_KNOWLEDGE,approved_baseline_export_ready,HUMAN_APPROVED_BASELINE,USER_ATTESTED_IN_CHAT_2026-05-30,v1.0-approved-baseline-knowledge
CHAIN::SCN_RAINWATER_ACCIDENT_EMERGENCY::MONTHLY,SCN_RAINWATER_ACCIDENT_EMERGENCY,雨污分流、事故水与环境应急,MONTHLY,S13,S10;S06;S04;S02,雨污混接；事故水收集不足；应急物资/演练缺失,现场核查发现【雨污分流、事故水与环境应急】存在风险：雨污混接；事故水收集不足；应急物资/演练缺失,请依据环评、批复、许可、台账和现场事实补齐证据链：厂区雨污管网图；雨水口/污水口照片；事故池或围堰资料；应急物资清单；突发环境事件应急预案,S13 环保应急管理情况;S10 废水、废气、噪声、废渣排放及处置情况;S06 环保治理设施运行情况;S04 内部现场环境情况;S02 环保台账规范情况,厂区雨污管网图；雨水口/污水口照片；事故池或围堰资料；应急物资清单；突发环境事件应急预案,雨水口和污水口标识；雨污切换阀/事故阀阀位；事故池或应急收集设施；应急物资柜内外观；应急预案/演练/事故记录关键页,"[""PASS"",""FAIL"",""NA"",""NEED_CONFIRM""]",NEED_CONFIRM,USE_ECOCHECK_SCORE13_DEDUCT_RULE_POLICY,EcoCheck existing score item / deduct-rule mapping must decide numeric deduct value,APPROVED_BASELINE,APPROVED_BASELINE_KNOWLEDGE,approved_baseline_export_ready,HUMAN_APPROVED_BASELINE,USER_ATTESTED_IN_CHAT_2026-05-30,v1.0-approved-baseline-knowledge
CHAIN::SCN_TRAINING_SIGNAGE_REVIEW_GAP::FIRST,SCN_TRAINING_SIGNAGE_REVIEW_GAP,环保培训、标识公示与历史问题闭环补强,FIRST,S08,S09;S11;S13,培训缺失；标识公示不足；整改闭环证据不足,现场核查发现【环保培训、标识公示与历史问题闭环补强】存在风险：培训缺失；标识公示不足；整改闭环证据不足,请依据环评、批复、许可、台账和现场事实补齐证据链：培训计划、签到、照片、试卷；标识标牌照片；整改前后对比；复查记录,S08 环保培训情况;S09 标识、标牌、制度公示情况;S11 历史遗留问题整改情况;S13 环保应急管理情况,培训计划、签到、照片、试卷；标识标牌照片；整改前后对比；复查记录,培训签到和现场照片；危废/排口/辐射/应急制度标牌；整改前后对比照片；复发防控措施现场照片,"[""PASS"",""FAIL"",""NA"",""NEED_CONFIRM""]",NEED_CONFIRM,USE_ECOCHECK_SCORE13_DEDUCT_RULE_POLICY,EcoCheck existing score item / deduct-rule mapping must decide numeric deduct value,APPROVED_BASELINE,APPROVED_BASELINE_KNOWLEDGE,approved_baseline_export_ready,HUMAN_APPROVED_BASELINE,USER_ATTESTED_IN_CHAT_2026-05-30,v1.0-approved-baseline-knowledge
CHAIN::SCN_TRAINING_SIGNAGE_REVIEW_GAP::MONTHLY,SCN_TRAINING_SIGNAGE_REVIEW_GAP,环保培训、标识公示与历史问题闭环补强,MONTHLY,S08,S09;S11;S13,培训缺失；标识公示不足；整改闭环证据不足,现场核查发现【环保培训、标识公示与历史问题闭环补强】存在风险：培训缺失；标识公示不足；整改闭环证据不足,请依据环评、批复、许可、台账和现场事实补齐证据链：培训计划、签到、照片、试卷；标识标牌照片；整改前后对比；复查记录,S08 环保培训情况;S09 标识、标牌、制度公示情况;S11 历史遗留问题整改情况;S13 环保应急管理情况,培训计划、签到、照片、试卷；标识标牌照片；整改前后对比；复查记录,培训签到和现场照片；危废/排口/辐射/应急制度标牌；整改前后对比照片；复发防控措施现场照片,"[""PASS"",""FAIL"",""NA"",""NEED_CONFIRM""]",NEED_CONFIRM,USE_ECOCHECK_SCORE13_DEDUCT_RULE_POLICY,EcoCheck existing score item / deduct-rule mapping must decide numeric deduct value,APPROVED_BASELINE,APPROVED_BASELINE_KNOWLEDGE,approved_baseline_export_ready,HUMAN_APPROVED_BASELINE,USER_ATTESTED_IN_CHAT_2026-05-30,v1.0-approved-baseline-knowledge
CHAIN::SCN_NOISE_SOURCE_BOUNDARY_CONTROL::FIRST,SCN_NOISE_SOURCE_BOUNDARY_CONTROL,工业企业噪声源与厂界噪声控制,FIRST,S10,S04;S02;S06,主要噪声源设备有哪些，是否与环评/许可一致？；是否有隔声、减振、消声、距离衰减或厂房封闭措施？,现场核查发现【工业企业噪声源与厂界噪声控制】存在风险：主要噪声源设备有哪些，是否与环评/许可一致？；是否有隔声、减振、消声、距离衰减或厂房封闭措施？,请依据环评、批复、许可、台账和现场事实补齐证据链：环评噪声章节或排污许可工业噪声要求；主要噪声源设备清单和厂区平面布置图；厂界噪声监测报告或自行监测记录；隔声减振消声设施运行/维护记录；投诉、整改或夜间生产证明材料,S10;S04;S02;S06,环评噪声章节或排污许可工业噪声要求；主要噪声源设备清单和厂区平面布置图；厂界噪声监测报告或自行监测记录；隔声减振消声设施运行/维护记录；投诉、整改或夜间生产证明材料,主要高噪声设备及铭牌；隔声罩、减振基础、消声器或厂房封闭措施；厂界监测点位和周边敏感点方向；夜间生产或异常噪声源现场；噪声监测报告关键页,"[""PASS"",""FAIL"",""NA"",""NEED_CONFIRM""]",NEED_CONFIRM,USE_ECOCHECK_SCORE13_DEDUCT_RULE_POLICY,EcoCheck existing score item / deduct-rule mapping must decide numeric deduct value,APPROVED_BASELINE,APPROVED_BASELINE_KNOWLEDGE,approved_baseline_export_ready,HUMAN_APPROVED_BASELINE,USER_ATTESTED_IN_CHAT_2026-05-30,v1.0-approved-baseline-knowledge
CHAIN::SCN_NOISE_SOURCE_BOUNDARY_CONTROL::MONTHLY,SCN_NOISE_SOURCE_BOUNDARY_CONTROL,工业企业噪声源与厂界噪声控制,MONTHLY,S10,S04;S02;S06,主要噪声源设备有哪些，是否与环评/许可一致？；是否有隔声、减振、消声、距离衰减或厂房封闭措施？,现场核查发现【工业企业噪声源与厂界噪声控制】存在风险：主要噪声源设备有哪些，是否与环评/许可一致？；是否有隔声、减振、消声、距离衰减或厂房封闭措施？,请依据环评、批复、许可、台账和现场事实补齐证据链：环评噪声章节或排污许可工业噪声要求；主要噪声源设备清单和厂区平面布置图；厂界噪声监测报告或自行监测记录；隔声减振消声设施运行/维护记录；投诉、整改或夜间生产证明材料,S10;S04;S02;S06,环评噪声章节或排污许可工业噪声要求；主要噪声源设备清单和厂区平面布置图；厂界噪声监测报告或自行监测记录；隔声减振消声设施运行/维护记录；投诉、整改或夜间生产证明材料,主要高噪声设备及铭牌；隔声罩、减振基础、消声器或厂房封闭措施；厂界监测点位和周边敏感点方向；夜间生产或异常噪声源现场；噪声监测报告关键页,"[""PASS"",""FAIL"",""NA"",""NEED_CONFIRM""]",NEED_CONFIRM,USE_ECOCHECK_SCORE13_DEDUCT_RULE_POLICY,EcoCheck existing score item / deduct-rule mapping must decide numeric deduct value,APPROVED_BASELINE,APPROVED_BASELINE_KNOWLEDGE,approved_baseline_export_ready,HUMAN_APPROVED_BASELINE,USER_ATTESTED_IN_CHAT_2026-05-30,v1.0-approved-baseline-knowledge
CHAIN::SCN_NOISE_BOUNDARY_MONITORING_LEDGER::FIRST,SCN_NOISE_BOUNDARY_MONITORING_LEDGER,厂界噪声监测、执行标准与台账,FIRST,S10,S02;S01,厂界噪声执行标准、功能区类别和昼夜限值如何确定？；自行监测方案、点位图、频次和监测报告是否完整？,现场核查发现【厂界噪声监测、执行标准与台账】存在风险：厂界噪声执行标准、功能区类别和昼夜限值如何确定？；自行监测方案、点位图、频次和监测报告是否完整？,请依据环评、批复、许可、台账和现场事实补齐证据链：自行监测方案；厂界噪声监测报告；监测点位图；执行标准和功能区类别说明；超标整改或异常说明,S10;S02;S01,自行监测方案；厂界噪声监测报告；监测点位图；执行标准和功能区类别说明；超标整改或异常说明,厂界监测点位；厂界四至和敏感方向；监测报告关键页；监测点位示意图；噪声治理设施运行记录关键页,"[""PASS"",""FAIL"",""NA"",""NEED_CONFIRM""]",NEED_CONFIRM,USE_ECOCHECK_SCORE13_DEDUCT_RULE_POLICY,EcoCheck existing score item / deduct-rule mapping must decide numeric deduct value,APPROVED_BASELINE,APPROVED_BASELINE_KNOWLEDGE,approved_baseline_export_ready,HUMAN_APPROVED_BASELINE,USER_ATTESTED_IN_CHAT_2026-05-30,v1.0-approved-baseline-knowledge
CHAIN::SCN_NOISE_BOUNDARY_MONITORING_LEDGER::MONTHLY,SCN_NOISE_BOUNDARY_MONITORING_LEDGER,厂界噪声监测、执行标准与台账,MONTHLY,S10,S02;S01,厂界噪声执行标准、功能区类别和昼夜限值如何确定？；自行监测方案、点位图、频次和监测报告是否完整？,现场核查发现【厂界噪声监测、执行标准与台账】存在风险：厂界噪声执行标准、功能区类别和昼夜限值如何确定？；自行监测方案、点位图、频次和监测报告是否完整？,请依据环评、批复、许可、台账和现场事实补齐证据链：自行监测方案；厂界噪声监测报告；监测点位图；执行标准和功能区类别说明；超标整改或异常说明,S10;S02;S01,自行监测方案；厂界噪声监测报告；监测点位图；执行标准和功能区类别说明；超标整改或异常说明,厂界监测点位；厂界四至和敏感方向；监测报告关键页；监测点位示意图；噪声治理设施运行记录关键页,"[""PASS"",""FAIL"",""NA"",""NEED_CONFIRM""]",NEED_CONFIRM,USE_ECOCHECK_SCORE13_DEDUCT_RULE_POLICY,EcoCheck existing score item / deduct-rule mapping must decide numeric deduct value,APPROVED_BASELINE,APPROVED_BASELINE_KNOWLEDGE,approved_baseline_export_ready,HUMAN_APPROVED_BASELINE,USER_ATTESTED_IN_CHAT_2026-05-30,v1.0-approved-baseline-knowledge
CHAIN::SCN_NOISE_SENSITIVE_RECEPTOR_NIGHT_OPERATION::FIRST,SCN_NOISE_SENSITIVE_RECEPTOR_NIGHT_OPERATION,夜间生产、敏感点与噪声投诉风险,FIRST,S10,S04;S11;S13,企业是否夜间生产或连续运行？；最近敏感点距离、方向和功能是什么？,现场核查发现【夜间生产、敏感点与噪声投诉风险】存在风险：企业是否夜间生产或连续运行？；最近敏感点距离、方向和功能是什么？,请依据环评、批复、许可、台账和现场事实补齐证据链：生产班次或夜间运行记录；敏感点位置图或环评敏感目标章节；投诉/整改记录；夜间厂界噪声监测报告；隔声屏障、封闭厂房或限时运行措施证明,S10;S04;S11;S13,生产班次或夜间运行记录；敏感点位置图或环评敏感目标章节；投诉/整改记录；夜间厂界噪声监测报告；隔声屏障、封闭厂房或限时运行措施证明,厂界到敏感点方向；夜间运行设备或连续运行设施；隔声屏障、封闭厂房或门窗隔声措施；投诉整改记录关键页；平面图中敏感方向标注,"[""PASS"",""FAIL"",""NA"",""NEED_CONFIRM""]",NEED_CONFIRM,USE_ECOCHECK_SCORE13_DEDUCT_RULE_POLICY,EcoCheck existing score item / deduct-rule mapping must decide numeric deduct value,APPROVED_BASELINE,APPROVED_BASELINE_KNOWLEDGE,approved_baseline_export_ready,HUMAN_APPROVED_BASELINE,USER_ATTESTED_IN_CHAT_2026-05-30,v1.0-approved-baseline-knowledge
CHAIN::SCN_NOISE_SENSITIVE_RECEPTOR_NIGHT_OPERATION::MONTHLY,SCN_NOISE_SENSITIVE_RECEPTOR_NIGHT_OPERATION,夜间生产、敏感点与噪声投诉风险,MONTHLY,S10,S04;S11;S13,企业是否夜间生产或连续运行？；最近敏感点距离、方向和功能是什么？,现场核查发现【夜间生产、敏感点与噪声投诉风险】存在风险：企业是否夜间生产或连续运行？；最近敏感点距离、方向和功能是什么？,请依据环评、批复、许可、台账和现场事实补齐证据链：生产班次或夜间运行记录；敏感点位置图或环评敏感目标章节；投诉/整改记录；夜间厂界噪声监测报告；隔声屏障、封闭厂房或限时运行措施证明,S10;S04;S11;S13,生产班次或夜间运行记录；敏感点位置图或环评敏感目标章节；投诉/整改记录；夜间厂界噪声监测报告；隔声屏障、封闭厂房或限时运行措施证明,厂界到敏感点方向；夜间运行设备或连续运行设施；隔声屏障、封闭厂房或门窗隔声措施；投诉整改记录关键页；平面图中敏感方向标注,"[""PASS"",""FAIL"",""NA"",""NEED_CONFIRM""]",NEED_CONFIRM,USE_ECOCHECK_SCORE13_DEDUCT_RULE_POLICY,EcoCheck existing score item / deduct-rule mapping must decide numeric deduct value,APPROVED_BASELINE,APPROVED_BASELINE_KNOWLEDGE,approved_baseline_export_ready,HUMAN_APPROVED_BASELINE,USER_ATTESTED_IN_CHAT_2026-05-30,v1.0-approved-baseline-knowledge
CHAIN::SCN_SOCIAL_LIFE_NOISE_SOURCE::FIRST,SCN_SOCIAL_LIFE_NOISE_SOURCE,社会生活噪声与经营活动噪声源,FIRST,S10,S04;S11,是否存在扩声、装卸、空调外机、冷却塔或夜间经营活动？；周边最近敏感点距离和方向是什么？,现场核查发现【社会生活噪声与经营活动噪声源】存在风险：是否存在扩声、装卸、空调外机、冷却塔或夜间经营活动？；周边最近敏感点距离和方向是什么？,请依据环评、批复、许可、台账和现场事实补齐证据链：经营场所平面布置和设备清单；噪声投诉或整改记录；社会生活噪声监测记录；降噪设施和运行时段证明,S10;S04;S11,经营场所平面布置和设备清单；噪声投诉或整改记录；社会生活噪声监测记录；降噪设施和运行时段证明,扩声设备、外机、冷却塔或装卸区；降噪屏障、隔声门窗或消声设施；场界与周边敏感点方向；投诉整改台账关键页,"[""PASS"",""FAIL"",""NA"",""NEED_CONFIRM""]",NEED_CONFIRM,USE_ECOCHECK_SCORE13_DEDUCT_RULE_POLICY,EcoCheck existing score item / deduct-rule mapping must decide numeric deduct value,APPROVED_BASELINE,APPROVED_BASELINE_KNOWLEDGE,approved_baseline_export_ready,HUMAN_APPROVED_BASELINE,USER_ATTESTED_IN_CHAT_2026-05-30,v1.0-approved-baseline-knowledge
CHAIN::SCN_SOCIAL_LIFE_NOISE_SOURCE::MONTHLY,SCN_SOCIAL_LIFE_NOISE_SOURCE,社会生活噪声与经营活动噪声源,MONTHLY,S10,S04;S11,是否存在扩声、装卸、空调外机、冷却塔或夜间经营活动？；周边最近敏感点距离和方向是什么？,现场核查发现【社会生活噪声与经营活动噪声源】存在风险：是否存在扩声、装卸、空调外机、冷却塔或夜间经营活动？；周边最近敏感点距离和方向是什么？,请依据环评、批复、许可、台账和现场事实补齐证据链：经营场所平面布置和设备清单；噪声投诉或整改记录；社会生活噪声监测记录；降噪设施和运行时段证明,S10;S04;S11,经营场所平面布置和设备清单；噪声投诉或整改记录；社会生活噪声监测记录；降噪设施和运行时段证明,扩声设备、外机、冷却塔或装卸区；降噪屏障、隔声门窗或消声设施；场界与周边敏感点方向；投诉整改台账关键页,"[""PASS"",""FAIL"",""NA"",""NEED_CONFIRM""]",NEED_CONFIRM,USE_ECOCHECK_SCORE13_DEDUCT_RULE_POLICY,EcoCheck existing score item / deduct-rule mapping must decide numeric deduct value,APPROVED_BASELINE,APPROVED_BASELINE_KNOWLEDGE,approved_baseline_export_ready,HUMAN_APPROVED_BASELINE,USER_ATTESTED_IN_CHAT_2026-05-30,v1.0-approved-baseline-knowledge
CHAIN::SCN_RADIATION_DEVICE_SOURCE_SAFETY::FIRST,SCN_RADIATION_DEVICE_SOURCE_SAFETY,射线装置与核技术利用辐射安全,FIRST,S12,S01;S02;S09;S13,是否持有辐射安全许可证或放射诊疗许可，许可范围与设备清单是否一致？；射线装置类别、数量、安装位置和使用状态是什么？,现场核查发现【射线装置与核技术利用辐射安全】存在风险：是否持有辐射安全许可证或放射诊疗许可，许可范围与设备清单是否一致？；射线装置类别、数量、安装位置和使用状态是什么？,请依据环评、批复、许可、台账和现场事实补齐证据链：辐射安全许可证或放射诊疗许可证；射线装置/核技术利用设备台账；年度评估、防护检测或验收监测报告；人员培训、个人剂量、职业健康记录；机房屏蔽、防护门、警示标识和控制区划分资料,S12;S01;S02;S09;S13,辐射安全许可证或放射诊疗许可证；射线装置/核技术利用设备台账；年度评估、防护检测或验收监测报告；人员培训、个人剂量、职业健康记录；机房屏蔽、防护门、警示标识和控制区划分资料,射线装置或机房入口警示标识；设备铭牌和控制台；防护门、联锁、警示灯和控制区/监督区标识；个人剂量计、培训或检测报告关键页,"[""PASS"",""FAIL"",""NA"",""NEED_CONFIRM""]",NEED_CONFIRM,USE_ECOCHECK_SCORE13_DEDUCT_RULE_POLICY,EcoCheck existing score item / deduct-rule mapping must decide numeric deduct value,APPROVED_BASELINE,APPROVED_BASELINE_KNOWLEDGE,approved_baseline_export_ready,HUMAN_APPROVED_BASELINE,USER_ATTESTED_IN_CHAT_2026-05-30,v1.0-approved-baseline-knowledge
CHAIN::SCN_RADIATION_DEVICE_SOURCE_SAFETY::MONTHLY,SCN_RADIATION_DEVICE_SOURCE_SAFETY,射线装置与核技术利用辐射安全,MONTHLY,S12,S01;S02;S09;S13,是否持有辐射安全许可证或放射诊疗许可，许可范围与设备清单是否一致？；射线装置类别、数量、安装位置和使用状态是什么？,现场核查发现【射线装置与核技术利用辐射安全】存在风险：是否持有辐射安全许可证或放射诊疗许可，许可范围与设备清单是否一致？；射线装置类别、数量、安装位置和使用状态是什么？,请依据环评、批复、许可、台账和现场事实补齐证据链：辐射安全许可证或放射诊疗许可证；射线装置/核技术利用设备台账；年度评估、防护检测或验收监测报告；人员培训、个人剂量、职业健康记录；机房屏蔽、防护门、警示标识和控制区划分资料,S12;S01;S02;S09;S13,辐射安全许可证或放射诊疗许可证；射线装置/核技术利用设备台账；年度评估、防护检测或验收监测报告；人员培训、个人剂量、职业健康记录；机房屏蔽、防护门、警示标识和控制区划分资料,射线装置或机房入口警示标识；设备铭牌和控制台；防护门、联锁、警示灯和控制区/监督区标识；个人剂量计、培训或检测报告关键页,"[""PASS"",""FAIL"",""NA"",""NEED_CONFIRM""]",NEED_CONFIRM,USE_ECOCHECK_SCORE13_DEDUCT_RULE_POLICY,EcoCheck existing score item / deduct-rule mapping must decide numeric deduct value,APPROVED_BASELINE,APPROVED_BASELINE_KNOWLEDGE,approved_baseline_export_ready,HUMAN_APPROVED_BASELINE,USER_ATTESTED_IN_CHAT_2026-05-30,v1.0-approved-baseline-knowledge
CHAIN::SCN_RAD_WASTE_PACKAGE_SOLIDIFICATION_CONTAINER::FIRST,SCN_RAD_WASTE_PACKAGE_SOLIDIFICATION_CONTAINER,放射性废物包、固化体与高完整性容器,FIRST,S12,S07;S02,废物包编号、核素、活度、形态、包装日期和去向是否闭环？；固化体性能检测、容器合格证明和包装记录是否齐全？,现场核查发现【放射性废物包、固化体与高完整性容器】存在风险：废物包编号、核素、活度、形态、包装日期和去向是否闭环？；固化体性能检测、容器合格证明和包装记录是否齐全？,请依据环评、批复、许可、台账和现场事实补齐证据链：废物包编号和包装记录；固化体性能检测/鉴定资料；容器合格证明；核素/活度记录；交接单和暂存分区台账,S12;S07;S02,废物包编号和包装记录；固化体性能检测/鉴定资料；容器合格证明；核素/活度记录；交接单和暂存分区台账,废物包外观与标签；容器铭牌或合格证关键页；包装作业记录关键页；检测报告关键页；暂存分区标识,"[""PASS"",""FAIL"",""NA"",""NEED_CONFIRM""]",NEED_CONFIRM,USE_ECOCHECK_SCORE13_DEDUCT_RULE_POLICY,EcoCheck existing score item / deduct-rule mapping must decide numeric deduct value,APPROVED_BASELINE,APPROVED_BASELINE_KNOWLEDGE,approved_baseline_export_ready,HUMAN_APPROVED_BASELINE,USER_ATTESTED_IN_CHAT_2026-05-30,v1.0-approved-baseline-knowledge
CHAIN::SCN_RAD_WASTE_PACKAGE_SOLIDIFICATION_CONTAINER::MONTHLY,SCN_RAD_WASTE_PACKAGE_SOLIDIFICATION_CONTAINER,放射性废物包、固化体与高完整性容器,MONTHLY,S12,S07;S02,废物包编号、核素、活度、形态、包装日期和去向是否闭环？；固化体性能检测、容器合格证明和包装记录是否齐全？,现场核查发现【放射性废物包、固化体与高完整性容器】存在风险：废物包编号、核素、活度、形态、包装日期和去向是否闭环？；固化体性能检测、容器合格证明和包装记录是否齐全？,请依据环评、批复、许可、台账和现场事实补齐证据链：废物包编号和包装记录；固化体性能检测/鉴定资料；容器合格证明；核素/活度记录；交接单和暂存分区台账,S12;S07;S02,废物包编号和包装记录；固化体性能检测/鉴定资料；容器合格证明；核素/活度记录；交接单和暂存分区台账,废物包外观与标签；容器铭牌或合格证关键页；包装作业记录关键页；检测报告关键页；暂存分区标识,"[""PASS"",""FAIL"",""NA"",""NEED_CONFIRM""]",NEED_CONFIRM,USE_ECOCHECK_SCORE13_DEDUCT_RULE_POLICY,EcoCheck existing score item / deduct-rule mapping must decide numeric deduct value,APPROVED_BASELINE,APPROVED_BASELINE_KNOWLEDGE,approved_baseline_export_ready,HUMAN_APPROVED_BASELINE,USER_ATTESTED_IN_CHAT_2026-05-30,v1.0-approved-baseline-knowledge
CHAIN::SCN_RAD_WASTE_DISPOSAL_FACILITY::FIRST,SCN_RAD_WASTE_DISPOSAL_FACILITY,放射性废物处置设施与场址管理,FIRST,S12,S13;S02;S04,处置设施许可、选址、设计、建造和运行文件是否齐全？；接收、暂存、处置、环境监测和封场记录是否闭环？,现场核查发现【放射性废物处置设施与场址管理】存在风险：处置设施许可、选址、设计、建造和运行文件是否齐全？；接收、暂存、处置、环境监测和封场记录是否闭环？,请依据环评、批复、许可、台账和现场事实补齐证据链：处置许可证；选址/设计/建造文件；环境影响报告书；接收和处置台账；监测井/环境监测记录；封场或运行记录,S12;S13;S02;S04,处置许可证；选址/设计/建造文件；环境影响报告书；接收和处置台账；监测井/环境监测记录；封场或运行记录,处置设施边界标识；接收或暂存区；监测井或监测点；排水/渗漏控制设施；运行台账关键页,"[""PASS"",""FAIL"",""NA"",""NEED_CONFIRM""]",NEED_CONFIRM,USE_ECOCHECK_SCORE13_DEDUCT_RULE_POLICY,EcoCheck existing score item / deduct-rule mapping must decide numeric deduct value,APPROVED_BASELINE,APPROVED_BASELINE_KNOWLEDGE,approved_baseline_export_ready,HUMAN_APPROVED_BASELINE,USER_ATTESTED_IN_CHAT_2026-05-30,v1.0-approved-baseline-knowledge
CHAIN::SCN_RAD_WASTE_DISPOSAL_FACILITY::MONTHLY,SCN_RAD_WASTE_DISPOSAL_FACILITY,放射性废物处置设施与场址管理,MONTHLY,S12,S13;S02;S04,处置设施许可、选址、设计、建造和运行文件是否齐全？；接收、暂存、处置、环境监测和封场记录是否闭环？,现场核查发现【放射性废物处置设施与场址管理】存在风险：处置设施许可、选址、设计、建造和运行文件是否齐全？；接收、暂存、处置、环境监测和封场记录是否闭环？,请依据环评、批复、许可、台账和现场事实补齐证据链：处置许可证；选址/设计/建造文件；环境影响报告书；接收和处置台账；监测井/环境监测记录；封场或运行记录,S12;S13;S02;S04,处置许可证；选址/设计/建造文件；环境影响报告书；接收和处置台账；监测井/环境监测记录；封场或运行记录,处置设施边界标识；接收或暂存区；监测井或监测点；排水/渗漏控制设施；运行台账关键页,"[""PASS"",""FAIL"",""NA"",""NEED_CONFIRM""]",NEED_CONFIRM,USE_ECOCHECK_SCORE13_DEDUCT_RULE_POLICY,EcoCheck existing score item / deduct-rule mapping must decide numeric deduct value,APPROVED_BASELINE,APPROVED_BASELINE_KNOWLEDGE,approved_baseline_export_ready,HUMAN_APPROVED_BASELINE,USER_ATTESTED_IN_CHAT_2026-05-30,v1.0-approved-baseline-knowledge
CHAIN::SCN_RADIOACTIVE_SOURCE_SECURITY::FIRST,SCN_RADIOACTIVE_SOURCE_SECURITY,放射源安全保卫、台账与退役去向,FIRST,S12,S02;S09;S13,放射源核素、活度、编码、类别和账物是否一致？；源库或暂存柜是否具备防盗、防丢失、防误照射措施？,现场核查发现【放射源安全保卫、台账与退役去向】存在风险：放射源核素、活度、编码、类别和账物是否一致？；源库或暂存柜是否具备防盗、防丢失、防误照射措施？,请依据环评、批复、许可、台账和现场事实补齐证据链：辐射安全许可证及放射源明细；放射源台账、盘点记录和领用归还记录；安防设施、应急预案和演练记录；废放射源送贮/转让/退役证明,S12;S02;S09;S13,辐射安全许可证及放射源明细；放射源台账、盘点记录和领用归还记录；安防设施、应急预案和演练记录；废放射源送贮/转让/退役证明,源库或含源设备警示标识；源库门禁、监控、双人双锁或防盗设施；放射源台账关键页；废旧源送贮或退役证明关键页,"[""PASS"",""FAIL"",""NA"",""NEED_CONFIRM""]",NEED_CONFIRM,USE_ECOCHECK_SCORE13_DEDUCT_RULE_POLICY,EcoCheck existing score item / deduct-rule mapping must decide numeric deduct value,APPROVED_BASELINE,APPROVED_BASELINE_KNOWLEDGE,approved_baseline_export_ready,HUMAN_APPROVED_BASELINE,USER_ATTESTED_IN_CHAT_2026-05-30,v1.0-approved-baseline-knowledge
CHAIN::SCN_RADIOACTIVE_SOURCE_SECURITY::MONTHLY,SCN_RADIOACTIVE_SOURCE_SECURITY,放射源安全保卫、台账与退役去向,MONTHLY,S12,S02;S09;S13,放射源核素、活度、编码、类别和账物是否一致？；源库或暂存柜是否具备防盗、防丢失、防误照射措施？,现场核查发现【放射源安全保卫、台账与退役去向】存在风险：放射源核素、活度、编码、类别和账物是否一致？；源库或暂存柜是否具备防盗、防丢失、防误照射措施？,请依据环评、批复、许可、台账和现场事实补齐证据链：辐射安全许可证及放射源明细；放射源台账、盘点记录和领用归还记录；安防设施、应急预案和演练记录；废放射源送贮/转让/退役证明,S12;S02;S09;S13,辐射安全许可证及放射源明细；放射源台账、盘点记录和领用归还记录；安防设施、应急预案和演练记录；废放射源送贮/转让/退役证明,源库或含源设备警示标识；源库门禁、监控、双人双锁或防盗设施；放射源台账关键页；废旧源送贮或退役证明关键页,"[""PASS"",""FAIL"",""NA"",""NEED_CONFIRM""]",NEED_CONFIRM,USE_ECOCHECK_SCORE13_DEDUCT_RULE_POLICY,EcoCheck existing score item / deduct-rule mapping must decide numeric deduct value,APPROVED_BASELINE,APPROVED_BASELINE_KNOWLEDGE,approved_baseline_export_ready,HUMAN_APPROVED_BASELINE,USER_ATTESTED_IN_CHAT_2026-05-30,v1.0-approved-baseline-knowledge
CHAIN::SCN_RADIOACTIVE_WASTE_STORAGE_TRANSFER_DISPOSAL::FIRST,SCN_RADIOACTIVE_WASTE_STORAGE_TRANSFER_DISPOSAL,放射性废物贮存、转移与处置,FIRST,S12,S07;S02;S13,放射性废物类别、核素、活度、形态、数量和贮存状态是什么？；废物包、容器、固化体和库房是否满足相应标准和许可要求？,现场核查发现【放射性废物贮存、转移与处置】存在风险：放射性废物类别、核素、活度、形态、数量和贮存状态是什么？；废物包、容器、固化体和库房是否满足相应标准和许可要求？,请依据环评、批复、许可、台账和现场事实补齐证据链：放射性废物台账和分类记录；废物包/容器/固化体检测或鉴定资料；废物库许可、运行管理记录和监测记录；转移、送贮、处置或退役证明；场址或库区辐射监测资料,S12;S07;S02;S13,放射性废物台账和分类记录；废物包/容器/固化体检测或鉴定资料；废物库许可、运行管理记录和监测记录；转移、送贮、处置或退役证明；场址或库区辐射监测资料,放射性废物库外部和警示标识；废物包/容器标签和暂存区域；监测设备或监测记录关键页；转移/送贮/处置证明关键页,"[""PASS"",""FAIL"",""NA"",""NEED_CONFIRM""]",NEED_CONFIRM,USE_ECOCHECK_SCORE13_DEDUCT_RULE_POLICY,EcoCheck existing score item / deduct-rule mapping must decide numeric deduct value,APPROVED_BASELINE,APPROVED_BASELINE_KNOWLEDGE,approved_baseline_export_ready,HUMAN_APPROVED_BASELINE,USER_ATTESTED_IN_CHAT_2026-05-30,v1.0-approved-baseline-knowledge
CHAIN::SCN_RADIOACTIVE_WASTE_STORAGE_TRANSFER_DISPOSAL::MONTHLY,SCN_RADIOACTIVE_WASTE_STORAGE_TRANSFER_DISPOSAL,放射性废物贮存、转移与处置,MONTHLY,S12,S07;S02;S13,放射性废物类别、核素、活度、形态、数量和贮存状态是什么？；废物包、容器、固化体和库房是否满足相应标准和许可要求？,现场核查发现【放射性废物贮存、转移与处置】存在风险：放射性废物类别、核素、活度、形态、数量和贮存状态是什么？；废物包、容器、固化体和库房是否满足相应标准和许可要求？,请依据环评、批复、许可、台账和现场事实补齐证据链：放射性废物台账和分类记录；废物包/容器/固化体检测或鉴定资料；废物库许可、运行管理记录和监测记录；转移、送贮、处置或退役证明；场址或库区辐射监测资料,S12;S07;S02;S13,放射性废物台账和分类记录；废物包/容器/固化体检测或鉴定资料；废物库许可、运行管理记录和监测记录；转移、送贮、处置或退役证明；场址或库区辐射监测资料,放射性废物库外部和警示标识；废物包/容器标签和暂存区域；监测设备或监测记录关键页；转移/送贮/处置证明关键页,"[""PASS"",""FAIL"",""NA"",""NEED_CONFIRM""]",NEED_CONFIRM,USE_ECOCHECK_SCORE13_DEDUCT_RULE_POLICY,EcoCheck existing score item / deduct-rule mapping must decide numeric deduct value,APPROVED_BASELINE,APPROVED_BASELINE_KNOWLEDGE,approved_baseline_export_ready,HUMAN_APPROVED_BASELINE,USER_ATTESTED_IN_CHAT_2026-05-30,v1.0-approved-baseline-knowledge
CHAIN::SCN_RADIOACTIVE_MATERIAL_TRANSPORT::FIRST,SCN_RADIOACTIVE_MATERIAL_TRANSPORT,放射性物品运输与运输容器安全,FIRST,S12,S02;S13;S09,运输物品类别、包装类型、运输容器和许可资质是否匹配？；运输容器提升装置、栓系装置、防脆性断裂设计或检验证据是否齐全？,现场核查发现【放射性物品运输与运输容器安全】存在风险：运输物品类别、包装类型、运输容器和许可资质是否匹配？；运输容器提升装置、栓系装置、防脆性断裂设计或检验证据是否齐全？,请依据环评、批复、许可、台账和现场事实补齐证据链：放射性物品运输许可或备案资料；运输容器合格证明、设计/检验资料；运输交接、托运、承运记录；车辆、人员培训和应急资料,S12;S02;S13;S09,放射性物品运输许可或备案资料；运输容器合格证明、设计/检验资料；运输交接、托运、承运记录；车辆、人员培训和应急资料,运输容器外观、标识和编号；车辆、栓系/提升装置和警示标识；运输许可或交接记录关键页；应急物资和运输方案关键页,"[""PASS"",""FAIL"",""NA"",""NEED_CONFIRM""]",NEED_CONFIRM,USE_ECOCHECK_SCORE13_DEDUCT_RULE_POLICY,EcoCheck existing score item / deduct-rule mapping must decide numeric deduct value,APPROVED_BASELINE,APPROVED_BASELINE_KNOWLEDGE,approved_baseline_export_ready,HUMAN_APPROVED_BASELINE,USER_ATTESTED_IN_CHAT_2026-05-30,v1.0-approved-baseline-knowledge
CHAIN::SCN_RADIOACTIVE_MATERIAL_TRANSPORT::MONTHLY,SCN_RADIOACTIVE_MATERIAL_TRANSPORT,放射性物品运输与运输容器安全,MONTHLY,S12,S02;S13;S09,运输物品类别、包装类型、运输容器和许可资质是否匹配？；运输容器提升装置、栓系装置、防脆性断裂设计或检验证据是否齐全？,现场核查发现【放射性物品运输与运输容器安全】存在风险：运输物品类别、包装类型、运输容器和许可资质是否匹配？；运输容器提升装置、栓系装置、防脆性断裂设计或检验证据是否齐全？,请依据环评、批复、许可、台账和现场事实补齐证据链：放射性物品运输许可或备案资料；运输容器合格证明、设计/检验资料；运输交接、托运、承运记录；车辆、人员培训和应急资料,S12;S02;S13;S09,放射性物品运输许可或备案资料；运输容器合格证明、设计/检验资料；运输交接、托运、承运记录；车辆、人员培训和应急资料,运输容器外观、标识和编号；车辆、栓系/提升装置和警示标识；运输许可或交接记录关键页；应急物资和运输方案关键页,"[""PASS"",""FAIL"",""NA"",""NEED_CONFIRM""]",NEED_CONFIRM,USE_ECOCHECK_SCORE13_DEDUCT_RULE_POLICY,EcoCheck existing score item / deduct-rule mapping must decide numeric deduct value,APPROVED_BASELINE,APPROVED_BASELINE_KNOWLEDGE,approved_baseline_export_ready,HUMAN_APPROVED_BASELINE,USER_ATTESTED_IN_CHAT_2026-05-30,v1.0-approved-baseline-knowledge
CHAIN::SCN_NORM_RADIOACTIVITY_IN_INDUSTRIAL_RESIDUE::FIRST,SCN_NORM_RADIOACTIVITY_IN_INDUSTRIAL_RESIDUE,含天然放射性工业废渣与建材放射性控制,FIRST,S12,S07;S10;S04;S02,是否使用或产生含天然放射性物料、矿冶废物或工业废渣？；工业废渣用于建材或外售时是否有放射性检测和去向证明？,现场核查发现【含天然放射性工业废渣与建材放射性控制】存在风险：是否使用或产生含天然放射性物料、矿冶废物或工业废渣？；工业废渣用于建材或外售时是否有放射性检测和去向证明？,请依据环评、批复、许可、台账和现场事实补齐证据链：原料/废渣成分和放射性检测报告；工业废渣利用、外售或处置去向证明；矿冶废物管理资料和场址监测记录；建材产品放射性控制资料,S12;S07;S10;S04;S02,原料/废渣成分和放射性检测报告；工业废渣利用、外售或处置去向证明；矿冶废物管理资料和场址监测记录；建材产品放射性控制资料,工业废渣堆场、贮存点或建材原料区；放射性检测报告关键页；废渣外售/利用合同或台账关键页；场址土壤调查或监测点位,"[""PASS"",""FAIL"",""NA"",""NEED_CONFIRM""]",NEED_CONFIRM,USE_ECOCHECK_SCORE13_DEDUCT_RULE_POLICY,EcoCheck existing score item / deduct-rule mapping must decide numeric deduct value,APPROVED_BASELINE,APPROVED_BASELINE_KNOWLEDGE,approved_baseline_export_ready,HUMAN_APPROVED_BASELINE,USER_ATTESTED_IN_CHAT_2026-05-30,v1.0-approved-baseline-knowledge
CHAIN::SCN_NORM_RADIOACTIVITY_IN_INDUSTRIAL_RESIDUE::MONTHLY,SCN_NORM_RADIOACTIVITY_IN_INDUSTRIAL_RESIDUE,含天然放射性工业废渣与建材放射性控制,MONTHLY,S12,S07;S10;S04;S02,是否使用或产生含天然放射性物料、矿冶废物或工业废渣？；工业废渣用于建材或外售时是否有放射性检测和去向证明？,现场核查发现【含天然放射性工业废渣与建材放射性控制】存在风险：是否使用或产生含天然放射性物料、矿冶废物或工业废渣？；工业废渣用于建材或外售时是否有放射性检测和去向证明？,请依据环评、批复、许可、台账和现场事实补齐证据链：原料/废渣成分和放射性检测报告；工业废渣利用、外售或处置去向证明；矿冶废物管理资料和场址监测记录；建材产品放射性控制资料,S12;S07;S10;S04;S02,原料/废渣成分和放射性检测报告；工业废渣利用、外售或处置去向证明；矿冶废物管理资料和场址监测记录；建材产品放射性控制资料,工业废渣堆场、贮存点或建材原料区；放射性检测报告关键页；废渣外售/利用合同或台账关键页；场址土壤调查或监测点位,"[""PASS"",""FAIL"",""NA"",""NEED_CONFIRM""]",NEED_CONFIRM,USE_ECOCHECK_SCORE13_DEDUCT_RULE_POLICY,EcoCheck existing score item / deduct-rule mapping must decide numeric deduct value,APPROVED_BASELINE,APPROVED_BASELINE_KNOWLEDGE,approved_baseline_export_ready,HUMAN_APPROVED_BASELINE,USER_ATTESTED_IN_CHAT_2026-05-30,v1.0-approved-baseline-knowledge
CHAIN::SCN_URANIUM_THORIUM_MINING_RAD_WASTE::FIRST,SCN_URANIUM_THORIUM_MINING_RAD_WASTE,铀钍矿冶放射性废物与尾矿风险,FIRST,S12,S10;S04;S13;S02,矿种、工艺和废物是否涉及铀、钍或放射性金属？；尾矿库、废石场、渗滤液和辐射监测是否纳入管理？,现场核查发现【铀钍矿冶放射性废物与尾矿风险】存在风险：矿种、工艺和废物是否涉及铀、钍或放射性金属？；尾矿库、废石场、渗滤液和辐射监测是否纳入管理？,请依据环评、批复、许可、台账和现场事实补齐证据链：采选/矿冶环评和批复；放射性废物管理方案；尾矿库/废石场资料；辐射环境监测报告；废物去向和应急资料,S12;S10;S04;S13;S02,采选/矿冶环评和批复；放射性废物管理方案；尾矿库/废石场资料；辐射环境监测报告；废物去向和应急资料,矿冶废物暂存或尾矿设施；监测点位和警示标识；渗滤液或废水处理设施；监测报告关键页,"[""PASS"",""FAIL"",""NA"",""NEED_CONFIRM""]",NEED_CONFIRM,USE_ECOCHECK_SCORE13_DEDUCT_RULE_POLICY,EcoCheck existing score item / deduct-rule mapping must decide numeric deduct value,APPROVED_BASELINE,APPROVED_BASELINE_KNOWLEDGE,approved_baseline_export_ready,HUMAN_APPROVED_BASELINE,USER_ATTESTED_IN_CHAT_2026-05-30,v1.0-approved-baseline-knowledge
CHAIN::SCN_URANIUM_THORIUM_MINING_RAD_WASTE::MONTHLY,SCN_URANIUM_THORIUM_MINING_RAD_WASTE,铀钍矿冶放射性废物与尾矿风险,MONTHLY,S12,S10;S04;S13;S02,矿种、工艺和废物是否涉及铀、钍或放射性金属？；尾矿库、废石场、渗滤液和辐射监测是否纳入管理？,现场核查发现【铀钍矿冶放射性废物与尾矿风险】存在风险：矿种、工艺和废物是否涉及铀、钍或放射性金属？；尾矿库、废石场、渗滤液和辐射监测是否纳入管理？,请依据环评、批复、许可、台账和现场事实补齐证据链：采选/矿冶环评和批复；放射性废物管理方案；尾矿库/废石场资料；辐射环境监测报告；废物去向和应急资料,S12;S10;S04;S13;S02,采选/矿冶环评和批复；放射性废物管理方案；尾矿库/废石场资料；辐射环境监测报告；废物去向和应急资料,矿冶废物暂存或尾矿设施；监测点位和警示标识；渗滤液或废水处理设施；监测报告关键页,"[""PASS"",""FAIL"",""NA"",""NEED_CONFIRM""]",NEED_CONFIRM,USE_ECOCHECK_SCORE13_DEDUCT_RULE_POLICY,EcoCheck existing score item / deduct-rule mapping must decide numeric deduct value,APPROVED_BASELINE,APPROVED_BASELINE_KNOWLEDGE,approved_baseline_export_ready,HUMAN_APPROVED_BASELINE,USER_ATTESTED_IN_CHAT_2026-05-30,v1.0-approved-baseline-knowledge
CHAIN::SCN_NUCLEAR_FUEL_EFFLUENT_DECOMMISSIONING::FIRST,SCN_NUCLEAR_FUEL_EFFLUENT_DECOMMISSIONING,核燃料循环流出物与核设施退役场址,FIRST,S12,S10;S04;S02,核燃料循环设施、流出物排放和监测点是否明确？；退役方案、场址调查和土壤残留放射性控制是否有监管批复？,现场核查发现【核燃料循环流出物与核设施退役场址】存在风险：核燃料循环设施、流出物排放和监测点是否明确？；退役方案、场址调查和土壤残留放射性控制是否有监管批复？,请依据环评、批复、许可、台账和现场事实补齐证据链：核设施/核燃料加工许可或环评；放射性流出物监测报告；退役方案和监管批复；场址调查/土壤检测资料；排放和监测台账,S12;S10;S04;S02,核设施/核燃料加工许可或环评；放射性流出物监测报告；退役方案和监管批复；场址调查/土壤检测资料；排放和监测台账,排放/监测点标识；监测报告关键页；退役区域边界；土壤采样或监测布点图；台账关键页,"[""PASS"",""FAIL"",""NA"",""NEED_CONFIRM""]",NEED_CONFIRM,USE_ECOCHECK_SCORE13_DEDUCT_RULE_POLICY,EcoCheck existing score item / deduct-rule mapping must decide numeric deduct value,APPROVED_BASELINE,APPROVED_BASELINE_KNOWLEDGE,approved_baseline_export_ready,HUMAN_APPROVED_BASELINE,USER_ATTESTED_IN_CHAT_2026-05-30,v1.0-approved-baseline-knowledge
CHAIN::SCN_NUCLEAR_FUEL_EFFLUENT_DECOMMISSIONING::MONTHLY,SCN_NUCLEAR_FUEL_EFFLUENT_DECOMMISSIONING,核燃料循环流出物与核设施退役场址,MONTHLY,S12,S10;S04;S02,核燃料循环设施、流出物排放和监测点是否明确？；退役方案、场址调查和土壤残留放射性控制是否有监管批复？,现场核查发现【核燃料循环流出物与核设施退役场址】存在风险：核燃料循环设施、流出物排放和监测点是否明确？；退役方案、场址调查和土壤残留放射性控制是否有监管批复？,请依据环评、批复、许可、台账和现场事实补齐证据链：核设施/核燃料加工许可或环评；放射性流出物监测报告；退役方案和监管批复；场址调查/土壤检测资料；排放和监测台账,S12;S10;S04;S02,核设施/核燃料加工许可或环评；放射性流出物监测报告；退役方案和监管批复；场址调查/土壤检测资料；排放和监测台账,排放/监测点标识；监测报告关键页；退役区域边界；土壤采样或监测布点图；台账关键页,"[""PASS"",""FAIL"",""NA"",""NEED_CONFIRM""]",NEED_CONFIRM,USE_ECOCHECK_SCORE13_DEDUCT_RULE_POLICY,EcoCheck existing score item / deduct-rule mapping must decide numeric deduct value,APPROVED_BASELINE,APPROVED_BASELINE_KNOWLEDGE,approved_baseline_export_ready,HUMAN_APPROVED_BASELINE,USER_ATTESTED_IN_CHAT_2026-05-30,v1.0-approved-baseline-knowledge
CHAIN::SCN_BUILDING_MATERIAL_SLAG_RADIONUCLIDE::FIRST,SCN_BUILDING_MATERIAL_SLAG_RADIONUCLIDE,建材工业废渣放射性物质限制,FIRST,S12,S07;S02,是否使用工业废渣作为建材原料，来源和批次是什么？；原料和产品是否有放射性物质检测报告？,现场核查发现【建材工业废渣放射性物质限制】存在风险：是否使用工业废渣作为建材原料，来源和批次是什么？；原料和产品是否有放射性物质检测报告？,请依据环评、批复、许可、台账和现场事实补齐证据链：原料来源和工业废渣成分证明；原料/产品放射性检测报告；配料和批次台账；供应商证明和产品去向,S12;S07;S02,原料来源和工业废渣成分证明；原料/产品放射性检测报告；配料和批次台账；供应商证明和产品去向,工业废渣原料堆场；原料标签或来源单据；检测报告关键页；配料记录；成品批次标识,"[""PASS"",""FAIL"",""NA"",""NEED_CONFIRM""]",NEED_CONFIRM,USE_ECOCHECK_SCORE13_DEDUCT_RULE_POLICY,EcoCheck existing score item / deduct-rule mapping must decide numeric deduct value,APPROVED_BASELINE,APPROVED_BASELINE_KNOWLEDGE,approved_baseline_export_ready,HUMAN_APPROVED_BASELINE,USER_ATTESTED_IN_CHAT_2026-05-30,v1.0-approved-baseline-knowledge
CHAIN::SCN_BUILDING_MATERIAL_SLAG_RADIONUCLIDE::MONTHLY,SCN_BUILDING_MATERIAL_SLAG_RADIONUCLIDE,建材工业废渣放射性物质限制,MONTHLY,S12,S07;S02,是否使用工业废渣作为建材原料，来源和批次是什么？；原料和产品是否有放射性物质检测报告？,现场核查发现【建材工业废渣放射性物质限制】存在风险：是否使用工业废渣作为建材原料，来源和批次是什么？；原料和产品是否有放射性物质检测报告？,请依据环评、批复、许可、台账和现场事实补齐证据链：原料来源和工业废渣成分证明；原料/产品放射性检测报告；配料和批次台账；供应商证明和产品去向,S12;S07;S02,原料来源和工业废渣成分证明；原料/产品放射性检测报告；配料和批次台账；供应商证明和产品去向,工业废渣原料堆场；原料标签或来源单据；检测报告关键页；配料记录；成品批次标识,"[""PASS"",""FAIL"",""NA"",""NEED_CONFIRM""]",NEED_CONFIRM,USE_ECOCHECK_SCORE13_DEDUCT_RULE_POLICY,EcoCheck existing score item / deduct-rule mapping must decide numeric deduct value,APPROVED_BASELINE,APPROVED_BASELINE_KNOWLEDGE,approved_baseline_export_ready,HUMAN_APPROVED_BASELINE,USER_ATTESTED_IN_CHAT_2026-05-30,v1.0-approved-baseline-knowledge
CHAIN::NEW_SCN_LAB_WASTE_CANDIDATE::FIRST,NEW_SCN_LAB_WASTE_CANDIDATE,实验室废液与检测试剂危废候选场景,FIRST,S07,S02;S09;S13,现场是否设置实验室或化验室，是否涉及样品前处理和化学试剂使用？；实验废液、废试剂瓶是否分类收集，标签、危废代码和去向是否完整？,现场核查发现【实验室废液与检测试剂危废候选】存在风险：现场是否设置实验室或化验室，是否涉及样品前处理和化学试剂使用？；实验废液、废试剂瓶是否分类收集，标签、危废代码和去向是否完整？,请依据环评、批复、许可、台账和现场事实补齐证据链：实验室平面图或环评实验室章节；试剂清单和废液产生记录；废液收集桶标签和危废代码；危废台账、合同、转移联单或去向证明；应急吸附物资和泄漏处置记录,S07;S02;S09;S13,实验室平面图或环评实验室章节；试剂清单和废液产生记录；废液收集桶标签和危废代码；危废台账、合同、转移联单或去向证明；应急吸附物资和泄漏处置记录,实验室操作台和试剂柜；废液桶标签和分类收集区域；危废暂存间实验废液分区；危废台账或转移联单关键页；应急吸附物资,"[""PASS"",""FAIL"",""NA"",""NEED_CONFIRM""]",NEED_CONFIRM,USE_ECOCHECK_SCORE13_DEDUCT_RULE_POLICY,EcoCheck existing score item / deduct-rule mapping must decide numeric deduct value,APPROVED_BASELINE,APPROVED_BASELINE_KNOWLEDGE,approved_baseline_export_ready,HUMAN_APPROVED_BASELINE,USER_ATTESTED_IN_CHAT_2026-05-30,v1.0-approved-baseline-knowledge
CHAIN::NEW_SCN_LAB_WASTE_CANDIDATE::MONTHLY,NEW_SCN_LAB_WASTE_CANDIDATE,实验室废液与检测试剂危废候选场景,MONTHLY,S07,S02;S09;S13,现场是否设置实验室或化验室，是否涉及样品前处理和化学试剂使用？；实验废液、废试剂瓶是否分类收集，标签、危废代码和去向是否完整？,现场核查发现【实验室废液与检测试剂危废候选】存在风险：现场是否设置实验室或化验室，是否涉及样品前处理和化学试剂使用？；实验废液、废试剂瓶是否分类收集，标签、危废代码和去向是否完整？,请依据环评、批复、许可、台账和现场事实补齐证据链：实验室平面图或环评实验室章节；试剂清单和废液产生记录；废液收集桶标签和危废代码；危废台账、合同、转移联单或去向证明；应急吸附物资和泄漏处置记录,S07;S02;S09;S13,实验室平面图或环评实验室章节；试剂清单和废液产生记录；废液收集桶标签和危废代码；危废台账、合同、转移联单或去向证明；应急吸附物资和泄漏处置记录,实验室操作台和试剂柜；废液桶标签和分类收集区域；危废暂存间实验废液分区；危废台账或转移联单关键页；应急吸附物资,"[""PASS"",""FAIL"",""NA"",""NEED_CONFIRM""]",NEED_CONFIRM,USE_ECOCHECK_SCORE13_DEDUCT_RULE_POLICY,EcoCheck existing score item / deduct-rule mapping must decide numeric deduct value,APPROVED_BASELINE,APPROVED_BASELINE_KNOWLEDGE,approved_baseline_export_ready,HUMAN_APPROVED_BASELINE,USER_ATTESTED_IN_CHAT_2026-05-30,v1.0-approved-baseline-knowledge
CHAIN::NEW_SCN_TAILINGS_CANDIDATE::FIRST,NEW_SCN_TAILINGS_CANDIDATE,尾矿库、尾矿输送与回水渗滤液候选场景,FIRST,S13,S10;S04;S02,是否存在尾矿库、尾矿坝、排洪系统或回水池，是否与环评/安全评价一致？；尾矿渗滤液、回水和事故水如何收集、处理和监测？,现场核查发现【尾矿库、尾矿输送与回水渗滤液候选】存在风险：是否存在尾矿库、尾矿坝、排洪系统或回水池，是否与环评/安全评价一致？；尾矿渗滤液、回水和事故水如何收集、处理和监测？,请依据环评、批复、许可、台账和现场事实补齐证据链：尾矿库环评章节或安全评价文件；库区平面图和尾矿输送/回水工艺说明；回水、渗滤液处理和监测记录；尾矿库巡检、隐患整改和应急预案；外运处置合同和台账（如无库区）,S13;S10;S04;S02,尾矿库环评章节或安全评价文件；库区平面图和尾矿输送/回水工艺说明；回水、渗滤液处理和监测记录；尾矿库巡检、隐患整改和应急预案；外运处置合同和台账（如无库区）,尾矿坝和库区边界；排洪系统和回水池；渗滤液收集或处理设施；在线监测或巡检记录关键页；下游敏感方向和应急物资,"[""PASS"",""FAIL"",""NA"",""NEED_CONFIRM""]",NEED_CONFIRM,USE_ECOCHECK_SCORE13_DEDUCT_RULE_POLICY,EcoCheck existing score item / deduct-rule mapping must decide numeric deduct value,APPROVED_BASELINE,APPROVED_BASELINE_KNOWLEDGE,approved_baseline_export_ready,HUMAN_APPROVED_BASELINE,USER_ATTESTED_IN_CHAT_2026-05-30,v1.0-approved-baseline-knowledge
CHAIN::NEW_SCN_TAILINGS_CANDIDATE::MONTHLY,NEW_SCN_TAILINGS_CANDIDATE,尾矿库、尾矿输送与回水渗滤液候选场景,MONTHLY,S13,S10;S04;S02,是否存在尾矿库、尾矿坝、排洪系统或回水池，是否与环评/安全评价一致？；尾矿渗滤液、回水和事故水如何收集、处理和监测？,现场核查发现【尾矿库、尾矿输送与回水渗滤液候选】存在风险：是否存在尾矿库、尾矿坝、排洪系统或回水池，是否与环评/安全评价一致？；尾矿渗滤液、回水和事故水如何收集、处理和监测？,请依据环评、批复、许可、台账和现场事实补齐证据链：尾矿库环评章节或安全评价文件；库区平面图和尾矿输送/回水工艺说明；回水、渗滤液处理和监测记录；尾矿库巡检、隐患整改和应急预案；外运处置合同和台账（如无库区）,S13;S10;S04;S02,尾矿库环评章节或安全评价文件；库区平面图和尾矿输送/回水工艺说明；回水、渗滤液处理和监测记录；尾矿库巡检、隐患整改和应急预案；外运处置合同和台账（如无库区）,尾矿坝和库区边界；排洪系统和回水池；渗滤液收集或处理设施；在线监测或巡检记录关键页；下游敏感方向和应急物资,"[""PASS"",""FAIL"",""NA"",""NEED_CONFIRM""]",NEED_CONFIRM,USE_ECOCHECK_SCORE13_DEDUCT_RULE_POLICY,EcoCheck existing score item / deduct-rule mapping must decide numeric deduct value,APPROVED_BASELINE,APPROVED_BASELINE_KNOWLEDGE,approved_baseline_export_ready,HUMAN_APPROVED_BASELINE,USER_ATTESTED_IN_CHAT_2026-05-30,v1.0-approved-baseline-knowledge
CHAIN::NEW_SCN_WASTE_DISPOSAL_CANDIDATE::FIRST,NEW_SCN_WASTE_DISPOSAL_CANDIDATE,垃圾焚烧、填埋与渗滤液飞灰候选场景,FIRST,S10,S06;S07;S02;S13,企业是否实际从事垃圾焚烧、填埋或渗滤液处理，设施边界如何确定？；烟气净化、渗滤液处理、飞灰暂存和在线监测是否运行并留痕？,现场核查发现【垃圾焚烧、填埋与渗滤液飞灰候选】存在风险：企业是否实际从事垃圾焚烧、填埋或渗滤液处理，设施边界如何确定？；烟气净化、渗滤液处理、飞灰暂存和在线监测是否运行并留痕？,请依据环评、批复、许可、台账和现场事实补齐证据链：环评处置工艺和排污许可副本；烟气净化设施运行记录；渗滤液处理站运行和监测记录；飞灰危废去向、合同和转移联单；在线监测联网、运维和异常记录,S10;S06;S07;S02;S13,环评处置工艺和排污许可副本；烟气净化设施运行记录；渗滤液处理站运行和监测记录；飞灰危废去向、合同和转移联单；在线监测联网、运维和异常记录,焚烧炉或填埋作业区；烟气净化设施和排气筒；渗滤液处理站；飞灰暂存间和标签；在线监测站房和数据记录关键页,"[""PASS"",""FAIL"",""NA"",""NEED_CONFIRM""]",NEED_CONFIRM,USE_ECOCHECK_SCORE13_DEDUCT_RULE_POLICY,EcoCheck existing score item / deduct-rule mapping must decide numeric deduct value,APPROVED_BASELINE,APPROVED_BASELINE_KNOWLEDGE,approved_baseline_export_ready,HUMAN_APPROVED_BASELINE,USER_ATTESTED_IN_CHAT_2026-05-30,v1.0-approved-baseline-knowledge
CHAIN::NEW_SCN_WASTE_DISPOSAL_CANDIDATE::MONTHLY,NEW_SCN_WASTE_DISPOSAL_CANDIDATE,垃圾焚烧、填埋与渗滤液飞灰候选场景,MONTHLY,S10,S06;S07;S02;S13,企业是否实际从事垃圾焚烧、填埋或渗滤液处理，设施边界如何确定？；烟气净化、渗滤液处理、飞灰暂存和在线监测是否运行并留痕？,现场核查发现【垃圾焚烧、填埋与渗滤液飞灰候选】存在风险：企业是否实际从事垃圾焚烧、填埋或渗滤液处理，设施边界如何确定？；烟气净化、渗滤液处理、飞灰暂存和在线监测是否运行并留痕？,请依据环评、批复、许可、台账和现场事实补齐证据链：环评处置工艺和排污许可副本；烟气净化设施运行记录；渗滤液处理站运行和监测记录；飞灰危废去向、合同和转移联单；在线监测联网、运维和异常记录,S10;S06;S07;S02;S13,环评处置工艺和排污许可副本；烟气净化设施运行记录；渗滤液处理站运行和监测记录；飞灰危废去向、合同和转移联单；在线监测联网、运维和异常记录,焚烧炉或填埋作业区；烟气净化设施和排气筒；渗滤液处理站；飞灰暂存间和标签；在线监测站房和数据记录关键页,"[""PASS"",""FAIL"",""NA"",""NEED_CONFIRM""]",NEED_CONFIRM,USE_ECOCHECK_SCORE13_DEDUCT_RULE_POLICY,EcoCheck existing score item / deduct-rule mapping must decide numeric deduct value,APPROVED_BASELINE,APPROVED_BASELINE_KNOWLEDGE,approved_baseline_export_ready,HUMAN_APPROVED_BASELINE,USER_ATTESTED_IN_CHAT_2026-05-30,v1.0-approved-baseline-knowledge
