item_id,priority,industry,scenario,chapter,dimension,title,content,threshold_text,source_basis,photo_points,evidence_chain,answer_policy,source_process_id,trigger_keywords,not_applicable_when,eto_review_decision,eto_review_note,approval_status,approval_source,runtime_status,final_state,runtime_integration,approved_baseline_version,source_candidate_boundary,source_final_state,source_runtime_integration,knowledge_base_target_repository,source_hash
FIRST_S07_SPEC_HAZWASTE_FIVE_CODE_CONTAINER_QR,P1,危废产生企业,危废五即一码,S07,solid_waste_hazardous_waste,危废包装容器一物一码,核查危险废物包装容器是否落实五即一码中的一物一码管理，容器标签或二维码应与危废类别、代码、重量、产生批次和贮存位置一致。 ETO批复口径：接受“平台截图 + 容器码照片”作为证据，使用地方官方危废平台或合规第三方数字系统的均予认可。,每个危废包装容器一个数字识别码；不替代危废类别和标签内容核查,GB 18597-2023《危险废物贮存污染控制标准》；HJ 1276-2022《危险废物识别标志设置技术规范》；HJ 1259-2022《危险废物管理计划和管理台账制定技术导则》,危废包装容器二维码近照；危废标签全景；扫码页面或系统记录；同批次包装称重记录,危废标签；二维码/数字识别码；称重记录；入库记录；危废管理平台记录,"[""PASS"",""FAIL"",""NA"",""NEED_CONFIRM""]",,,,修改后通过,接受“平台截图 + 容器码照片”作为证据，使用地方官方危废平台或合规第三方数字系统的均予认可。,HUMAN_APPROVED_BASELINE,ETO_APPROVED_SPECIALIZED_INSPECTION_ITEMS_P1_2026-06-04,APPROVED_BASELINE,APPROVED_SPECIALIZED_INSPECTION_ITEMS_BASELINE,approved_baseline_export_ready,v1.0-approved-specialized-inspection-items,approved from specialized P1 candidate review; source candidate remains not runtime,NOT_FOR_RUNTIME_CANDIDATE_KB_ONLY,disabled,coco830/eco-semantic-knowledge-base,sha256:4ca4b6798c39584beb46517e2e829115790f2ce150b1f050f68342359b7d1dd9
FIRST_S07_SPEC_HAZWASTE_FIVE_CODE_WEIGHING,P1,危废产生企业,危废五即一码,S07,solid_waste_hazardous_waste,危废产生后即时称重,核查危险废物产生后是否及时包装、称重并形成批次重量记录，现场重量、标签重量和台账重量应可相互追溯。 ETO批复口径：小微企业无独立电子称重系统时，允许以“现场台秤/地磅照片 + 纸质手工台账”作为替代证据，首筛可判 NEED_CONFIRM 交 ETO 复核。,称重记录应与容器码、入库记录、台账数量一致,GB 18597-2023《危险废物贮存污染控制标准》；HJ 1276-2022《危险废物识别标志设置技术规范》；HJ 1259-2022《危险废物管理计划和管理台账制定技术导则》,危废称重设备；称重单；标签重量字段；台账重量字段,称重记录；容器码；入库单；危废管理台账,"[""PASS"",""FAIL"",""NA"",""NEED_CONFIRM""]",,,,修改后通过,小微企业无独立电子称重系统时，允许以“现场台秤/地磅照片 + 纸质手工台账”作为替代证据，首筛可判 NEED_CONFIRM 交 ETO 复核。,HUMAN_APPROVED_BASELINE,ETO_APPROVED_SPECIALIZED_INSPECTION_ITEMS_P1_2026-06-04,APPROVED_BASELINE,APPROVED_SPECIALIZED_INSPECTION_ITEMS_BASELINE,approved_baseline_export_ready,v1.0-approved-specialized-inspection-items,approved from specialized P1 candidate review; source candidate remains not runtime,NOT_FOR_RUNTIME_CANDIDATE_KB_ONLY,disabled,coco830/eco-semantic-knowledge-base,sha256:4ca4b6798c39584beb46517e2e829115790f2ce150b1f050f68342359b7d1dd9
FIRST_S07_SPEC_HAZWASTE_FIVE_CODE_INBOUND_SCAN,P1,危废产生企业,危废五即一码,S07,solid_waste_hazardous_waste,危废入库扫码与贮存位置绑定,核查危废入库时是否扫码登记，系统记录应能对应贮存分区、容器码、危废代码、入库时间和经办人员。 ETO批复口径：若企业所在地区暂未强制推行扫码入库或企业仅有纸质记录，可降级为普通危废台账核查项，不作五即一码专项强扣分点。,入库扫码记录应覆盖现场在库危废容器,GB 18597-2023《危险废物贮存污染控制标准》；HJ 1276-2022《危险废物识别标志设置技术规范》；HJ 1259-2022《危险废物管理计划和管理台账制定技术导则》,危废暂存间分区；扫码入库记录；容器码与分区标识同框照片,扫码入库记录；分区标识；危废标签；库存台账,"[""PASS"",""FAIL"",""NA"",""NEED_CONFIRM""]",,,,修改后通过,若企业所在地区暂未强制推行扫码入库或企业仅有纸质记录，可降级为普通危废台账核查项，不作五即一码专项强扣分点。,HUMAN_APPROVED_BASELINE,ETO_APPROVED_SPECIALIZED_INSPECTION_ITEMS_P1_2026-06-04,APPROVED_BASELINE,APPROVED_SPECIALIZED_INSPECTION_ITEMS_BASELINE,approved_baseline_export_ready,v1.0-approved-specialized-inspection-items,approved from specialized P1 candidate review; source candidate remains not runtime,NOT_FOR_RUNTIME_CANDIDATE_KB_ONLY,disabled,coco830/eco-semantic-knowledge-base,sha256:4ca4b6798c39584beb46517e2e829115790f2ce150b1f050f68342359b7d1dd9
FIRST_S07_SPEC_HAZWASTE_FIVE_CODE_STORAGE_SIGN,P1,危废产生企业,危废五即一码,S07,solid_waste_hazardous_waste,危废贮存设施和分区识别标志,核查危废贮存设施、贮存分区、包装容器和标签是否按规范设置识别标志，五即一码不得替代现场标志和分区管理。 ETO批复口径：必须判定为不合格（FAIL 或需整改）。二维码属于数字化辅助工具，不能替代 GB 18597 和 HJ 1276 规定的物理警示标志和标签。,贮存设施、分区、容器和包装物均需有对应识别标志,GB 18597-2023《危险废物贮存污染控制标准》；HJ 1276-2022《危险废物识别标志设置技术规范》；HJ 1259-2022《危险废物管理计划和管理台账制定技术导则》,贮存设施门牌；分区标志；危废标签；二维码；包装容器全景,贮存设施标志；分区标志；危险废物标签；现场分区台账,"[""PASS"",""FAIL"",""NA"",""NEED_CONFIRM""]",,,,修改后通过,必须判定为不合格（FAIL 或需整改）。二维码属于数字化辅助工具，不能替代 GB 18597 和 HJ 1276 规定的物理警示标志和标签。,HUMAN_APPROVED_BASELINE,ETO_APPROVED_SPECIALIZED_INSPECTION_ITEMS_P1_2026-06-04,APPROVED_BASELINE,APPROVED_SPECIALIZED_INSPECTION_ITEMS_BASELINE,approved_baseline_export_ready,v1.0-approved-specialized-inspection-items,approved from specialized P1 candidate review; source candidate remains not runtime,NOT_FOR_RUNTIME_CANDIDATE_KB_ONLY,disabled,coco830/eco-semantic-knowledge-base,sha256:4ca4b6798c39584beb46517e2e829115790f2ce150b1f050f68342359b7d1dd9
FIRST_S07_SPEC_HAZWASTE_FIVE_CODE_TRANSFER_LEDGER,P1,危废产生企业,危废五即一码,S07,solid_waste_hazardous_waste,危废出库转移联单与容器码闭环,核查危废出库、转移联单、处置合同和容器码是否闭环一致，不得出现已转移但库存仍在、现场在库但系统无记录等异常。 ETO批复口径：允许系统数据更新与实际转移之间存在合理时间差，发现差异时设为 NEED_CONFIRM，由 ETO 结合联单时间判断是否闭环。,出库数量、联单数量、台账库存和容器码应闭环一致,GB 18597-2023《危险废物贮存污染控制标准》；HJ 1276-2022《危险废物识别标志设置技术规范》；HJ 1259-2022《危险废物管理计划和管理台账制定技术导则》,转移联单；出库扫码记录；库存台账；处置合同或接收证明,电子联单；出库记录；处置合同；库存台账；容器码记录,"[""PASS"",""FAIL"",""NA"",""NEED_CONFIRM""]",,,,通过,允许系统数据更新与实际转移之间存在合理时间差，发现差异时设为 NEED_CONFIRM，由 ETO 结合联单时间判断是否闭环。,HUMAN_APPROVED_BASELINE,ETO_APPROVED_SPECIALIZED_INSPECTION_ITEMS_P1_2026-06-04,APPROVED_BASELINE,APPROVED_SPECIALIZED_INSPECTION_ITEMS_BASELINE,approved_baseline_export_ready,v1.0-approved-specialized-inspection-items,approved from specialized P1 candidate review; source candidate remains not runtime,NOT_FOR_RUNTIME_CANDIDATE_KB_ONLY,disabled,coco830/eco-semantic-knowledge-base,sha256:4ca4b6798c39584beb46517e2e829115790f2ce150b1f050f68342359b7d1dd9
FIRST_S07_SPEC_HAZWASTE_CLASSIFIED_STORAGE,P1,危废产生企业,危废暂存规范,S07,solid_waste_hazardous_waste,危废分类分区贮存,核查不同类别、形态和污染防治要求的危险废物是否分类分区贮存，避免相互混放、混装或与一般固废混存。 ETO批复口径：若现场实际已分开摆放但划线或标识不清，应判为整改建议（完善标识）而非直接 FAIL（混存违法）。,不得与一般固废、生活垃圾或不相容危废混存,《中华人民共和国固体废物污染环境防治法》；GB 18597-2023《危险废物贮存污染控制标准》；HJ 1259-2022《危险废物管理计划和管理台账制定技术导则》,危废间分区全景；各分区标签；一般固废点位；不同危废包装同框照片,危废清单；贮存分区图；现场照片；危废管理台账,"[""PASS"",""FAIL"",""NA"",""NEED_CONFIRM""]",,,,修改后通过,若现场实际已分开摆放但划线或标识不清，应判为整改建议（完善标识）而非直接 FAIL（混存违法）。,HUMAN_APPROVED_BASELINE,ETO_APPROVED_SPECIALIZED_INSPECTION_ITEMS_P1_2026-06-04,APPROVED_BASELINE,APPROVED_SPECIALIZED_INSPECTION_ITEMS_BASELINE,approved_baseline_export_ready,v1.0-approved-specialized-inspection-items,approved from specialized P1 candidate review; source candidate remains not runtime,NOT_FOR_RUNTIME_CANDIDATE_KB_ONLY,disabled,coco830/eco-semantic-knowledge-base,sha256:23b88a99af605d2ccaa77d7b9ccc682db166a84022c578766fc47b5fedff0fe5
FIRST_S07_SPEC_HAZWASTE_COMPATIBILITY_SEPARATION,P1,危废产生企业,危废暂存规范,S07,solid_waste_hazardous_waste,不相容危废隔离贮存,核查酸碱、氧化还原、含水含油、易燃和反应性危废是否按相容性要求采取隔离、分区或独立包装措施。 ETO批复口径：必须在系统中提示 ESO 查验 MSDS 或危废成分清单，严禁仅凭名称判断相容性，证据需包含材料成分佐证。,不相容危险废物不得无隔离混放,《中华人民共和国固体废物污染环境防治法》；GB 18597-2023《危险废物贮存污染控制标准》；HJ 1259-2022《危险废物管理计划和管理台账制定技术导则》,酸碱废液分区；易燃危废区域；隔离托盘；包装密闭状态,危废成分清单；MSDS；分区记录；现场照片,"[""PASS"",""FAIL"",""NA"",""NEED_CONFIRM""]",,,,修改后通过,必须在系统中提示 ESO 查验 MSDS 或危废成分清单，严禁仅凭名称判断相容性，证据需包含材料成分佐证。,HUMAN_APPROVED_BASELINE,ETO_APPROVED_SPECIALIZED_INSPECTION_ITEMS_P1_2026-06-04,APPROVED_BASELINE,APPROVED_SPECIALIZED_INSPECTION_ITEMS_BASELINE,approved_baseline_export_ready,v1.0-approved-specialized-inspection-items,approved from specialized P1 candidate review; source candidate remains not runtime,NOT_FOR_RUNTIME_CANDIDATE_KB_ONLY,disabled,coco830/eco-semantic-knowledge-base,sha256:23b88a99af605d2ccaa77d7b9ccc682db166a84022c578766fc47b5fedff0fe5
FIRST_S07_SPEC_HAZWASTE_LEAKAGE_COLLECTION,P1,危废产生企业,危废暂存规范,S07,solid_waste_hazardous_waste,危废暂存防渗和泄漏收集,核查危废贮存场所是否具备防渗、防雨、防流失、围堰或托盘等泄漏收集措施，地面和包装不得有明显渗漏痕迹。 ETO批复口径：需区分情况：轻微历史污渍且已清理可提示通过；存在未清理的近期泄漏液或正在渗漏则直接 FAIL。,现场不得存在未收集的渗漏液或破损包装,《中华人民共和国固体废物污染环境防治法》；GB 18597-2023《危险废物贮存污染控制标准》；HJ 1259-2022《危险废物管理计划和管理台账制定技术导则》,防渗地面；围堰或托盘；泄漏应急物资；破损包装或渗漏点,现场设施照片；巡检记录；应急物资清单；整改记录,"[""PASS"",""FAIL"",""NA"",""NEED_CONFIRM""]",,,,修改后通过,需区分情况：轻微历史污渍且已清理可提示通过；存在未清理的近期泄漏液或正在渗漏则直接 FAIL。,HUMAN_APPROVED_BASELINE,ETO_APPROVED_SPECIALIZED_INSPECTION_ITEMS_P1_2026-06-04,APPROVED_BASELINE,APPROVED_SPECIALIZED_INSPECTION_ITEMS_BASELINE,approved_baseline_export_ready,v1.0-approved-specialized-inspection-items,approved from specialized P1 candidate review; source candidate remains not runtime,NOT_FOR_RUNTIME_CANDIDATE_KB_ONLY,disabled,coco830/eco-semantic-knowledge-base,sha256:23b88a99af605d2ccaa77d7b9ccc682db166a84022c578766fc47b5fedff0fe5
FIRST_S13_SPEC_HAZWASTE_EMERGENCY_MATERIALS,P1,危废产生企业,危废环境应急,S13,environmental_emergency_hazardous_waste,危废泄漏应急物资和演练记录,核查危废暂存间是否配置吸附棉、围堵物、收集桶、防护用品等应急物资，并有泄漏处置流程、培训或演练记录。 ETO批复口径：普通小微企业允许以“现场应急物资 + 简易上墙处置卡/告知牌”作为最低可接受证据，不强求大型演练报告。,应急物资应可用且与危废风险相匹配,《中华人民共和国固体废物污染环境防治法》；GB 18597-2023《危险废物贮存污染控制标准》；HJ 1259-2022《危险废物管理计划和管理台账制定技术导则》,应急物资柜；吸附材料；收集桶；个人防护用品；演练记录,应急预案；物资清单；培训记录；演练记录；现场照片,"[""PASS"",""FAIL"",""NA"",""NEED_CONFIRM""]",,,,修改后通过,普通小微企业允许以“现场应急物资 + 简易上墙处置卡/告知牌”作为最低可接受证据，不强求大型演练报告。,HUMAN_APPROVED_BASELINE,ETO_APPROVED_SPECIALIZED_INSPECTION_ITEMS_P1_2026-06-04,APPROVED_BASELINE,APPROVED_SPECIALIZED_INSPECTION_ITEMS_BASELINE,approved_baseline_export_ready,v1.0-approved-specialized-inspection-items,approved from specialized P1 candidate review; source candidate remains not runtime,NOT_FOR_RUNTIME_CANDIDATE_KB_ONLY,disabled,coco830/eco-semantic-knowledge-base,sha256:23b88a99af605d2ccaa77d7b9ccc682db166a84022c578766fc47b5fedff0fe5
FIRST_S07_SPEC_MEDWASTE_TEMP_STORAGE_SIGNAGE,P1,医疗机构,医疗废物暂存,S07,solid_waste_medical_waste,医废暂存间警示标志和专用包装,核查医疗废物暂存间、周转箱、包装袋和警示标志是否规范，医疗废物不得混入生活垃圾或一般固废。 ETO批复口径：适用同一套最低拍照点，但后台审核时按规模区分要求：医院必须有独立暂存间，小型诊所允许使用专用医废暂存柜或暂存箱。,医疗废物应使用专用包装、容器和警示标志,《医疗废物管理条例》；HJ 421-2008《医疗废物专用包装袋、容器和警示标志标准》；医疗废物集中处置技术规范（试行）,医废暂存间门牌；警示标志；黄色包装袋；周转箱；生活垃圾点位,医废分类收集记录；包装容器照片；暂存间照片；交接登记,"[""PASS"",""FAIL"",""NA"",""NEED_CONFIRM""]",,,,修改后通过,适用同一套最低拍照点，但后台审核时按规模区分要求：医院必须有独立暂存间，小型诊所允许使用专用医废暂存柜或暂存箱。,HUMAN_APPROVED_BASELINE,ETO_APPROVED_SPECIALIZED_INSPECTION_ITEMS_P1_2026-06-04,APPROVED_BASELINE,APPROVED_SPECIALIZED_INSPECTION_ITEMS_BASELINE,approved_baseline_export_ready,v1.0-approved-specialized-inspection-items,approved from specialized P1 candidate review; source candidate remains not runtime,NOT_FOR_RUNTIME_CANDIDATE_KB_ONLY,disabled,coco830/eco-semantic-knowledge-base,sha256:eae88f4c37691b8443edf16d605f187c78687cfb0740dd902867a2c45e3af032
FIRST_S07_SPEC_MEDWASTE_48H_TRANSFER,P1,医疗机构,医疗废物暂存,S07,solid_waste_medical_waste,医疗废物48小时内转运核查,核查医疗废物收集、暂存和转运记录，重点确认暂存时间、交接登记和转运去向是否闭环。 ETO批复口径：边远地区、集中收运频次受限或具备合规低温冷藏暂存设施的特殊情况，直接进入 NEED_CONFIRM，由 ETO 判定合法性。,医疗废物原则上不超过48小时转运；特殊低温或集中处置规范另行核实,《医疗废物管理条例》；HJ 421-2008《医疗废物专用包装袋、容器和警示标志标准》；医疗废物集中处置技术规范（试行）,医废交接登记；暂存间库存；转运车辆或接收单；最近一次转运时间,医废交接登记；转运联单；处置合同；暂存间库存照片,"[""PASS"",""FAIL"",""NA"",""NEED_CONFIRM""]",,,,通过,边远地区、集中收运频次受限或具备合规低温冷藏暂存设施的特殊情况，直接进入 NEED_CONFIRM，由 ETO 判定合法性。,HUMAN_APPROVED_BASELINE,ETO_APPROVED_SPECIALIZED_INSPECTION_ITEMS_P1_2026-06-04,APPROVED_BASELINE,APPROVED_SPECIALIZED_INSPECTION_ITEMS_BASELINE,approved_baseline_export_ready,v1.0-approved-specialized-inspection-items,approved from specialized P1 candidate review; source candidate remains not runtime,NOT_FOR_RUNTIME_CANDIDATE_KB_ONLY,disabled,coco830/eco-semantic-knowledge-base,sha256:eae88f4c37691b8443edf16d605f187c78687cfb0740dd902867a2c45e3af032
FIRST_S07_SPEC_MEDWASTE_SHARPS_CONTAINER,P1,医疗机构,医疗废物分类收集,S07,solid_waste_medical_waste,损伤性医疗废物利器盒管理,核查针头、刀片、玻片等损伤性医疗废物是否进入利器盒，利器盒是否防刺穿、密闭并及时封口转运。 ETO批复口径：明确判定口径：未满但超48小时未封口、或满3/4未封口判 FAIL；无警示标志判 FAIL；摆放不规范判需整改。,损伤性医疗废物不得散放或混入普通包装袋,《医疗废物管理条例》；HJ 421-2008《医疗废物专用包装袋、容器和警示标志标准》；医疗废物集中处置技术规范（试行）,治疗室利器盒；封口状态；暂存间利器盒；科室交接记录,科室收集记录；利器盒照片；医废交接登记,"[""PASS"",""FAIL"",""NA"",""NEED_CONFIRM""]",,,,修改后通过,明确判定口径：未满但超48小时未封口、或满3/4未封口判 FAIL；无警示标志判 FAIL；摆放不规范判需整改。,HUMAN_APPROVED_BASELINE,ETO_APPROVED_SPECIALIZED_INSPECTION_ITEMS_P1_2026-06-04,APPROVED_BASELINE,APPROVED_SPECIALIZED_INSPECTION_ITEMS_BASELINE,approved_baseline_export_ready,v1.0-approved-specialized-inspection-items,approved from specialized P1 candidate review; source candidate remains not runtime,NOT_FOR_RUNTIME_CANDIDATE_KB_ONLY,disabled,coco830/eco-semantic-knowledge-base,sha256:eae88f4c37691b8443edf16d605f187c78687cfb0740dd902867a2c45e3af032
FIRST_S06_SPEC_HOSPITAL_RESIDUAL_CHLORINE_3_10,P1,医院,医疗废水消毒,S06,wastewater_treatment_medical_disinfection,医疗废水消毒接触池出口总余氯,核查医院采用含氯消毒剂消毒时，消毒接触池出口总余氯是否处于工艺控制范围，并留存检测记录。 ETO批复口径：必须增加系统提示：“当排污许可、环评批复或地方标准严于 3-10 mg/L 时，按从严标准执行”并作为第一依据。,3–10 mg/L,GB 18466-2005《医疗机构水污染物排放标准》,消毒接触池；加药装置；余氯检测仪或试纸；最近检测记录,余氯检测记录；污水站运行台账；加药记录；排口或接触池照片,"[""PASS"",""FAIL"",""NA"",""NEED_CONFIRM""]",,,,修改后通过,必须增加系统提示：“当排污许可、环评批复或地方标准严于 3-10 mg/L 时，按从严标准执行”并作为第一依据。,HUMAN_APPROVED_BASELINE,ETO_APPROVED_SPECIALIZED_INSPECTION_ITEMS_P1_2026-06-04,APPROVED_BASELINE,APPROVED_SPECIALIZED_INSPECTION_ITEMS_BASELINE,approved_baseline_export_ready,v1.0-approved-specialized-inspection-items,approved from specialized P1 candidate review; source candidate remains not runtime,NOT_FOR_RUNTIME_CANDIDATE_KB_ONLY,disabled,coco830/eco-semantic-knowledge-base,sha256:1defa7b10ae1ccd7448ef9a8c031e1cccd7005f954f56389dd0154d552c40bc5
FIRST_S06_SPEC_HOSPITAL_CONTACT_TIME_1H,P1,医院,医疗废水消毒,S06,wastewater_treatment_medical_disinfection,医疗废水消毒接触时间,核查含氯消毒工艺的接触池设计、液位和运行记录，确认接触时间满足医疗机构水污染物排放标准的工艺控制要求。 ETO批复口径：现场无法直接计算接触时间时，默认进入 NEED_CONFIRM，要求上传污水站设计图纸或环评文件供 ETO 核算。,接触时间 ≥1 h,GB 18466-2005《医疗机构水污染物排放标准》,接触池全景；水位标尺；工艺流程图；运行台账,污水站工艺图；运行台账；设计资料；现场照片,"[""PASS"",""FAIL"",""NA"",""NEED_CONFIRM""]",,,,通过,现场无法直接计算接触时间时，默认进入 NEED_CONFIRM，要求上传污水站设计图纸或环评文件供 ETO 核算。,HUMAN_APPROVED_BASELINE,ETO_APPROVED_SPECIALIZED_INSPECTION_ITEMS_P1_2026-06-04,APPROVED_BASELINE,APPROVED_SPECIALIZED_INSPECTION_ITEMS_BASELINE,approved_baseline_export_ready,v1.0-approved-specialized-inspection-items,approved from specialized P1 candidate review; source candidate remains not runtime,NOT_FOR_RUNTIME_CANDIDATE_KB_ONLY,disabled,coco830/eco-semantic-knowledge-base,sha256:1defa7b10ae1ccd7448ef9a8c031e1cccd7005f954f56389dd0154d552c40bc5
FIRST_S06_SPEC_HOSPITAL_DISINFECTION_DOSING_RECORD,P1,医院,医疗废水消毒,S06,wastewater_treatment_medical_disinfection,医疗废水消毒加药和检测记录闭环,核查消毒剂投加、余氯检测、污水站运行和异常处置记录是否闭环，避免仅有设备但无运行证据。 ETO批复口径：记录缺一天、不连续或加药量明显不匹配时，先判为 NEED_CONFIRM，由 ETO 判定是普通台账疏漏还是涉嫌停运设施的重大违法。,加药记录、余氯检测和运行台账日期应连续可追溯,GB 18466-2005《医疗机构水污染物排放标准》,消毒剂桶或储罐；加药泵；运行台账；异常处置记录,加药记录；余氯检测记录；污水站运行台账；异常处置记录,"[""PASS"",""FAIL"",""NA"",""NEED_CONFIRM""]",,,,修改后通过,记录缺一天、不连续或加药量明显不匹配时，先判为 NEED_CONFIRM，由 ETO 判定是普通台账疏漏还是涉嫌停运设施的重大违法。,HUMAN_APPROVED_BASELINE,ETO_APPROVED_SPECIALIZED_INSPECTION_ITEMS_P1_2026-06-04,APPROVED_BASELINE,APPROVED_SPECIALIZED_INSPECTION_ITEMS_BASELINE,approved_baseline_export_ready,v1.0-approved-specialized-inspection-items,approved from specialized P1 candidate review; source candidate remains not runtime,NOT_FOR_RUNTIME_CANDIDATE_KB_ONLY,disabled,coco830/eco-semantic-knowledge-base,sha256:1defa7b10ae1ccd7448ef9a8c031e1cccd7005f954f56389dd0154d552c40bc5
FIRST_S10_SPEC_PROCESS_SPRAYING_COATING,P1,工序/行业专项,喷涂/涂装/涂布,S10,vocs_emission,喷涂/涂装/涂布专项核查,核查企业是否存在【喷涂/涂装/涂布】相关工序、设施或风险单元。触发关键词：喷涂;喷漆;涂装;涂布;烘干;调漆;喷粉。不适用条件：无喷涂;不设喷漆;外协喷涂;仅外购成品涂装件。现场应核对：环评工艺流程；废气章节；原辅料MSDS；废气治理设施；危废台账。 ETO批复口径：若企业主张外协喷涂（NA），必须要求补拍外协处置合同及外协单位的环保手续作为 NA 的核心证据。,存在该工序/设施/风险单元即触发；明确不存在则NA；证据不足则NEED_CONFIRM,环评/批复/排污许可/台账/现场证据；源工序包：喷涂/涂装/涂布；ETO审核批复,喷涂/调漆工位；烘干室；集气罩；治理设施；废过滤棉/废活性炭暂存点,环评工艺流程；废气章节；原辅料MSDS；废气治理设施；危废台账,"[""PASS"",""FAIL"",""NA"",""NEED_CONFIRM""]",spraying_coating,喷涂;喷漆;涂装;涂布;烘干;调漆;喷粉,无喷涂;不设喷漆;外协喷涂;仅外购成品涂装件,修改后通过,若企业主张外协喷涂（NA），必须要求补拍外协处置合同及外协单位的环保手续作为 NA 的核心证据。,HUMAN_APPROVED_BASELINE,ETO_APPROVED_SPECIALIZED_INSPECTION_ITEMS_P1_2026-06-04,APPROVED_BASELINE,APPROVED_SPECIALIZED_INSPECTION_ITEMS_BASELINE,approved_baseline_export_ready,v1.0-approved-specialized-inspection-items,approved from process trigger dictionary v1.1 and ETO batch review; source candidate remains not runtime,NOT_FOR_RUNTIME_CANDIDATE_KB_ONLY,disabled,coco830/eco-semantic-knowledge-base,sha256:f51322ab5b3a69c6b9ebfa351fa4041fe7d2d5afbc2266c6ac11a8f65827cc77
FIRST_S06_SPEC_PROCESS_ELECTROPLATING_ACID_PICKLING,P1,工序/行业专项,电镀/酸洗/磷化/表面处理,S06,wastewater_discharge_route,电镀/酸洗/磷化/表面处理专项核查,核查企业是否存在【电镀/酸洗/磷化/表面处理】相关工序、设施或风险单元。触发关键词：电镀;酸洗;磷化;氧化;钝化;表面处理;槽液。不适用条件：无电镀;不设酸洗;表面处理外协;无槽体。现场应核对：环评表面处理章节；槽体设备清单；废水处理工艺；危化品台账；危废代码。 ETO批复口径：酸洗、磷化、钝化等轻量表面处理涉重金属及酸雾排放，环保风险相似，统一纳入本专项包合理。,存在该工序/设施/风险单元即触发；明确不存在则NA；证据不足则NEED_CONFIRM,环评/批复/排污许可/台账/现场证据；源工序包：电镀/酸洗/磷化/表面处理；ETO审核批复,电镀/酸洗槽；药剂库；废水收集沟；污水站；危废暂存间,环评表面处理章节；槽体设备清单；废水处理工艺；危化品台账；危废代码,"[""PASS"",""FAIL"",""NA"",""NEED_CONFIRM""]",electroplating_acid_pickling,电镀;酸洗;磷化;氧化;钝化;表面处理;槽液,无电镀;不设酸洗;表面处理外协;无槽体,通过,酸洗、磷化、钝化等轻量表面处理涉重金属及酸雾排放，环保风险相似，统一纳入本专项包合理。,HUMAN_APPROVED_BASELINE,ETO_APPROVED_SPECIALIZED_INSPECTION_ITEMS_P1_2026-06-04,APPROVED_BASELINE,APPROVED_SPECIALIZED_INSPECTION_ITEMS_BASELINE,approved_baseline_export_ready,v1.0-approved-specialized-inspection-items,approved from process trigger dictionary v1.1 and ETO batch review; source candidate remains not runtime,NOT_FOR_RUNTIME_CANDIDATE_KB_ONLY,disabled,coco830/eco-semantic-knowledge-base,sha256:bfd9146b29436f1ec963a5e75382ee465ec4ab65c8ddd9ff101f9fec5b20abe7
FIRST_S06_SPEC_PROCESS_FERMENTATION_DISTILLATION,P1,工序/行业专项,发酵/蒸馏/酒类酿造,S06,wastewater_generation,发酵/蒸馏/酒类酿造专项核查,核查企业是否存在【发酵/蒸馏/酒类酿造】相关工序、设施或风险单元。触发关键词：发酵;糖化;蒸馏;酿造;酒糟;发酵罐。不适用条件：仅勾兑;仅分装;无发酵;外购基酒。现场应核对：环评生产工艺；发酵/蒸馏设备清单；废水章节；固废/酒糟去向；产能证明。 ETO批复口径：酒糟作为一般固废或副产品外售综合利用时，现场最低证据需包含外售合同或资源化利用接收证明。,存在该工序/设施/风险单元即触发；明确不存在则NA；证据不足则NEED_CONFIRM,环评/批复/排污许可/台账/现场证据；源工序包：发酵/蒸馏/酒类酿造；ETO审核批复,发酵罐；蒸馏设备；清洗点；污水站；酒糟/一般固废暂存点,环评生产工艺；发酵/蒸馏设备清单；废水章节；固废/酒糟去向；产能证明,"[""PASS"",""FAIL"",""NA"",""NEED_CONFIRM""]",fermentation_distillation,发酵;糖化;蒸馏;酿造;酒糟;发酵罐,仅勾兑;仅分装;无发酵;外购基酒,修改后通过,酒糟作为一般固废或副产品外售综合利用时，现场最低证据需包含外售合同或资源化利用接收证明。,HUMAN_APPROVED_BASELINE,ETO_APPROVED_SPECIALIZED_INSPECTION_ITEMS_P1_2026-06-04,APPROVED_BASELINE,APPROVED_SPECIALIZED_INSPECTION_ITEMS_BASELINE,approved_baseline_export_ready,v1.0-approved-specialized-inspection-items,approved from process trigger dictionary v1.1 and ETO batch review; source candidate remains not runtime,NOT_FOR_RUNTIME_CANDIDATE_KB_ONLY,disabled,coco830/eco-semantic-knowledge-base,sha256:6412f82b3f0c4e8512184f8a52ad14964203f09c06d8a7985e5ea5611e3e6620
FIRST_S10_SPEC_PROCESS_PRINTING_GLUING,P1,工序/行业专项,印刷/粘合/覆膜,S10,vocs_emission,印刷/粘合/覆膜专项核查,核查企业是否存在【印刷/粘合/覆膜】相关工序、设施或风险单元。触发关键词：印刷;油墨;胶黏剂;粘合;覆膜;上光;洗版。不适用条件：无印刷;不使用油墨;外协印刷;仅裁切。现场应核对：环评印刷工艺；油墨/MSDS；废气治理；洗版/清洗废水说明；危废台账。 ETO批复口径：水性油墨或低 VOCs 原辅料仍需触发检查。虽然可能豁免末端废气治理设施，但仍需核实无组织管控要求及废包装桶危废台账。,存在该工序/设施/风险单元即触发；明确不存在则NA；证据不足则NEED_CONFIRM,环评/批复/排污许可/台账/现场证据；源工序包：印刷/粘合/覆膜；ETO审核批复,印刷机；油墨/胶黏剂标签；集气罩；废气治理设施；洗版/清洗点,环评印刷工艺；油墨/MSDS；废气治理；洗版/清洗废水说明；危废台账,"[""PASS"",""FAIL"",""NA"",""NEED_CONFIRM""]",printing_gluing,印刷;油墨;胶黏剂;粘合;覆膜;上光;洗版,无印刷;不使用油墨;外协印刷;仅裁切,修改后通过,水性油墨或低 VOCs 原辅料仍需触发检查。虽然可能豁免末端废气治理设施，但仍需核实无组织管控要求及废包装桶危废台账。,HUMAN_APPROVED_BASELINE,ETO_APPROVED_SPECIALIZED_INSPECTION_ITEMS_P1_2026-06-04,APPROVED_BASELINE,APPROVED_SPECIALIZED_INSPECTION_ITEMS_BASELINE,approved_baseline_export_ready,v1.0-approved-specialized-inspection-items,approved from process trigger dictionary v1.1 and ETO batch review; source candidate remains not runtime,NOT_FOR_RUNTIME_CANDIDATE_KB_ONLY,disabled,coco830/eco-semantic-knowledge-base,sha256:f0fa8bb000612f960c51486ed5e55039404ec8e9267de681815fcb1c1706616e
FIRST_S10_SPEC_PROCESS_BOILER_COMBUSTION,P1,工序/行业专项,锅炉/燃烧供热,S10,boiler_combustion,锅炉/燃烧供热专项核查,核查企业是否存在【锅炉/燃烧供热】相关工序、设施或风险单元。触发关键词：锅炉;蒸汽;燃气锅炉;燃煤锅炉;生物质锅炉;额定蒸发量。不适用条件：无锅炉;电加热;外供蒸汽;仅办公热水。现场应核对：锅炉登记证；铭牌；燃料类型；额定蒸发量；废气排口；监测报告。 ETO批复口径：小型蒸汽发生器按同口径触发，但证据要求中可豁免特种设备锅炉登记证，将检查重点放在燃料类型及废气排口核查。,存在该工序/设施/风险单元即触发；明确不存在则NA；证据不足则NEED_CONFIRM,环评/批复/排污许可/台账/现场证据；源工序包：锅炉/燃烧供热；ETO审核批复,锅炉铭牌；燃料供应点；排气筒；废气治理设施；运行记录,锅炉登记证；铭牌；燃料类型；额定蒸发量；废气排口；监测报告,"[""PASS"",""FAIL"",""NA"",""NEED_CONFIRM""]",boiler_combustion,锅炉;蒸汽;燃气锅炉;燃煤锅炉;生物质锅炉;额定蒸发量,无锅炉;电加热;外供蒸汽;仅办公热水,修改后通过,小型蒸汽发生器按同口径触发，但证据要求中可豁免特种设备锅炉登记证，将检查重点放在燃料类型及废气排口核查。,HUMAN_APPROVED_BASELINE,ETO_APPROVED_SPECIALIZED_INSPECTION_ITEMS_P1_2026-06-04,APPROVED_BASELINE,APPROVED_SPECIALIZED_INSPECTION_ITEMS_BASELINE,approved_baseline_export_ready,v1.0-approved-specialized-inspection-items,approved from process trigger dictionary v1.1 and ETO batch review; source candidate remains not runtime,NOT_FOR_RUNTIME_CANDIDATE_KB_ONLY,disabled,coco830/eco-semantic-knowledge-base,sha256:7bc48bcb1859c037e3a98add4c869705c28aff4a3d2ba9cf86f0bf170b21faa2
FIRST_S06_SPEC_PROCESS_WASTEWATER_TREATMENT_STATION,P1,工序/行业专项,污水处理站/废水预处理,S06,wastewater_station,污水处理站/废水预处理专项核查,核查企业是否存在【污水处理站/废水预处理】相关工序、设施或风险单元。触发关键词：污水处理站;废水处理;预处理;生化;沉淀;气浮;总排口。不适用条件：无生产废水;生活污水接管;不设污水站。现场应核对：污水站工艺流程；排水去向；运行台账；污泥去向；排口信息。 ETO批复口径：隔油池、沉淀池等简易预处理设施同样属于水污染防治设施，必须触发并核查清掏记录与排污去向。,存在该工序/设施/风险单元即触发；明确不存在则NA；证据不足则NEED_CONFIRM,环评/批复/排污许可/台账/现场证据；源工序包：污水处理站/废水预处理；ETO审核批复,污水站全景；关键处理单元；总排口；在线监测设备；污泥暂存点,污水站工艺流程；排水去向；运行台账；污泥去向；排口信息,"[""PASS"",""FAIL"",""NA"",""NEED_CONFIRM""]",wastewater_treatment_station,污水处理站;废水处理;预处理;生化;沉淀;气浮;总排口,无生产废水;生活污水接管;不设污水站,通过,隔油池、沉淀池等简易预处理设施同样属于水污染防治设施，必须触发并核查清掏记录与排污去向。,HUMAN_APPROVED_BASELINE,ETO_APPROVED_SPECIALIZED_INSPECTION_ITEMS_P1_2026-06-04,APPROVED_BASELINE,APPROVED_SPECIALIZED_INSPECTION_ITEMS_BASELINE,approved_baseline_export_ready,v1.0-approved-specialized-inspection-items,approved from process trigger dictionary v1.1 and ETO batch review; source candidate remains not runtime,NOT_FOR_RUNTIME_CANDIDATE_KB_ONLY,disabled,coco830/eco-semantic-knowledge-base,sha256:6451cfba1aa0d2e704db670148135d34e2614a9913c5596ae21db49cc3bb8b8d
FIRST_S06_SPEC_PROCESS_MEDICAL_WASTEWATER_WASTE_RADIATION,P1,工序/行业专项,医疗废水/医废/放射诊疗,S06,medical_waste,医疗废水/医废/放射诊疗专项核查,核查企业是否存在【医疗废水/医废/放射诊疗】相关工序、设施或风险单元。触发关键词：医疗废水;医废;检验科;病理科;放射诊疗;核医学;床位。不适用条件：无床位;无诊疗;无放射设备;仅咨询。现场应核对：医疗机构执业许可证；床位证明；医废合同；放射诊疗许可证；污水站台账。 ETO批复口径：门诊部、诊所和医院共用本触发包，但允许无床位、无放射设备的诊所在特定细分检查项上填报 NA 并附现场照片作证。,存在该工序/设施/风险单元即触发；明确不存在则NA；证据不足则NEED_CONFIRM,环评/批复/排污许可/台账/现场证据；源工序包：医疗废水/医废/放射诊疗；ETO审核批复,医废暂存间；污水消毒设施；放射设备警示标识；医废交接记录；床位证明,医疗机构执业许可证；床位证明；医废合同；放射诊疗许可证；污水站台账,"[""PASS"",""FAIL"",""NA"",""NEED_CONFIRM""]",medical_wastewater_waste_radiation,医疗废水;医废;检验科;病理科;放射诊疗;核医学;床位,无床位;无诊疗;无放射设备;仅咨询,修改后通过,门诊部、诊所和医院共用本触发包，但允许无床位、无放射设备的诊所在特定细分检查项上填报 NA 并附现场照片作证。,HUMAN_APPROVED_BASELINE,ETO_APPROVED_SPECIALIZED_INSPECTION_ITEMS_P1_2026-06-04,APPROVED_BASELINE,APPROVED_SPECIALIZED_INSPECTION_ITEMS_BASELINE,approved_baseline_export_ready,v1.0-approved-specialized-inspection-items,approved from process trigger dictionary v1.1 and ETO batch review; source candidate remains not runtime,NOT_FOR_RUNTIME_CANDIDATE_KB_ONLY,disabled,coco830/eco-semantic-knowledge-base,sha256:1ea4e4b53c93024d338e0a547382425bb55978f8374f4f4db80666f6f695dfbd
FIRST_S07_SPEC_PROCESS_LABORATORY_WASTE_LIQUID,P1,工序/行业专项,实验室废液/检测试剂,S07,hazardous_waste,实验室废液/检测试剂专项核查,核查企业是否存在【实验室废液/检测试剂】相关工序、设施或风险单元。触发关键词：实验室;化验室;检测试剂;废液;样品前处理;实验废物。不适用条件：无实验室;委外检测;不产生实验废液。现场应核对：实验室平面图；试剂清单；废液收集桶；危废台账；应急物资。 ETO批复口径：若仅开展简单物理质检无废液产生，必须要求拍摄物理质检操作台全景（证明无化学试剂和清洗水）作为 NA 证据。,存在该工序/设施/风险单元即触发；明确不存在则NA；证据不足则NEED_CONFIRM,环评/批复/排污许可/台账/现场证据；源工序包：实验室废液/检测试剂；ETO审核批复,实验室操作台；试剂柜；废液桶标签；危废暂存间；应急吸附物资,实验室平面图；试剂清单；废液收集桶；危废台账；应急物资,"[""PASS"",""FAIL"",""NA"",""NEED_CONFIRM""]",laboratory_waste_liquid,实验室;化验室;检测试剂;废液;样品前处理;实验废物,无实验室;委外检测;不产生实验废液,修改后通过,若仅开展简单物理质检无废液产生，必须要求拍摄物理质检操作台全景（证明无化学试剂和清洗水）作为 NA 证据。,HUMAN_APPROVED_BASELINE,ETO_APPROVED_SPECIALIZED_INSPECTION_ITEMS_P1_2026-06-04,APPROVED_BASELINE,APPROVED_SPECIALIZED_INSPECTION_ITEMS_BASELINE,approved_baseline_export_ready,v1.0-approved-specialized-inspection-items,approved from process trigger dictionary v1.1 and ETO batch review; source candidate remains not runtime,NOT_FOR_RUNTIME_CANDIDATE_KB_ONLY,disabled,coco830/eco-semantic-knowledge-base,sha256:02f735edf0cb224ba3c70c90c6fda97230633de631498bf7e1fd1ce00adac22b
FIRST_S06_SPEC_PROCESS_TAILINGS_STORAGE,P1,工序/行业专项,尾矿库/尾矿输送与回水,S06,rainwater_accident_risk,尾矿库/尾矿输送与回水专项核查,核查企业是否存在【尾矿库/尾矿输送与回水】相关工序、设施或风险单元。触发关键词：尾矿库;尾矿坝;尾矿输送;回水池;排洪;渗滤液。不适用条件：无尾矿库;尾矿外运;不设尾矿贮存。现场应核对：尾矿库环评章节；安全评价；库区平面图；回水/渗滤液处理；应急预案。 ETO批复口径：尾矿虽外运但只要厂区保留有临时尾矿堆场或转运库，依然存在渗滤液和扬尘风险，必须触发本专项包。,存在该工序/设施/风险单元即触发；明确不存在则NA；证据不足则NEED_CONFIRM,环评/批复/排污许可/台账/现场证据；源工序包：尾矿库/尾矿输送与回水；ETO审核批复,尾矿坝；排洪系统；回水池；渗滤液收集点；在线/巡检记录,尾矿库环评章节；安全评价；库区平面图；回水/渗滤液处理；应急预案,"[""PASS"",""FAIL"",""NA"",""NEED_CONFIRM""]",tailings_storage,尾矿库;尾矿坝;尾矿输送;回水池;排洪;渗滤液,无尾矿库;尾矿外运;不设尾矿贮存,通过,尾矿虽外运但只要厂区保留有临时尾矿堆场或转运库，依然存在渗滤液和扬尘风险，必须触发本专项包。,HUMAN_APPROVED_BASELINE,ETO_APPROVED_SPECIALIZED_INSPECTION_ITEMS_P1_2026-06-04,APPROVED_BASELINE,APPROVED_SPECIALIZED_INSPECTION_ITEMS_BASELINE,approved_baseline_export_ready,v1.0-approved-specialized-inspection-items,approved from process trigger dictionary v1.1 and ETO batch review; source candidate remains not runtime,NOT_FOR_RUNTIME_CANDIDATE_KB_ONLY,disabled,coco830/eco-semantic-knowledge-base,sha256:8966f3afb2381c7554b85febef0bca4432431926fc167aeab0cbb92abd0d8ad9
FIRST_S10_SPEC_PROCESS_WASTE_INCINERATION_LANDFILL,P1,工序/行业专项,垃圾焚烧/填埋,S10,dust_particulate,垃圾焚烧/填埋专项核查,核查企业是否存在【垃圾焚烧/填埋】相关工序、设施或风险单元。触发关键词：垃圾焚烧;填埋;渗滤液;烟气净化;飞灰;炉渣。不适用条件：无焚烧;无填埋;仅转运。现场应核对：环评处置工艺；烟气净化；渗滤液处理；飞灰危废去向；在线监测。 ETO批复口径：生活垃圾焚烧飞灰属明确危险废物（HW18），其暂存和转移必须强制并入危废五即一码及转移闭环体系进行核查。,存在该工序/设施/风险单元即触发；明确不存在则NA；证据不足则NEED_CONFIRM,环评/批复/排污许可/台账/现场证据；源工序包：垃圾焚烧/填埋；ETO审核批复,焚烧炉/填埋作业区；烟气净化设施；渗滤液站；飞灰暂存；在线监测站房,环评处置工艺；烟气净化；渗滤液处理；飞灰危废去向；在线监测,"[""PASS"",""FAIL"",""NA"",""NEED_CONFIRM""]",waste_incineration_landfill,垃圾焚烧;填埋;渗滤液;烟气净化;飞灰;炉渣,无焚烧;无填埋;仅转运,修改后通过,生活垃圾焚烧飞灰属明确危险废物（HW18），其暂存和转移必须强制并入危废五即一码及转移闭环体系进行核查。,HUMAN_APPROVED_BASELINE,ETO_APPROVED_SPECIALIZED_INSPECTION_ITEMS_P1_2026-06-04,APPROVED_BASELINE,APPROVED_SPECIALIZED_INSPECTION_ITEMS_BASELINE,approved_baseline_export_ready,v1.0-approved-specialized-inspection-items,approved from process trigger dictionary v1.1 and ETO batch review; source candidate remains not runtime,NOT_FOR_RUNTIME_CANDIDATE_KB_ONLY,disabled,coco830/eco-semantic-knowledge-base,sha256:27179812747a0f559933700dbca826e33ad24c9452101ac843212c0d2d346d2f
FIRST_S10_SPEC_PROCESS_INDUSTRIAL_NOISE_SOURCE,P1,工序/行业专项,工业噪声源/厂界噪声,S10,noise_source,工业噪声源/厂界噪声专项核查,核查企业是否存在【工业噪声源/厂界噪声】相关工序、设施或风险单元。触发关键词：噪声源;厂界噪声;空压机;风机;泵;破碎;粉磨;冲压;切割;冷却塔;隔声;减振;消声。不适用条件：无噪声源;仅办公;无生产设备;设备停用;无夜间生产。现场应核对：环评噪声章节；工业噪声许可要求；设备清单；厂界噪声监测报告；隔声减振维护记录。 ETO批复口径：高噪声设备停用但未拆除时，不能直接 NA，必须提供现场断电断水照片或企业正式停用封存证明记录方可认可。,存在该工序/设施/风险单元即触发；明确不存在则NA；证据不足则NEED_CONFIRM,环评/批复/排污许可/台账/现场证据；源工序包：工业噪声源/厂界噪声；ETO审核批复,高噪声设备及铭牌；隔声减振措施；厂界监测点；周边敏感点方向；监测报告关键页,环评噪声章节；工业噪声许可要求；设备清单；厂界噪声监测报告；隔声减振维护记录,"[""PASS"",""FAIL"",""NA"",""NEED_CONFIRM""]",industrial_noise_source,噪声源;厂界噪声;空压机;风机;泵;破碎;粉磨;冲压;切割;冷却塔;隔声;减振;消声,无噪声源;仅办公;无生产设备;设备停用;无夜间生产,修改后通过,高噪声设备停用但未拆除时，不能直接 NA，必须提供现场断电断水照片或企业正式停用封存证明记录方可认可。,HUMAN_APPROVED_BASELINE,ETO_APPROVED_SPECIALIZED_INSPECTION_ITEMS_P1_2026-06-04,APPROVED_BASELINE,APPROVED_SPECIALIZED_INSPECTION_ITEMS_BASELINE,approved_baseline_export_ready,v1.0-approved-specialized-inspection-items,approved from process trigger dictionary v1.1 and ETO batch review; source candidate remains not runtime,NOT_FOR_RUNTIME_CANDIDATE_KB_ONLY,disabled,coco830/eco-semantic-knowledge-base,sha256:6fc41cbd09b2d29a33120fb6c4d47dc949ec12e3565623cb9d9ce157826c1606
FIRST_S10_SPEC_PROCESS_BOUNDARY_NOISE_MONITORING,P1,工序/行业专项,厂界噪声监测/执行标准,S10,noise_source,厂界噪声监测/执行标准专项核查,核查企业是否存在【厂界噪声监测/执行标准】相关工序、设施或风险单元。触发关键词：厂界噪声;自行监测;监测点位;昼间;夜间;GB 12348;功能区;监测频次。不适用条件：无监测要求;无需厂界监测;仅现场初筛;社会生活噪声。现场应核对：自行监测方案；厂界噪声监测报告；监测点位图；执行标准说明；超标整改记录。 ETO批复口径：执行声环境标准类别不明时，必须选 NEED_CONFIRM，由 ETO 查阅排污许可证或环评批复明确是属于 2类、3类还是 4类区。,存在该工序/设施/风险单元即触发；明确不存在则NA；证据不足则NEED_CONFIRM,环评/批复/排污许可/台账/现场证据；源工序包：厂界噪声监测/执行标准；ETO审核批复,厂界监测点位；监测点位示意图；监测报告关键页；厂界四至,自行监测方案；厂界噪声监测报告；监测点位图；执行标准说明；超标整改记录,"[""PASS"",""FAIL"",""NA"",""NEED_CONFIRM""]",boundary_noise_monitoring,厂界噪声;自行监测;监测点位;昼间;夜间;GB 12348;功能区;监测频次,无监测要求;无需厂界监测;仅现场初筛;社会生活噪声,通过,执行声环境标准类别不明时，必须选 NEED_CONFIRM，由 ETO 查阅排污许可证或环评批复明确是属于 2类、3类还是 4类区。,HUMAN_APPROVED_BASELINE,ETO_APPROVED_SPECIALIZED_INSPECTION_ITEMS_P1_2026-06-04,APPROVED_BASELINE,APPROVED_SPECIALIZED_INSPECTION_ITEMS_BASELINE,approved_baseline_export_ready,v1.0-approved-specialized-inspection-items,approved from process trigger dictionary v1.1 and ETO batch review; source candidate remains not runtime,NOT_FOR_RUNTIME_CANDIDATE_KB_ONLY,disabled,coco830/eco-semantic-knowledge-base,sha256:976966c903749f5d204a66bfcd4ccece0bfb6ad6187ad43067dea28a372d568d
FIRST_S10_SPEC_PROCESS_NIGHT_OPERATION_SENSITIVE_RECEPTOR,P1,工序/行业专项,夜间生产/敏感点噪声风险,S10,noise_source,夜间生产/敏感点噪声风险专项核查,核查企业是否存在【夜间生产/敏感点噪声风险】相关工序、设施或风险单元。触发关键词：夜间生产;连续生产;居民区;学校;医院;养老机构;投诉;扰民;夜间监测;超标整改。不适用条件：无夜间生产;远离敏感点;无投诉;昼间单班。现场应核对：生产班次记录；敏感点位置图；投诉/整改记录；夜间监测报告；限时运行证明。 ETO批复口径：夜间连续生产企业即使无周边投诉也必须默认触发，夜间噪声达标及夜间巡测是法定义务。,存在该工序/设施/风险单元即触发；明确不存在则NA；证据不足则NEED_CONFIRM,环评/批复/排污许可/台账/现场证据；源工序包：夜间生产/敏感点噪声风险；ETO审核批复,厂界到敏感点方向；夜间运行设备；隔声屏障；投诉整改记录关键页,生产班次记录；敏感点位置图；投诉/整改记录；夜间监测报告；限时运行证明,"[""PASS"",""FAIL"",""NA"",""NEED_CONFIRM""]",night_operation_sensitive_receptor,夜间生产;连续生产;居民区;学校;医院;养老机构;投诉;扰民;夜间监测;超标整改,无夜间生产;远离敏感点;无投诉;昼间单班,通过,夜间连续生产企业即使无周边投诉也必须默认触发，夜间噪声达标及夜间巡测是法定义务。,HUMAN_APPROVED_BASELINE,ETO_APPROVED_SPECIALIZED_INSPECTION_ITEMS_P1_2026-06-04,APPROVED_BASELINE,APPROVED_SPECIALIZED_INSPECTION_ITEMS_BASELINE,approved_baseline_export_ready,v1.0-approved-specialized-inspection-items,approved from process trigger dictionary v1.1 and ETO batch review; source candidate remains not runtime,NOT_FOR_RUNTIME_CANDIDATE_KB_ONLY,disabled,coco830/eco-semantic-knowledge-base,sha256:fdd920e1e525b3605d27cc9ab645d9389607f2a01d8ed4c54217e860a4ea09bf
FIRST_S10_SPEC_PROCESS_SOCIAL_LIFE_NOISE_SOURCE,P1,工序/行业专项,社会生活噪声源,S10,noise_source,社会生活噪声源专项核查,核查企业是否存在【社会生活噪声源】相关工序、设施或风险单元。触发关键词：扩声;音响;空调外机;冷却塔;装卸;夜间经营;投诉;社会生活噪声。不适用条件：无扩声;无外机;无夜间经营;设备拆除;非经营场所。现场应核对：经营设备清单；噪声投诉或整改记录；监测记录；降噪措施证明。 ETO批复口径：餐饮油烟净化器风机、商用冷却塔、大型空调外机等社会生活噪声源统一归入此包核查。,存在该工序/设施/风险单元即触发；明确不存在则NA；证据不足则NEED_CONFIRM,环评/批复/排污许可/台账/现场证据；源工序包：社会生活噪声源；ETO审核批复,扩声设备/外机/冷却塔；降噪设施；场界与敏感点方向；投诉整改台账,经营设备清单；噪声投诉或整改记录；监测记录；降噪措施证明,"[""PASS"",""FAIL"",""NA"",""NEED_CONFIRM""]",social_life_noise_source,扩声;音响;空调外机;冷却塔;装卸;夜间经营;投诉;社会生活噪声,无扩声;无外机;无夜间经营;设备拆除;非经营场所,通过,餐饮油烟净化器风机、商用冷却塔、大型空调外机等社会生活噪声源统一归入此包核查。,HUMAN_APPROVED_BASELINE,ETO_APPROVED_SPECIALIZED_INSPECTION_ITEMS_P1_2026-06-04,APPROVED_BASELINE,APPROVED_SPECIALIZED_INSPECTION_ITEMS_BASELINE,approved_baseline_export_ready,v1.0-approved-specialized-inspection-items,approved from process trigger dictionary v1.1 and ETO batch review; source candidate remains not runtime,NOT_FOR_RUNTIME_CANDIDATE_KB_ONLY,disabled,coco830/eco-semantic-knowledge-base,sha256:d1e55d7babac9feb0a067c1558355c2b02124d628e48ddffa4b835e6cfc51fca
FIRST_S12_SPEC_PROCESS_RADIATION_DEVICE_SOURCE,P1,工序/行业专项,射线装置/核技术利用,S12,radiation,射线装置/核技术利用专项核查,核查企业是否存在【射线装置/核技术利用】相关工序、设施或风险单元。触发关键词：射线装置;DR;CT;牙片机;工业探伤;辐照装置;核技术利用单位;核技术应用项目;辐射安全许可证;放射诊疗许可证。不适用条件：无射线装置;无放射源;全部外协;设备已拆除;许可注销。现场应核对：辐射安全许可证；射线装置台账；防护检测报告；人员培训和个人剂量记录。 ETO批复口径：医疗放射诊疗和工业探伤的管理框架一致，可暂不分包，但在具体表单内需根据应用类型设置受照人员防护或探伤边界的条件判断分支。,存在该工序/设施/风险单元即触发；明确不存在则NA；证据不足则NEED_CONFIRM,环评/批复/排污许可/台账/现场证据；源工序包：射线装置/核技术利用；ETO审核批复,机房入口警示标识；设备铭牌；防护门/联锁/警示灯；个人剂量计或检测报告关键页,辐射安全许可证；射线装置台账；防护检测报告；人员培训和个人剂量记录,"[""PASS"",""FAIL"",""NA"",""NEED_CONFIRM""]",radiation_device_source,射线装置;DR;CT;牙片机;工业探伤;辐照装置;核技术利用单位;核技术应用项目;辐射安全许可证;放射诊疗许可证,无射线装置;无放射源;全部外协;设备已拆除;许可注销,修改后通过,医疗放射诊疗和工业探伤的管理框架一致，可暂不分包，但在具体表单内需根据应用类型设置受照人员防护或探伤边界的条件判断分支。,HUMAN_APPROVED_BASELINE,ETO_APPROVED_SPECIALIZED_INSPECTION_ITEMS_P1_2026-06-04,APPROVED_BASELINE,APPROVED_SPECIALIZED_INSPECTION_ITEMS_BASELINE,approved_baseline_export_ready,v1.0-approved-specialized-inspection-items,approved from process trigger dictionary v1.1 and ETO batch review; source candidate remains not runtime,NOT_FOR_RUNTIME_CANDIDATE_KB_ONLY,disabled,coco830/eco-semantic-knowledge-base,sha256:6b677a6be8a9276eff806d48a35eda8b6c90da90c07f38543dfab0cb2d2744aa
FIRST_S12_SPEC_PROCESS_SEALED_RADIOACTIVE_SOURCE,P1,工序/行业专项,密封放射源/废放射源,S12,radiation,密封放射源/废放射源专项核查,核查企业是否存在【密封放射源/废放射源】相关工序、设施或风险单元。触发关键词：放射源;密封源;废放射源;源库;核素;活度;含源仪表;料位计;测厚仪。不适用条件：无放射源;非含源设备;已送贮;已退役;已转让。现场应核对：辐射安全许可证；放射源台账；盘点记录；安防设施；送贮/退役证明。 ETO批复口径：含源仪表（如料位计、测厚仪）内的放射源同样受辐射安全许可证严格管理，必须默认触发放射源台账核查。,存在该工序/设施/风险单元即触发；明确不存在则NA；证据不足则NEED_CONFIRM,环评/批复/排污许可/台账/现场证据；源工序包：密封放射源/废放射源；ETO审核批复,源库警示标识；门禁监控；放射源台账；送贮或退役证明关键页,辐射安全许可证；放射源台账；盘点记录；安防设施；送贮/退役证明,"[""PASS"",""FAIL"",""NA"",""NEED_CONFIRM""]",sealed_radioactive_source,放射源;密封源;废放射源;源库;核素;活度;含源仪表;料位计;测厚仪,无放射源;非含源设备;已送贮;已退役;已转让,通过,含源仪表（如料位计、测厚仪）内的放射源同样受辐射安全许可证严格管理，必须默认触发放射源台账核查。,HUMAN_APPROVED_BASELINE,ETO_APPROVED_SPECIALIZED_INSPECTION_ITEMS_P1_2026-06-04,APPROVED_BASELINE,APPROVED_SPECIALIZED_INSPECTION_ITEMS_BASELINE,approved_baseline_export_ready,v1.0-approved-specialized-inspection-items,approved from process trigger dictionary v1.1 and ETO batch review; source candidate remains not runtime,NOT_FOR_RUNTIME_CANDIDATE_KB_ONLY,disabled,coco830/eco-semantic-knowledge-base,sha256:9b430c2f19729abb1e8796cb1bf8e706f8f76e72c5fc6482b6fc932f50f05e04
FIRST_S12_SPEC_PROCESS_RADIOACTIVE_WASTE_STORAGE,P1,工序/行业专项,放射性废物贮存/转移/处置,S12,radiation,放射性废物贮存/转移/处置专项核查,核查企业是否存在【放射性废物贮存/转移/处置】相关工序、设施或风险单元。触发关键词：放射性废物;废物库;废物包;固化体;低中水平;送贮;处置;退役场址。不适用条件：无放射性废物;仅一般危废;仅医废;无源项。现场应核对：放射性废物台账；废物包/容器资料；废物库运行记录；转移/处置证明；监测记录。 ETO批复口径：医疗机构核医学科的短半衰期放射性废物衰变暂存管理同样受此包管辖，重点核查衰变日志及解控监测记录。,存在该工序/设施/风险单元即触发；明确不存在则NA；证据不足则NEED_CONFIRM,环评/批复/排污许可/台账/现场证据；源工序包：放射性废物贮存/转移/处置；ETO审核批复,废物库警示标识；废物包标签；监测记录；转移/处置证明关键页,放射性废物台账；废物包/容器资料；废物库运行记录；转移/处置证明；监测记录,"[""PASS"",""FAIL"",""NA"",""NEED_CONFIRM""]",radioactive_waste_storage,放射性废物;废物库;废物包;固化体;低中水平;送贮;处置;退役场址,无放射性废物;仅一般危废;仅医废;无源项,通过,医疗机构核医学科的短半衰期放射性废物衰变暂存管理同样受此包管辖，重点核查衰变日志及解控监测记录。,HUMAN_APPROVED_BASELINE,ETO_APPROVED_SPECIALIZED_INSPECTION_ITEMS_P1_2026-06-04,APPROVED_BASELINE,APPROVED_SPECIALIZED_INSPECTION_ITEMS_BASELINE,approved_baseline_export_ready,v1.0-approved-specialized-inspection-items,approved from process trigger dictionary v1.1 and ETO batch review; source candidate remains not runtime,NOT_FOR_RUNTIME_CANDIDATE_KB_ONLY,disabled,coco830/eco-semantic-knowledge-base,sha256:203bd0190da47a6c1837dbe24d17ce80de6d2d23b1057d5590043d017f18cfc2
FIRST_S12_SPEC_PROCESS_RADIOACTIVE_WASTE_PACKAGE_CONTAINER,P1,工序/行业专项,放射性废物包/固化体/高完整性容器,S12,radiation,放射性废物包/固化体/高完整性容器专项核查,核查企业是否存在【放射性废物包/固化体/高完整性容器】相关工序、设施或风险单元。触发关键词：废物包;固化体;高完整性容器;水泥固化;球墨铸铁容器;混凝土容器;聚乙烯容器;包装鉴定。不适用条件：普通危废包装;医废周转箱;一般固废打包;无放射性废物包装。现场应核对：废物包编号；固化体检测；容器合格证明；核素/活度记录；交接单。 ETO批复口径：严格限定于核技术利用单位及放射性废物处置单位使用，严禁将其作为普通工业危废包装的排查标准。,存在该工序/设施/风险单元即触发；明确不存在则NA；证据不足则NEED_CONFIRM,环评/批复/排污许可/台账/现场证据；源工序包：放射性废物包/固化体/高完整性容器；ETO审核批复,废物包标签；容器铭牌；检测报告关键页；暂存分区标识,废物包编号；固化体检测；容器合格证明；核素/活度记录；交接单,"[""PASS"",""FAIL"",""NA"",""NEED_CONFIRM""]",radioactive_waste_package_container,废物包;固化体;高完整性容器;水泥固化;球墨铸铁容器;混凝土容器;聚乙烯容器;包装鉴定,普通危废包装;医废周转箱;一般固废打包;无放射性废物包装,通过,严格限定于核技术利用单位及放射性废物处置单位使用，严禁将其作为普通工业危废包装的排查标准。,HUMAN_APPROVED_BASELINE,ETO_APPROVED_SPECIALIZED_INSPECTION_ITEMS_P1_2026-06-04,APPROVED_BASELINE,APPROVED_SPECIALIZED_INSPECTION_ITEMS_BASELINE,approved_baseline_export_ready,v1.0-approved-specialized-inspection-items,approved from process trigger dictionary v1.1 and ETO batch review; source candidate remains not runtime,NOT_FOR_RUNTIME_CANDIDATE_KB_ONLY,disabled,coco830/eco-semantic-knowledge-base,sha256:49f0681bbaa562ac1400da169cb1b9d66ac34d7c6541c527add2160fbb0f62c2
FIRST_S12_SPEC_PROCESS_RADIOACTIVE_WASTE_DISPOSAL_FACILITY,P1,工序/行业专项,放射性废物处置设施/场址,S12,radiation,放射性废物处置设施/场址专项核查,核查企业是否存在【放射性废物处置设施/场址】相关工序、设施或风险单元。触发关键词：近地表处置;岩洞处置;废放射源处置;处置设施;处置许可证;监测井;封场。不适用条件：普通填埋场;危废填埋;生活垃圾填埋;无放射性处置。现场应核对：处置许可证；选址/设计/建造文件；环境影响报告书；接收台账；监测井记录。 ETO批复口径：此项属于极少数特许经营的放射性处置场高风险专项，绝对不进入一般企业的默认首检清单。,存在该工序/设施/风险单元即触发；明确不存在则NA；证据不足则NEED_CONFIRM,环评/批复/排污许可/台账/现场证据；源工序包：放射性废物处置设施/场址；ETO审核批复,处置设施边界标识；接收/暂存区；监测井；渗漏控制设施,处置许可证；选址/设计/建造文件；环境影响报告书；接收台账；监测井记录,"[""PASS"",""FAIL"",""NA"",""NEED_CONFIRM""]",radioactive_waste_disposal_facility,近地表处置;岩洞处置;废放射源处置;处置设施;处置许可证;监测井;封场,普通填埋场;危废填埋;生活垃圾填埋;无放射性处置,通过,此项属于极少数特许经营的放射性处置场高风险专项，绝对不进入一般企业的默认首检清单。,HUMAN_APPROVED_BASELINE,ETO_APPROVED_SPECIALIZED_INSPECTION_ITEMS_P1_2026-06-04,APPROVED_BASELINE,APPROVED_SPECIALIZED_INSPECTION_ITEMS_BASELINE,approved_baseline_export_ready,v1.0-approved-specialized-inspection-items,approved from process trigger dictionary v1.1 and ETO batch review; source candidate remains not runtime,NOT_FOR_RUNTIME_CANDIDATE_KB_ONLY,disabled,coco830/eco-semantic-knowledge-base,sha256:a15da50a79a7f02c0b5baa60794bc27455815e0a14173da32fe34de8d44c765b
FIRST_S12_SPEC_PROCESS_RADIOACTIVE_MATERIAL_TRANSPORT,P1,工序/行业专项,放射性物品运输,S12,radiation,放射性物品运输专项核查,核查企业是否存在【放射性物品运输】相关工序、设施或风险单元。触发关键词：放射性物品运输;运输容器;运输许可;托运;承运;包装等级;栓系;提升装置。不适用条件：不运输放射性物品;普通货物运输;仅危化品;无运输容器。现场应核对：运输许可；运输容器合格证明；托运/承运记录；车辆和人员培训；应急方案。 ETO批复口径：即使企业偶发委托第三方运输放射性物品，托运方也必须提供承运第三方的辐射安全运输资质证明文件备查。,存在该工序/设施/风险单元即触发；明确不存在则NA；证据不足则NEED_CONFIRM,环评/批复/排污许可/台账/现场证据；源工序包：放射性物品运输；ETO审核批复,运输容器标识；车辆和栓系装置；运输许可；应急物资,运输许可；运输容器合格证明；托运/承运记录；车辆和人员培训；应急方案,"[""PASS"",""FAIL"",""NA"",""NEED_CONFIRM""]",radioactive_material_transport,放射性物品运输;运输容器;运输许可;托运;承运;包装等级;栓系;提升装置,不运输放射性物品;普通货物运输;仅危化品;无运输容器,修改后通过,即使企业偶发委托第三方运输放射性物品，托运方也必须提供承运第三方的辐射安全运输资质证明文件备查。,HUMAN_APPROVED_BASELINE,ETO_APPROVED_SPECIALIZED_INSPECTION_ITEMS_P1_2026-06-04,APPROVED_BASELINE,APPROVED_SPECIALIZED_INSPECTION_ITEMS_BASELINE,approved_baseline_export_ready,v1.0-approved-specialized-inspection-items,approved from process trigger dictionary v1.1 and ETO batch review; source candidate remains not runtime,NOT_FOR_RUNTIME_CANDIDATE_KB_ONLY,disabled,coco830/eco-semantic-knowledge-base,sha256:22fe3fd740e4c69183e1554b5fea240ba6d76aa84bb176960be3a223437a4c79
FIRST_S12_SPEC_PROCESS_NORM_INDUSTRIAL_RESIDUE_RADIOACTIVITY,P1,工序/行业专项,含天然放射性工业废渣/建材放射性,S12,radiation,含天然放射性工业废渣/建材放射性专项核查,核查企业是否存在【含天然放射性工业废渣/建材放射性】相关工序、设施或风险单元。触发关键词：含铀物料;含钍物料;铀钍矿冶;天然放射性物料;工业废渣放射性;建材放射性检测;矿冶放射性废物;退役场址残留放射性。不适用条件：无含天然放射性物料;普通一般固废;无矿冶活动;无工业废渣利用;仅普通建材原料。现场应核对：原料/废渣检测报告；废渣利用/外售台账；矿冶废物管理资料；场址监测记录。 ETO批复口径：必须以环评文件明确提及属于伴生放射性矿（NORM）或属于监管名录为触发前提，避免对普通工业废渣进行过度排查。,存在该工序/设施/风险单元即触发；明确不存在则NA；证据不足则NEED_CONFIRM,环评/批复/排污许可/台账/现场证据；源工序包：含天然放射性工业废渣/建材放射性；ETO审核批复,废渣堆场；检测报告关键页；废渣外售台账；场址监测点位,原料/废渣检测报告；废渣利用/外售台账；矿冶废物管理资料；场址监测记录,"[""PASS"",""FAIL"",""NA"",""NEED_CONFIRM""]",norm_industrial_residue_radioactivity,含铀物料;含钍物料;铀钍矿冶;天然放射性物料;工业废渣放射性;建材放射性检测;矿冶放射性废物;退役场址残留放射性,无含天然放射性物料;普通一般固废;无矿冶活动;无工业废渣利用;仅普通建材原料,通过,必须以环评文件明确提及属于伴生放射性矿（NORM）或属于监管名录为触发前提，避免对普通工业废渣进行过度排查。,HUMAN_APPROVED_BASELINE,ETO_APPROVED_SPECIALIZED_INSPECTION_ITEMS_P1_2026-06-04,APPROVED_BASELINE,APPROVED_SPECIALIZED_INSPECTION_ITEMS_BASELINE,approved_baseline_export_ready,v1.0-approved-specialized-inspection-items,approved from process trigger dictionary v1.1 and ETO batch review; source candidate remains not runtime,NOT_FOR_RUNTIME_CANDIDATE_KB_ONLY,disabled,coco830/eco-semantic-knowledge-base,sha256:ef1fc8aab2f14753ad82c383fc73942923d68660ccb334108cee8ebbc6f8794d
FIRST_S12_SPEC_PROCESS_URANIUM_THORIUM_MINING_RAD_WASTE,P1,工序/行业专项,铀钍矿冶放射性废物,S12,radiation,铀钍矿冶放射性废物专项核查,核查企业是否存在【铀钍矿冶放射性废物】相关工序、设施或风险单元。触发关键词：铀矿冶;钍矿冶;铀矿山;钍矿山;含铀尾矿;含钍尾矿;放射性金属矿;矿冶放射性废物;辐射环境监测。不适用条件：普通有色矿;普通稀土矿;无铀钍;无放射性金属。现场应核对：矿冶环评；废物管理方案；尾矿库资料；辐射环境监测报告；废物去向。 ETO批复口径：普通稀土矿等伴生天然放射性矿若铀钍品位未达到核燃料级别，应转入 P21 (NORM) 包；P22 专供前端铀钍矿冶使用。,存在该工序/设施/风险单元即触发；明确不存在则NA；证据不足则NEED_CONFIRM,环评/批复/排污许可/台账/现场证据；源工序包：铀钍矿冶放射性废物；ETO审核批复,尾矿设施；废石场；监测点位；渗滤液处理设施；监测报告关键页,矿冶环评；废物管理方案；尾矿库资料；辐射环境监测报告；废物去向,"[""PASS"",""FAIL"",""NA"",""NEED_CONFIRM""]",uranium_thorium_mining_rad_waste,铀矿冶;钍矿冶;铀矿山;钍矿山;含铀尾矿;含钍尾矿;放射性金属矿;矿冶放射性废物;辐射环境监测,普通有色矿;普通稀土矿;无铀钍;无放射性金属,修改后通过,普通稀土矿等伴生天然放射性矿若铀钍品位未达到核燃料级别，应转入 P21 (NORM) 包；P22 专供前端铀钍矿冶使用。,HUMAN_APPROVED_BASELINE,ETO_APPROVED_SPECIALIZED_INSPECTION_ITEMS_P1_2026-06-04,APPROVED_BASELINE,APPROVED_SPECIALIZED_INSPECTION_ITEMS_BASELINE,approved_baseline_export_ready,v1.0-approved-specialized-inspection-items,approved from process trigger dictionary v1.1 and ETO batch review; source candidate remains not runtime,NOT_FOR_RUNTIME_CANDIDATE_KB_ONLY,disabled,coco830/eco-semantic-knowledge-base,sha256:e74bca523894272ab29fa26b79f5a271f4b826b97d5c6c471f368c3bcf86cfea
FIRST_S12_SPEC_PROCESS_NUCLEAR_FUEL_EFFLUENT_DECOMMISSIONING,P1,工序/行业专项,核燃料循环流出物/核设施退役,S12,radiation,核燃料循环流出物/核设施退役专项核查,核查企业是否存在【核燃料循环流出物/核设施退役】相关工序、设施或风险单元。触发关键词：核燃料;放射性流出物;归一化排放量;核设施退役;场址土壤;残留放射性。不适用条件：普通燃料加工;普通化工退役;无核设施;无放射性流出物。现场应核对：核设施许可或环评；流出物监测报告；退役方案；场址调查；监管批复。 ETO批复口径：仅用于核燃料循环设施及核设施退役的特种高风险企业排查，不进入一般环保管家默认清单。,存在该工序/设施/风险单元即触发；明确不存在则NA；证据不足则NEED_CONFIRM,环评/批复/排污许可/台账/现场证据；源工序包：核燃料循环流出物/核设施退役；ETO审核批复,排放/监测点标识；退役区域边界；土壤采样布点图；监测报告关键页,核设施许可或环评；流出物监测报告；退役方案；场址调查；监管批复,"[""PASS"",""FAIL"",""NA"",""NEED_CONFIRM""]",nuclear_fuel_effluent_decommissioning,核燃料;放射性流出物;归一化排放量;核设施退役;场址土壤;残留放射性,普通燃料加工;普通化工退役;无核设施;无放射性流出物,通过,仅用于核燃料循环设施及核设施退役的特种高风险企业排查，不进入一般环保管家默认清单。,HUMAN_APPROVED_BASELINE,ETO_APPROVED_SPECIALIZED_INSPECTION_ITEMS_P1_2026-06-04,APPROVED_BASELINE,APPROVED_SPECIALIZED_INSPECTION_ITEMS_BASELINE,approved_baseline_export_ready,v1.0-approved-specialized-inspection-items,approved from process trigger dictionary v1.1 and ETO batch review; source candidate remains not runtime,NOT_FOR_RUNTIME_CANDIDATE_KB_ONLY,disabled,coco830/eco-semantic-knowledge-base,sha256:9e8c6d194def378895ed3081bc32e3375bd99372473d54745ab9c61c94e93e0c
FIRST_S12_SPEC_PROCESS_BUILDING_MATERIAL_SLAG_RADIONUCLIDE,P1,工序/行业专项,建材工业废渣放射性物质限制,S12,radiation,建材工业废渣放射性物质限制专项核查,核查企业是否存在【建材工业废渣放射性物质限制】相关工序、设施或风险单元。触发关键词：工业废渣;磷石膏;粉煤灰;冶炼渣;建材放射性;放射性检测;产品批次。不适用条件：无工业废渣;普通原料;无放射性检测要求;不使用废渣。现场应核对：原料来源；放射性检测报告；配料批次台账；供应商证明；产品去向。 ETO批复口径：必须按《建筑材料放射性核素限量》(GB 6566) 的规定，将建材区分为 A、B、C 类产品类别，采用不同的检测和使用限制口径。,存在该工序/设施/风险单元即触发；明确不存在则NA；证据不足则NEED_CONFIRM,环评/批复/排污许可/台账/现场证据；源工序包：建材工业废渣放射性物质限制；ETO审核批复,工业废渣原料堆场；检测报告关键页；配料记录；成品批次标识,原料来源；放射性检测报告；配料批次台账；供应商证明；产品去向,"[""PASS"",""FAIL"",""NA"",""NEED_CONFIRM""]",building_material_slag_radionuclide,工业废渣;磷石膏;粉煤灰;冶炼渣;建材放射性;放射性检测;产品批次,无工业废渣;普通原料;无放射性检测要求;不使用废渣,修改后通过,必须按《建筑材料放射性核素限量》(GB 6566) 的规定，将建材区分为 A、B、C 类产品类别，采用不同的检测和使用限制口径。,HUMAN_APPROVED_BASELINE,ETO_APPROVED_SPECIALIZED_INSPECTION_ITEMS_P1_2026-06-04,APPROVED_BASELINE,APPROVED_SPECIALIZED_INSPECTION_ITEMS_BASELINE,approved_baseline_export_ready,v1.0-approved-specialized-inspection-items,approved from process trigger dictionary v1.1 and ETO batch review; source candidate remains not runtime,NOT_FOR_RUNTIME_CANDIDATE_KB_ONLY,disabled,coco830/eco-semantic-knowledge-base,sha256:e89e8d6c2a3cce0583f3b6c15cad64fa0e97cf737d4f4bc634be78c710ee6c98
FIRST_S10_SPEC_PROCESS_SPRAYING_COATING_LOW_VOCS_MSDS_LEDGER,P1,工序/行业专项,喷涂/涂装/涂布,S10,vocs_emission,低VOCs涂料/油墨/胶黏剂替代及MSDS核查,排查节点：源头替代与辅料台账。核查内容：核查调漆室、库房的涂料、稀释剂、固化剂包装标签及MSDS，确认是否符合国家低VOCs含量限值标准；对比采购台账、消耗台账与库存，防范企业隐瞒高VOCs溶剂使用。 ETO批复口径：若企业主张外协喷涂（NA），必须要求补拍外协处置合同及外协单位的环保手续作为 NA 的核心证据。,低VOCs原辅料标签、MSDS、采购/消耗/库存台账应相互印证；发现高VOCs溶剂或台账不一致应判FAIL或NEED_CONFIRM,ETO专项细化排查项；源工序包：喷涂/涂装/涂布；环评/批复/排污许可/台账/现场证据；ETO审核批复,原辅料包装桶清晰标签；MSDS手册关键页；出入库台账本,原辅料包装标签；MSDS；采购台账；消耗台账；库存记录,"[""PASS"",""FAIL"",""NA"",""NEED_CONFIRM""]",spraying_coating,喷涂;喷漆;涂装;涂布;烘干;调漆;喷粉,无喷涂;不设喷漆;外协喷涂;仅外购成品涂装件,修改后通过,若企业主张外协喷涂（NA），必须要求补拍外协处置合同及外协单位的环保手续作为 NA 的核心证据。,HUMAN_APPROVED_BASELINE,ETO_APPROVED_SPECIALIZED_INSPECTION_ITEMS_P1_2026-06-04,APPROVED_BASELINE,APPROVED_SPECIALIZED_INSPECTION_ITEMS_BASELINE,approved_baseline_export_ready,v1.0-approved-specialized-inspection-items,approved from ETO supplied specialized detail checklist; source candidate remains not runtime,NOT_FOR_RUNTIME_CANDIDATE_KB_ONLY,disabled,coco830/eco-semantic-knowledge-base,sha256:054a9feb373f9992a1182ddbd9aa94efe12f597b828c2f7b117f79f0eb3f729c
FIRST_S10_SPEC_PROCESS_SPRAYING_COATING_ENCLOSURE_MICRO_NEGATIVE_PRESSURE,P1,工序/行业专项,喷涂/涂装/涂布,S10,vocs_emission,调漆、喷涂、流平、烘干全流程封闭与微负压核查,排查节点：无组织废气收集。核查内容：检查调漆室、喷涂房和流平室是否完全封闭，门窗是否在非进出状态下常闭；使用风速仪或微压计确认开口处是否呈微负压；烘干废气是否单独收集处理。 ETO批复口径：若企业主张外协喷涂（NA），必须要求补拍外协处置合同及外协单位的环保手续作为 NA 的核心证据。,开口控制风速≥0.3m/s；烘干废气应单独收集处理；无法实测时保守判NEED_CONFIRM,ETO专项细化排查项；源工序包：喷涂/涂装/涂布；环评/批复/排污许可/台账/现场证据；ETO审核批复,密闭房门窗关闭状态；微压计/风速仪读数特写；车间整体集气管网,密闭空间现场照片；风速仪或微压计读数；集气管网；烘干废气收集管线,"[""PASS"",""FAIL"",""NA"",""NEED_CONFIRM""]",spraying_coating,喷涂;喷漆;涂装;涂布;烘干;调漆;喷粉,无喷涂;不设喷漆;外协喷涂;仅外购成品涂装件,修改后通过,若企业主张外协喷涂（NA），必须要求补拍外协处置合同及外协单位的环保手续作为 NA 的核心证据。,HUMAN_APPROVED_BASELINE,ETO_APPROVED_SPECIALIZED_INSPECTION_ITEMS_P1_2026-06-04,APPROVED_BASELINE,APPROVED_SPECIALIZED_INSPECTION_ITEMS_BASELINE,approved_baseline_export_ready,v1.0-approved-specialized-inspection-items,approved from ETO supplied specialized detail checklist; source candidate remains not runtime,NOT_FOR_RUNTIME_CANDIDATE_KB_ONLY,disabled,coco830/eco-semantic-knowledge-base,sha256:054a9feb373f9992a1182ddbd9aa94efe12f597b828c2f7b117f79f0eb3f729c
FIRST_S10_SPEC_PROCESS_SPRAYING_COATING_VOCS_TREATMENT_PARAMETERS,P1,工序/行业专项,喷涂/涂装/涂布,S10,vocs_emission,末端VOCs处理设施关键运行参数闭环核查,排查节点：废气治理设施运行。核查内容：燃烧类治理设施核查燃烧室温度是否达标、天然气消耗量是否合理；吸附类治理设施核查活性炭碘值、填充量、压差计读数及更换频次，并与危废产生量交叉比对。 ETO批复口径：若企业主张外协喷涂（NA），必须要求补拍外协处置合同及外协单位的环保手续作为 NA 的核心证据。,RTO燃烧室温度通常应≥760℃；活性炭碘值、填充量、压差和更换记录应闭环；具体适用值以环评/设计/许可和设施说明为准,ETO专项细化排查项；源工序包：喷涂/涂装/涂布；环评/批复/排污许可/台账/现场证据；ETO审核批复,RTO控制柜温度显示屏；天然气表读数；活性炭箱压差计；活性炭更换记录表,治理设施控制参数；能源消耗记录；活性炭参数资料；更换记录；危废台账,"[""PASS"",""FAIL"",""NA"",""NEED_CONFIRM""]",spraying_coating,喷涂;喷漆;涂装;涂布;烘干;调漆;喷粉,无喷涂;不设喷漆;外协喷涂;仅外购成品涂装件,修改后通过,若企业主张外协喷涂（NA），必须要求补拍外协处置合同及外协单位的环保手续作为 NA 的核心证据。,HUMAN_APPROVED_BASELINE,ETO_APPROVED_SPECIALIZED_INSPECTION_ITEMS_P1_2026-06-04,APPROVED_BASELINE,APPROVED_SPECIALIZED_INSPECTION_ITEMS_BASELINE,approved_baseline_export_ready,v1.0-approved-specialized-inspection-items,approved from ETO supplied specialized detail checklist; source candidate remains not runtime,NOT_FOR_RUNTIME_CANDIDATE_KB_ONLY,disabled,coco830/eco-semantic-knowledge-base,sha256:054a9feb373f9992a1182ddbd9aa94efe12f597b828c2f7b117f79f0eb3f729c
FIRST_S06_SPEC_PROCESS_ELECTROPLATING_ACID_PICKLING_HEAVY_METAL_SPECIAL_WASTEWATER_SEPARATION,P1,工序/行业专项,电镀/酸洗/磷化/表面处理,S06,wastewater_discharge_route,一类重金属及特殊废水（含氰、含铬、含镍）独立收集与防腐防渗核查,排查节点：废水分类分质收集。核查内容：核实含氰废水、含六价铬废水、含镍废水是否在车间排口单独收集、单独预处理，严禁与其他废水混排；检查槽体下方、防腐蚀明管明沟的破损与渗漏情况。 ETO批复口径：酸洗、磷化、钝化等轻量表面处理涉重金属及酸雾排放，环保风险相似，统一纳入本专项包合理。,含氰、含铬、含镍等特殊废水应独立收集、独立预处理；混排或防腐防渗破损应判FAIL,ETO专项细化排查项；源工序包：电镀/酸洗/磷化/表面处理；环评/批复/排污许可/台账/现场证据；ETO审核批复,各管线颜色或名称标识；车间排口采样点；槽下地沟防腐防渗层,废水管线标识；车间排口；预处理设施；防腐防渗现场；运行记录,"[""PASS"",""FAIL"",""NA"",""NEED_CONFIRM""]",electroplating_acid_pickling,电镀;酸洗;磷化;氧化;钝化;表面处理;槽液,无电镀;不设酸洗;表面处理外协;无槽体,通过,酸洗、磷化、钝化等轻量表面处理涉重金属及酸雾排放，环保风险相似，统一纳入本专项包合理。,HUMAN_APPROVED_BASELINE,ETO_APPROVED_SPECIALIZED_INSPECTION_ITEMS_P1_2026-06-04,APPROVED_BASELINE,APPROVED_SPECIALIZED_INSPECTION_ITEMS_BASELINE,approved_baseline_export_ready,v1.0-approved-specialized-inspection-items,approved from ETO supplied specialized detail checklist; source candidate remains not runtime,NOT_FOR_RUNTIME_CANDIDATE_KB_ONLY,disabled,coco830/eco-semantic-knowledge-base,sha256:644f14ca3e963ee6d509b068f070e8040a0d338cde131cfe9f472e3213c58e77
FIRST_S06_SPEC_PROCESS_ELECTROPLATING_ACID_PICKLING_ACID_MIST_HOOD_SCRUBBER_DOSING,P1,工序/行业专项,电镀/酸洗/磷化/表面处理,S06,wastewater_discharge_route,侧吸风罩收集效果及洗涤塔加药核查,排查节点：酸雾废气收集与处理。核查内容：检查表面处理槽边侧吸风罩是否有严重腐蚀、结晶、堵塞，抽风是否有效；核查酸雾洗涤塔循环水箱pH值，以及碱液自动加药装置是否正常工作。 ETO批复口径：酸洗、磷化、钝化等轻量表面处理涉重金属及酸雾排放，环保风险相似，统一纳入本专项包合理。,侧吸风罩应有效收集且无严重堵塞；喷淋塔pH和加药记录应支持设施正常运行,ETO专项细化排查项；源工序包：电镀/酸洗/磷化/表面处理；环评/批复/排污许可/台账/现场证据；ETO审核批复,槽边吸风罩及结晶情况；喷淋塔循环液pH试纸/仪读数；加药桶液位及投加记录,槽边吸风罩；喷淋塔pH读数；加药装置；投加记录；巡检记录,"[""PASS"",""FAIL"",""NA"",""NEED_CONFIRM""]",electroplating_acid_pickling,电镀;酸洗;磷化;氧化;钝化;表面处理;槽液,无电镀;不设酸洗;表面处理外协;无槽体,通过,酸洗、磷化、钝化等轻量表面处理涉重金属及酸雾排放，环保风险相似，统一纳入本专项包合理。,HUMAN_APPROVED_BASELINE,ETO_APPROVED_SPECIALIZED_INSPECTION_ITEMS_P1_2026-06-04,APPROVED_BASELINE,APPROVED_SPECIALIZED_INSPECTION_ITEMS_BASELINE,approved_baseline_export_ready,v1.0-approved-specialized-inspection-items,approved from ETO supplied specialized detail checklist; source candidate remains not runtime,NOT_FOR_RUNTIME_CANDIDATE_KB_ONLY,disabled,coco830/eco-semantic-knowledge-base,sha256:644f14ca3e963ee6d509b068f070e8040a0d338cde131cfe9f472e3213c58e77
FIRST_S06_SPEC_PROCESS_WASTEWATER_TREATMENT_STATION_DOSING_BIOCHEMICAL_OPERATION,P1,工序/行业专项,污水处理站/废水预处理,S06,wastewater_station,药剂消耗闭环与生化池运行状态核查,排查节点：加药与生化系统运行。核查内容：对比PAC、PAM、碳源、酸碱药剂的采购清单与每日投加记录，防范设施空转；现场观察好氧池曝气是否均匀，厌氧/缺氧池搅拌是否正常，二沉池是否有大量翻泥跑泥现象。 ETO批复口径：隔油池、沉淀池等简易预处理设施同样属于水污染防治设施，必须触发并核查清掏记录与排污去向。,药剂采购、库存、投加记录应闭环；曝气、搅拌、二沉池运行异常应判FAIL或NEED_CONFIRM,ETO专项细化排查项；源工序包：污水处理站/废水预处理；环评/批复/排污许可/台账/现场证据；ETO审核批复,药剂堆放区全景及标签；加药泵运行状态；生化池曝气/水色全景；二沉池出水堰口,药剂采购清单；投加记录；加药泵状态；生化池现场；二沉池现场,"[""PASS"",""FAIL"",""NA"",""NEED_CONFIRM""]",wastewater_treatment_station,污水处理站;废水处理;预处理;生化;沉淀;气浮;总排口,无生产废水;生活污水接管;不设污水站,通过,隔油池、沉淀池等简易预处理设施同样属于水污染防治设施，必须触发并核查清掏记录与排污去向。,HUMAN_APPROVED_BASELINE,ETO_APPROVED_SPECIALIZED_INSPECTION_ITEMS_P1_2026-06-04,APPROVED_BASELINE,APPROVED_SPECIALIZED_INSPECTION_ITEMS_BASELINE,approved_baseline_export_ready,v1.0-approved-specialized-inspection-items,approved from ETO supplied specialized detail checklist; source candidate remains not runtime,NOT_FOR_RUNTIME_CANDIDATE_KB_ONLY,disabled,coco830/eco-semantic-knowledge-base,sha256:91fd994992b69855413cc2f5c5a811778fe9b1361a293e09979a928b9cf92d82
FIRST_S06_SPEC_PROCESS_WASTEWATER_TREATMENT_STATION_SLUDGE_DEWATERING_HAZWASTE_ATTRIBUTE,P1,工序/行业专项,污水处理站/废水预处理,S06,wastewater_station,脱水系统运行及污泥危废属性核查,排查节点：污泥处理与处置。核查内容：检查板框或离心压滤机运行记录与台账产泥量是否匹配；核查污泥暂存库防渗防雨措施；涉重金属、化工、制药等行业的污泥必须核查是否按危废管理并建立转移联单闭环。 ETO批复口径：隔油池、沉淀池等简易预处理设施同样属于水污染防治设施，必须触发并核查清掏记录与排污去向。,脱水运行记录与产泥台账应匹配；涉重金属/化工/制药污泥属性不清时应判NEED_CONFIRM并交ETO复核,ETO专项细化排查项；源工序包：污水处理站/废水预处理；环评/批复/排污许可/台账/现场证据；ETO审核批复,压滤机运行状态；现场脱水污泥存放形态；污泥库防渗措施；转移台账/电子联单,压滤机运行记录；产泥台账；污泥库防渗防雨；属性判定资料；转移联单,"[""PASS"",""FAIL"",""NA"",""NEED_CONFIRM""]",wastewater_treatment_station,污水处理站;废水处理;预处理;生化;沉淀;气浮;总排口,无生产废水;生活污水接管;不设污水站,通过,隔油池、沉淀池等简易预处理设施同样属于水污染防治设施，必须触发并核查清掏记录与排污去向。,HUMAN_APPROVED_BASELINE,ETO_APPROVED_SPECIALIZED_INSPECTION_ITEMS_P1_2026-06-04,APPROVED_BASELINE,APPROVED_SPECIALIZED_INSPECTION_ITEMS_BASELINE,approved_baseline_export_ready,v1.0-approved-specialized-inspection-items,approved from ETO supplied specialized detail checklist; source candidate remains not runtime,NOT_FOR_RUNTIME_CANDIDATE_KB_ONLY,disabled,coco830/eco-semantic-knowledge-base,sha256:91fd994992b69855413cc2f5c5a811778fe9b1361a293e09979a928b9cf92d82
FIRST_S10_SPEC_PROCESS_BOILER_COMBUSTION_DESULFURIZATION_DENITRATION_BYPRODUCTS,P1,工序/行业专项,锅炉/燃烧供热,S10,boiler_combustion,氨水/尿素消耗、氨逃逸及脱硫药剂核查,排查节点：脱硫脱硝治理与副产物。核查内容：检查SNCR/SCR脱硝系统的尿素或氨水消耗量是否与锅炉负荷匹配，是否存在氨逃逸过量造成二次污染；核对脱硫系统加药记录及脱硫石膏去向台账。 ETO批复口径：小型蒸汽发生器按同口径触发，但证据要求中可豁免特种设备锅炉登记证，将检查重点放在燃料类型及废气排口核查。,尿素/氨水消耗应与锅炉负荷匹配；氨逃逸、脱硫药剂和副产物去向应有记录闭环,ETO专项细化排查项；源工序包：锅炉/燃烧供热；环评/批复/排污许可/台账/现场证据；ETO审核批复,氨水/尿素储罐液位计；脱硝控制柜加药量截屏；在线监测氨逃逸数据；脱硫石膏暂存堆场,脱硝加药记录；锅炉负荷；氨逃逸数据；脱硫加药记录；脱硫石膏去向台账,"[""PASS"",""FAIL"",""NA"",""NEED_CONFIRM""]",boiler_combustion,锅炉;蒸汽;燃气锅炉;燃煤锅炉;生物质锅炉;额定蒸发量,无锅炉;电加热;外供蒸汽;仅办公热水,修改后通过,小型蒸汽发生器按同口径触发，但证据要求中可豁免特种设备锅炉登记证，将检查重点放在燃料类型及废气排口核查。,HUMAN_APPROVED_BASELINE,ETO_APPROVED_SPECIALIZED_INSPECTION_ITEMS_P1_2026-06-04,APPROVED_BASELINE,APPROVED_SPECIALIZED_INSPECTION_ITEMS_BASELINE,approved_baseline_export_ready,v1.0-approved-specialized-inspection-items,approved from ETO supplied specialized detail checklist; source candidate remains not runtime,NOT_FOR_RUNTIME_CANDIDATE_KB_ONLY,disabled,coco830/eco-semantic-knowledge-base,sha256:cf6f9305484ba254c0c28571d1b7b6c777176defa509d130c5b128beef2363d3
FIRST_S10_SPEC_PROCESS_PRINTING_GLUING_CLEANING_SOLVENT_HAZWASTE_CLOSURE,P1,工序/行业专项,印刷/粘合/覆膜,S10,vocs_emission,洗车水/洗版废液、废擦拭布及废包装物收集闭环核查,排查节点：清洗溶剂与危废管理。核查内容：核查清洗设备时使用的洗车水、洗版液去向，现场废液收集桶是否密闭并置于防溢漏托盘上；沾染油墨的废擦拭布、废手套是否分类按危废收集；严防含VOCs废液混入下水道。 ETO批复口径：水性油墨或低 VOCs 原辅料仍需触发检查。虽然可能豁免末端废气治理设施，但仍需核实无组织管控要求及废包装桶危废台账。,含VOCs废液、废擦拭布、废手套和废包装物应密闭分类收集并纳入危废台账；混入下水道应判FAIL,ETO专项细化排查项；源工序包：印刷/粘合/覆膜；环评/批复/排污许可/台账/现场证据；ETO审核批复,印刷机旁废液收集桶及托盘；废擦拭布专用收集箱；危废台账洗车水转移记录,废液收集桶；防溢漏托盘；废擦拭布收集箱；危废台账；转移记录,"[""PASS"",""FAIL"",""NA"",""NEED_CONFIRM""]",printing_gluing,印刷;油墨;胶黏剂;粘合;覆膜;上光;洗版,无印刷;不使用油墨;外协印刷;仅裁切,修改后通过,水性油墨或低 VOCs 原辅料仍需触发检查。虽然可能豁免末端废气治理设施，但仍需核实无组织管控要求及废包装桶危废台账。,HUMAN_APPROVED_BASELINE,ETO_APPROVED_SPECIALIZED_INSPECTION_ITEMS_P1_2026-06-04,APPROVED_BASELINE,APPROVED_SPECIALIZED_INSPECTION_ITEMS_BASELINE,approved_baseline_export_ready,v1.0-approved-specialized-inspection-items,approved from ETO supplied specialized detail checklist; source candidate remains not runtime,NOT_FOR_RUNTIME_CANDIDATE_KB_ONLY,disabled,coco830/eco-semantic-knowledge-base,sha256:bdd209206786c8587286f824d01012a10b6f62f73857857e2da9c76816037c34
FIRST_S07_SPEC_PROCESS_LABORATORY_WASTE_LIQUID_WASTE_LIQUID_COMPATIBILITY_STORAGE,P1,工序/行业专项,实验室废液/检测试剂,S07,hazardous_waste,含卤素、重金属及酸碱废液隔离贮存核查,排查节点：废液相容性与安全贮存。核查内容：严查实验室废液桶是否规范张贴成分明细标签；含卤素废液与非卤废液是否混放；酸性废液与氰化物、硫化物等极易产生有毒气体的废液是否严格物理隔离；废液桶是否配备防排气阀门。 ETO批复口径：若仅开展简单物理质检无废液产生，必须要求拍摄物理质检操作台全景（证明无化学试剂和清洗水）作为 NA 证据。,废液桶应有成分明细标签；不相容废液应物理隔离；无标签或混放应判FAIL,ETO专项细化排查项；源工序包：实验室废液/检测试剂；环评/批复/排污许可/台账/现场证据；ETO审核批复,废液桶成分明细标签；不同废液隔离存放区；防爆或排气阀盖；二次防溢漏托盘,废液标签；分类贮存区；不相容隔离措施；排气阀盖；二次防溢漏托盘,"[""PASS"",""FAIL"",""NA"",""NEED_CONFIRM""]",laboratory_waste_liquid,实验室;化验室;检测试剂;废液;样品前处理;实验废物,无实验室;委外检测;不产生实验废液,修改后通过,若仅开展简单物理质检无废液产生，必须要求拍摄物理质检操作台全景（证明无化学试剂和清洗水）作为 NA 证据。,HUMAN_APPROVED_BASELINE,ETO_APPROVED_SPECIALIZED_INSPECTION_ITEMS_P1_2026-06-04,APPROVED_BASELINE,APPROVED_SPECIALIZED_INSPECTION_ITEMS_BASELINE,approved_baseline_export_ready,v1.0-approved-specialized-inspection-items,approved from ETO supplied specialized detail checklist; source candidate remains not runtime,NOT_FOR_RUNTIME_CANDIDATE_KB_ONLY,disabled,coco830/eco-semantic-knowledge-base,sha256:8dd1746879efb4f36a389fcaa777b29c79f0feb2fbc88fa3dea5d191e3f304d4
