show_if_rule_id,scenario_id,scenario_name,inspection_type,template_section,template_subsection,primary_score_item_id,secondary_score_item_ids,show_if_keys,show_if_condition_json,applicable_when,not_applicable_when,confirmation_questions,source_inspection_candidate,source_basis,runtime_status,final_state,runtime_integration,approval_status,approval_source,approved_baseline_version
SHOWIF::SCN_BASE_PRODUCTION_SOLID_NOISE_LEDGER::FIRST,SCN_BASE_PRODUCTION_SOLID_NOISE_LEDGER,通用生产经营、一般固废、噪声与基础台账,FIRST,KNOWLEDGE_CROSS_MEDIA,通用生产经营、一般固废、噪声与基础台账,S01,S02;S06;S07;S10,profile.scenarios.SCN_BASE_PRODUCTION_SOLID_NOISE_LEDGER.active;profile.scenarios.SCN_BASE_PRODUCTION_SOLID_NOISE_LEDGER.evidence_confirmed,"{""all"":[{""field"":""profile.scenarios.SCN_BASE_PRODUCTION_SOLID_NOISE_LEDGER.active"",""operator"":""equals"",""value"":true,""source"":""approved_baseline_scenario_activation""}],""any_evidence"":[{""field"":""profile.scenarios.SCN_BASE_PRODUCTION_SOLID_NOISE_LEDGER.evidence_confirmed"",""operator"":""equals"",""value"":true},{""field"":""profile.scenarios.SCN_BASE_PRODUCTION_SOLID_NOISE_LEDGER.industry_default_recalled"",""operator"":""equals"",""value"":true},{""field"":""profile.scenarios.SCN_BASE_PRODUCTION_SOLID_NOISE_LEDGER.process_trigger_recalled"",""operator"":""equals"",""value"":true},{""field"":""profile.scenarios.SCN_BASE_PRODUCTION_SOLID_NOISE_LEDGER.permit_condition_recalled"",""operator"":""equals"",""value"":true}],""not"":[{""field"":""profile.scenarios.SCN_BASE_PRODUCTION_SOLID_NOISE_LEDGER.not_applicable_confirmed"",""operator"":""equals"",""value"":true}]}",存在实际生产、加工、分装、清洗、粉磨、印刷、诊疗或经营活动；现有31条规则均默认存在生产经营活动和一般固废画像,仅办公、仓储、贸易且无实际产污活动；现场确认无一般固废、无主要噪声源时可降级为不适用,是否有实际生产/加工/分装/清洗/粉磨/印刷等活动？；一般固废种类和去向是什么？；是否有主要噪声设备？；是否建立固废/危废/医废台账？,SCN_BASE_PRODUCTION_SOLID_NOISE_LEDGER:FIRST,approved scenario template + approved inspection candidate + approved score13 mapping,APPROVED_BASELINE,APPROVED_BASELINE_KNOWLEDGE,approved_baseline_export_ready,HUMAN_APPROVED_BASELINE,USER_ATTESTED_IN_CHAT_2026-05-30,v1.0-approved-baseline-knowledge
SHOWIF::SCN_BASE_PRODUCTION_SOLID_NOISE_LEDGER::MONTHLY,SCN_BASE_PRODUCTION_SOLID_NOISE_LEDGER,通用生产经营、一般固废、噪声与基础台账,MONTHLY,KNOWLEDGE_CROSS_MEDIA,通用生产经营、一般固废、噪声与基础台账,S01,S02;S06;S07;S10,profile.scenarios.SCN_BASE_PRODUCTION_SOLID_NOISE_LEDGER.active;profile.scenarios.SCN_BASE_PRODUCTION_SOLID_NOISE_LEDGER.evidence_confirmed,"{""all"":[{""field"":""profile.scenarios.SCN_BASE_PRODUCTION_SOLID_NOISE_LEDGER.active"",""operator"":""equals"",""value"":true,""source"":""approved_baseline_scenario_activation""}],""any_evidence"":[{""field"":""profile.scenarios.SCN_BASE_PRODUCTION_SOLID_NOISE_LEDGER.evidence_confirmed"",""operator"":""equals"",""value"":true},{""field"":""profile.scenarios.SCN_BASE_PRODUCTION_SOLID_NOISE_LEDGER.industry_default_recalled"",""operator"":""equals"",""value"":true},{""field"":""profile.scenarios.SCN_BASE_PRODUCTION_SOLID_NOISE_LEDGER.process_trigger_recalled"",""operator"":""equals"",""value"":true},{""field"":""profile.scenarios.SCN_BASE_PRODUCTION_SOLID_NOISE_LEDGER.permit_condition_recalled"",""operator"":""equals"",""value"":true}],""not"":[{""field"":""profile.scenarios.SCN_BASE_PRODUCTION_SOLID_NOISE_LEDGER.not_applicable_confirmed"",""operator"":""equals"",""value"":true}]}",存在实际生产、加工、分装、清洗、粉磨、印刷、诊疗或经营活动；现有31条规则均默认存在生产经营活动和一般固废画像,仅办公、仓储、贸易且无实际产污活动；现场确认无一般固废、无主要噪声源时可降级为不适用,是否有实际生产/加工/分装/清洗/粉磨/印刷等活动？；一般固废种类和去向是什么？；是否有主要噪声设备？；是否建立固废/危废/医废台账？,SCN_BASE_PRODUCTION_SOLID_NOISE_LEDGER:MONTHLY,approved scenario template + approved inspection candidate + approved score13 mapping,APPROVED_BASELINE,APPROVED_BASELINE_KNOWLEDGE,approved_baseline_export_ready,HUMAN_APPROVED_BASELINE,USER_ATTESTED_IN_CHAT_2026-05-30,v1.0-approved-baseline-knowledge
SHOWIF::SCN_WW_PROCESS_AND_TREATMENT::FIRST,SCN_WW_PROCESS_AND_TREATMENT,生产/医疗/清洗废水与污水处理设施,FIRST,KNOWLEDGE_WASTEWATER,生产/医疗/清洗废水与污水处理设施,S06,S10;S02;S03;S13,profile.scenarios.SCN_WW_PROCESS_AND_TREATMENT.active;profile.scenarios.SCN_WW_PROCESS_AND_TREATMENT.evidence_confirmed,"{""all"":[{""field"":""profile.scenarios.SCN_WW_PROCESS_AND_TREATMENT.active"",""operator"":""equals"",""value"":true,""source"":""approved_baseline_scenario_activation""}],""any_evidence"":[{""field"":""profile.scenarios.SCN_WW_PROCESS_AND_TREATMENT.evidence_confirmed"",""operator"":""equals"",""value"":true},{""field"":""profile.scenarios.SCN_WW_PROCESS_AND_TREATMENT.industry_default_recalled"",""operator"":""equals"",""value"":true},{""field"":""profile.scenarios.SCN_WW_PROCESS_AND_TREATMENT.process_trigger_recalled"",""operator"":""equals"",""value"":true},{""field"":""profile.scenarios.SCN_WW_PROCESS_AND_TREATMENT.permit_condition_recalled"",""operator"":""equals"",""value"":true}],""not"":[{""field"":""profile.scenarios.SCN_WW_PROCESS_AND_TREATMENT.not_applicable_confirmed"",""operator"":""equals"",""value"":true}]}",医疗机构、食品饮料、蔬菜加工、制浆造纸、涂料重点管理、人造革合成革等可能产生废水；重点管理或高水量场景优先确认污水站和在线监测,无湿法工序、无清洗废水、无医疗废水；仅生活污水且接管市政并无预处理管理要求,是否产生生产废水/清洗废水/医疗废水？；是否自建污水处理站或仅预处理后接管？；污水处理工艺是什么？；是否有废水在线监测？,SCN_WW_PROCESS_AND_TREATMENT:FIRST,approved scenario template + approved inspection candidate + approved score13 mapping,APPROVED_BASELINE,APPROVED_BASELINE_KNOWLEDGE,approved_baseline_export_ready,HUMAN_APPROVED_BASELINE,USER_ATTESTED_IN_CHAT_2026-05-30,v1.0-approved-baseline-knowledge
SHOWIF::SCN_WW_PROCESS_AND_TREATMENT::MONTHLY,SCN_WW_PROCESS_AND_TREATMENT,生产/医疗/清洗废水与污水处理设施,MONTHLY,KNOWLEDGE_WASTEWATER,生产/医疗/清洗废水与污水处理设施,S06,S10;S02;S03;S13,profile.scenarios.SCN_WW_PROCESS_AND_TREATMENT.active;profile.scenarios.SCN_WW_PROCESS_AND_TREATMENT.evidence_confirmed,"{""all"":[{""field"":""profile.scenarios.SCN_WW_PROCESS_AND_TREATMENT.active"",""operator"":""equals"",""value"":true,""source"":""approved_baseline_scenario_activation""}],""any_evidence"":[{""field"":""profile.scenarios.SCN_WW_PROCESS_AND_TREATMENT.evidence_confirmed"",""operator"":""equals"",""value"":true},{""field"":""profile.scenarios.SCN_WW_PROCESS_AND_TREATMENT.industry_default_recalled"",""operator"":""equals"",""value"":true},{""field"":""profile.scenarios.SCN_WW_PROCESS_AND_TREATMENT.process_trigger_recalled"",""operator"":""equals"",""value"":true},{""field"":""profile.scenarios.SCN_WW_PROCESS_AND_TREATMENT.permit_condition_recalled"",""operator"":""equals"",""value"":true}],""not"":[{""field"":""profile.scenarios.SCN_WW_PROCESS_AND_TREATMENT.not_applicable_confirmed"",""operator"":""equals"",""value"":true}]}",医疗机构、食品饮料、蔬菜加工、制浆造纸、涂料重点管理、人造革合成革等可能产生废水；重点管理或高水量场景优先确认污水站和在线监测,无湿法工序、无清洗废水、无医疗废水；仅生活污水且接管市政并无预处理管理要求,是否产生生产废水/清洗废水/医疗废水？；是否自建污水处理站或仅预处理后接管？；污水处理工艺是什么？；是否有废水在线监测？,SCN_WW_PROCESS_AND_TREATMENT:MONTHLY,approved scenario template + approved inspection candidate + approved score13 mapping,APPROVED_BASELINE,APPROVED_BASELINE_KNOWLEDGE,approved_baseline_export_ready,HUMAN_APPROVED_BASELINE,USER_ATTESTED_IN_CHAT_2026-05-30,v1.0-approved-baseline-knowledge
SHOWIF::SCN_VOCS_SOLVENT_AND_TREATMENT::FIRST,SCN_VOCS_SOLVENT_AND_TREATMENT,VOCs溶剂使用、无组织排放与废气治理,FIRST,KNOWLEDGE_EXHAUST,VOCs溶剂使用、无组织排放与废气治理,S10,S06;S02;S07,profile.scenarios.SCN_VOCS_SOLVENT_AND_TREATMENT.active;profile.scenarios.SCN_VOCS_SOLVENT_AND_TREATMENT.evidence_confirmed,"{""all"":[{""field"":""profile.scenarios.SCN_VOCS_SOLVENT_AND_TREATMENT.active"",""operator"":""equals"",""value"":true,""source"":""approved_baseline_scenario_activation""}],""any_evidence"":[{""field"":""profile.scenarios.SCN_VOCS_SOLVENT_AND_TREATMENT.evidence_confirmed"",""operator"":""equals"",""value"":true},{""field"":""profile.scenarios.SCN_VOCS_SOLVENT_AND_TREATMENT.industry_default_recalled"",""operator"":""equals"",""value"":true},{""field"":""profile.scenarios.SCN_VOCS_SOLVENT_AND_TREATMENT.process_trigger_recalled"",""operator"":""equals"",""value"":true},{""field"":""profile.scenarios.SCN_VOCS_SOLVENT_AND_TREATMENT.permit_condition_recalled"",""operator"":""equals"",""value"":true}],""not"":[{""field"":""profile.scenarios.SCN_VOCS_SOLVENT_AND_TREATMENT.not_applicable_confirmed"",""operator"":""equals"",""value"":true}]}",使用油墨、涂料、胶黏剂、清洗剂、溶剂或发泡剂；存在喷涂、涂布、调配、加热、溶剂清洗或有机废气治理设施,全水性低VOCs原辅料且无加热、喷涂、涂布、溶剂清洗；仅登记小规模时不得默认排除，应保留UNKNOWN确认,使用油墨/涂料/胶黏剂/清洗剂类型和年用量？；是否有密闭收集和治理设施？；是否产生废活性炭/废过滤棉/废包装桶？,SCN_VOCS_SOLVENT_AND_TREATMENT:FIRST,approved scenario template + approved inspection candidate + approved score13 mapping,APPROVED_BASELINE,APPROVED_BASELINE_KNOWLEDGE,approved_baseline_export_ready,HUMAN_APPROVED_BASELINE,USER_ATTESTED_IN_CHAT_2026-05-30,v1.0-approved-baseline-knowledge
SHOWIF::SCN_VOCS_SOLVENT_AND_TREATMENT::MONTHLY,SCN_VOCS_SOLVENT_AND_TREATMENT,VOCs溶剂使用、无组织排放与废气治理,MONTHLY,KNOWLEDGE_EXHAUST,VOCs溶剂使用、无组织排放与废气治理,S10,S06;S02;S07,profile.scenarios.SCN_VOCS_SOLVENT_AND_TREATMENT.active;profile.scenarios.SCN_VOCS_SOLVENT_AND_TREATMENT.evidence_confirmed,"{""all"":[{""field"":""profile.scenarios.SCN_VOCS_SOLVENT_AND_TREATMENT.active"",""operator"":""equals"",""value"":true,""source"":""approved_baseline_scenario_activation""}],""any_evidence"":[{""field"":""profile.scenarios.SCN_VOCS_SOLVENT_AND_TREATMENT.evidence_confirmed"",""operator"":""equals"",""value"":true},{""field"":""profile.scenarios.SCN_VOCS_SOLVENT_AND_TREATMENT.industry_default_recalled"",""operator"":""equals"",""value"":true},{""field"":""profile.scenarios.SCN_VOCS_SOLVENT_AND_TREATMENT.process_trigger_recalled"",""operator"":""equals"",""value"":true},{""field"":""profile.scenarios.SCN_VOCS_SOLVENT_AND_TREATMENT.permit_condition_recalled"",""operator"":""equals"",""value"":true}],""not"":[{""field"":""profile.scenarios.SCN_VOCS_SOLVENT_AND_TREATMENT.not_applicable_confirmed"",""operator"":""equals"",""value"":true}]}",使用油墨、涂料、胶黏剂、清洗剂、溶剂或发泡剂；存在喷涂、涂布、调配、加热、溶剂清洗或有机废气治理设施,全水性低VOCs原辅料且无加热、喷涂、涂布、溶剂清洗；仅登记小规模时不得默认排除，应保留UNKNOWN确认,使用油墨/涂料/胶黏剂/清洗剂类型和年用量？；是否有密闭收集和治理设施？；是否产生废活性炭/废过滤棉/废包装桶？,SCN_VOCS_SOLVENT_AND_TREATMENT:MONTHLY,approved scenario template + approved inspection candidate + approved score13 mapping,APPROVED_BASELINE,APPROVED_BASELINE_KNOWLEDGE,approved_baseline_export_ready,HUMAN_APPROVED_BASELINE,USER_ATTESTED_IN_CHAT_2026-05-30,v1.0-approved-baseline-knowledge
SHOWIF::SCN_HAZWASTE_STORAGE_TRANSFER::FIRST,SCN_HAZWASTE_STORAGE_TRANSFER,危险废物识别、暂存与转移,FIRST,KNOWLEDGE_SOLID_WASTE_RISK,危险废物识别、暂存与转移,S07,S02;S09;S13,profile.scenarios.SCN_HAZWASTE_STORAGE_TRANSFER.active;profile.scenarios.SCN_HAZWASTE_STORAGE_TRANSFER.evidence_confirmed,"{""all"":[{""field"":""profile.scenarios.SCN_HAZWASTE_STORAGE_TRANSFER.active"",""operator"":""equals"",""value"":true,""source"":""approved_baseline_scenario_activation""}],""any_evidence"":[{""field"":""profile.scenarios.SCN_HAZWASTE_STORAGE_TRANSFER.evidence_confirmed"",""operator"":""equals"",""value"":true},{""field"":""profile.scenarios.SCN_HAZWASTE_STORAGE_TRANSFER.industry_default_recalled"",""operator"":""equals"",""value"":true},{""field"":""profile.scenarios.SCN_HAZWASTE_STORAGE_TRANSFER.process_trigger_recalled"",""operator"":""equals"",""value"":true},{""field"":""profile.scenarios.SCN_HAZWASTE_STORAGE_TRANSFER.permit_condition_recalled"",""operator"":""equals"",""value"":true}],""not"":[{""field"":""profile.scenarios.SCN_HAZWASTE_STORAGE_TRANSFER.not_applicable_confirmed"",""operator"":""equals"",""value"":true}]}",使用危险化学品、油墨、涂料、溶剂、机油或有废气治理耗材；医疗检验试剂、加油站废机油、废包装桶等场景,无危险特性原辅料、无废气治理耗材、无机修废油且环评/许可明确不产生危废,是否产生废油墨/废溶剂/废活性炭/废包装桶/废机油？；危废代码和去向是什么？；暂存间是否防渗防雨防流失？,SCN_HAZWASTE_STORAGE_TRANSFER:FIRST,approved scenario template + approved inspection candidate + approved score13 mapping,APPROVED_BASELINE,APPROVED_BASELINE_KNOWLEDGE,approved_baseline_export_ready,HUMAN_APPROVED_BASELINE,USER_ATTESTED_IN_CHAT_2026-05-30,v1.0-approved-baseline-knowledge
SHOWIF::SCN_HAZWASTE_STORAGE_TRANSFER::MONTHLY,SCN_HAZWASTE_STORAGE_TRANSFER,危险废物识别、暂存与转移,MONTHLY,KNOWLEDGE_SOLID_WASTE_RISK,危险废物识别、暂存与转移,S07,S02;S09;S13,profile.scenarios.SCN_HAZWASTE_STORAGE_TRANSFER.active;profile.scenarios.SCN_HAZWASTE_STORAGE_TRANSFER.evidence_confirmed,"{""all"":[{""field"":""profile.scenarios.SCN_HAZWASTE_STORAGE_TRANSFER.active"",""operator"":""equals"",""value"":true,""source"":""approved_baseline_scenario_activation""}],""any_evidence"":[{""field"":""profile.scenarios.SCN_HAZWASTE_STORAGE_TRANSFER.evidence_confirmed"",""operator"":""equals"",""value"":true},{""field"":""profile.scenarios.SCN_HAZWASTE_STORAGE_TRANSFER.industry_default_recalled"",""operator"":""equals"",""value"":true},{""field"":""profile.scenarios.SCN_HAZWASTE_STORAGE_TRANSFER.process_trigger_recalled"",""operator"":""equals"",""value"":true},{""field"":""profile.scenarios.SCN_HAZWASTE_STORAGE_TRANSFER.permit_condition_recalled"",""operator"":""equals"",""value"":true}],""not"":[{""field"":""profile.scenarios.SCN_HAZWASTE_STORAGE_TRANSFER.not_applicable_confirmed"",""operator"":""equals"",""value"":true}]}",使用危险化学品、油墨、涂料、溶剂、机油或有废气治理耗材；医疗检验试剂、加油站废机油、废包装桶等场景,无危险特性原辅料、无废气治理耗材、无机修废油且环评/许可明确不产生危废,是否产生废油墨/废溶剂/废活性炭/废包装桶/废机油？；危废代码和去向是什么？；暂存间是否防渗防雨防流失？,SCN_HAZWASTE_STORAGE_TRANSFER:MONTHLY,approved scenario template + approved inspection candidate + approved score13 mapping,APPROVED_BASELINE,APPROVED_BASELINE_KNOWLEDGE,approved_baseline_export_ready,HUMAN_APPROVED_BASELINE,USER_ATTESTED_IN_CHAT_2026-05-30,v1.0-approved-baseline-knowledge
SHOWIF::SCN_MEDICAL_WASTE_RADIATION::FIRST,SCN_MEDICAL_WASTE_RADIATION,医疗废物、医疗废水与放射诊疗确认,FIRST,KNOWLEDGE_MEDICAL_CROSS_MEDIA,医疗废物、医疗废水与放射诊疗确认,S07,S12;S06;S02;S10,profile.scenarios.SCN_MEDICAL_WASTE_RADIATION.active;profile.scenarios.SCN_MEDICAL_WASTE_RADIATION.evidence_confirmed,"{""all"":[{""field"":""profile.scenarios.SCN_MEDICAL_WASTE_RADIATION.active"",""operator"":""equals"",""value"":true,""source"":""approved_baseline_scenario_activation""}],""any_evidence"":[{""field"":""profile.scenarios.SCN_MEDICAL_WASTE_RADIATION.evidence_confirmed"",""operator"":""equals"",""value"":true},{""field"":""profile.scenarios.SCN_MEDICAL_WASTE_RADIATION.industry_default_recalled"",""operator"":""equals"",""value"":true},{""field"":""profile.scenarios.SCN_MEDICAL_WASTE_RADIATION.process_trigger_recalled"",""operator"":""equals"",""value"":true},{""field"":""profile.scenarios.SCN_MEDICAL_WASTE_RADIATION.permit_condition_recalled"",""operator"":""equals"",""value"":true}],""not"":[{""field"":""profile.scenarios.SCN_MEDICAL_WASTE_RADIATION.not_applicable_confirmed"",""operator"":""equals"",""value"":true}]}",综合医院及其他医疗机构；床位数、检验/病理科、有无放射科影响污水、VOCs、辐射、在线监测,非医疗机构；无诊疗活动的办公或咨询场所；无放射诊疗设备时辐射场景可落NO,床位数是多少？；是否设检验科/病理科并使用有机溶剂？；是否有放射科/核医学科？；医废暂存间如何管理？；污水如何处理？,SCN_MEDICAL_WASTE_RADIATION:FIRST,approved scenario template + approved inspection candidate + approved score13 mapping,APPROVED_BASELINE,APPROVED_BASELINE_KNOWLEDGE,approved_baseline_export_ready,HUMAN_APPROVED_BASELINE,USER_ATTESTED_IN_CHAT_2026-05-30,v1.0-approved-baseline-knowledge
SHOWIF::SCN_MEDICAL_WASTE_RADIATION::MONTHLY,SCN_MEDICAL_WASTE_RADIATION,医疗废物、医疗废水与放射诊疗确认,MONTHLY,KNOWLEDGE_MEDICAL_CROSS_MEDIA,医疗废物、医疗废水与放射诊疗确认,S07,S12;S06;S02;S10,profile.scenarios.SCN_MEDICAL_WASTE_RADIATION.active;profile.scenarios.SCN_MEDICAL_WASTE_RADIATION.evidence_confirmed,"{""all"":[{""field"":""profile.scenarios.SCN_MEDICAL_WASTE_RADIATION.active"",""operator"":""equals"",""value"":true,""source"":""approved_baseline_scenario_activation""}],""any_evidence"":[{""field"":""profile.scenarios.SCN_MEDICAL_WASTE_RADIATION.evidence_confirmed"",""operator"":""equals"",""value"":true},{""field"":""profile.scenarios.SCN_MEDICAL_WASTE_RADIATION.industry_default_recalled"",""operator"":""equals"",""value"":true},{""field"":""profile.scenarios.SCN_MEDICAL_WASTE_RADIATION.process_trigger_recalled"",""operator"":""equals"",""value"":true},{""field"":""profile.scenarios.SCN_MEDICAL_WASTE_RADIATION.permit_condition_recalled"",""operator"":""equals"",""value"":true}],""not"":[{""field"":""profile.scenarios.SCN_MEDICAL_WASTE_RADIATION.not_applicable_confirmed"",""operator"":""equals"",""value"":true}]}",综合医院及其他医疗机构；床位数、检验/病理科、有无放射科影响污水、VOCs、辐射、在线监测,非医疗机构；无诊疗活动的办公或咨询场所；无放射诊疗设备时辐射场景可落NO,床位数是多少？；是否设检验科/病理科并使用有机溶剂？；是否有放射科/核医学科？；医废暂存间如何管理？；污水如何处理？,SCN_MEDICAL_WASTE_RADIATION:MONTHLY,approved scenario template + approved inspection candidate + approved score13 mapping,APPROVED_BASELINE,APPROVED_BASELINE_KNOWLEDGE,approved_baseline_export_ready,HUMAN_APPROVED_BASELINE,USER_ATTESTED_IN_CHAT_2026-05-30,v1.0-approved-baseline-knowledge
SHOWIF::SCN_CHEMICAL_TANK_LDAR_SEEPAGE::FIRST,SCN_CHEMICAL_TANK_LDAR_SEEPAGE,液态化学品储罐、LDAR与防渗风险,FIRST,KNOWLEDGE_RISK_UNIT,液态化学品储罐、LDAR与防渗风险,S04,S10;S13;S02;S06,profile.scenarios.SCN_CHEMICAL_TANK_LDAR_SEEPAGE.active;profile.scenarios.SCN_CHEMICAL_TANK_LDAR_SEEPAGE.evidence_confirmed,"{""all"":[{""field"":""profile.scenarios.SCN_CHEMICAL_TANK_LDAR_SEEPAGE.active"",""operator"":""equals"",""value"":true,""source"":""approved_baseline_scenario_activation""}],""any_evidence"":[{""field"":""profile.scenarios.SCN_CHEMICAL_TANK_LDAR_SEEPAGE.evidence_confirmed"",""operator"":""equals"",""value"":true},{""field"":""profile.scenarios.SCN_CHEMICAL_TANK_LDAR_SEEPAGE.industry_default_recalled"",""operator"":""equals"",""value"":true},{""field"":""profile.scenarios.SCN_CHEMICAL_TANK_LDAR_SEEPAGE.process_trigger_recalled"",""operator"":""equals"",""value"":true},{""field"":""profile.scenarios.SCN_CHEMICAL_TANK_LDAR_SEEPAGE.permit_condition_recalled"",""operator"":""equals"",""value"":true}],""not"":[{""field"":""profile.scenarios.SCN_CHEMICAL_TANK_LDAR_SEEPAGE.not_applicable_confirmed"",""operator"":""equals"",""value"":true}]}",涂料制造重点管理、有大型油墨/溶剂储存、液态化学品罐区、挥发性有机液体装卸,无液态化学品储存；仅小包装桶且无固定管线/阀门组件时LDAR不宜默认YES,是否有固定储罐或液态化学品罐区？；储存物料是否为挥发性有机液体？；是否开展LDAR？；围堰/防渗/事故收集是否完善？,SCN_CHEMICAL_TANK_LDAR_SEEPAGE:FIRST,approved scenario template + approved inspection candidate + approved score13 mapping,APPROVED_BASELINE,APPROVED_BASELINE_KNOWLEDGE,approved_baseline_export_ready,HUMAN_APPROVED_BASELINE,USER_ATTESTED_IN_CHAT_2026-05-30,v1.0-approved-baseline-knowledge
SHOWIF::SCN_CHEMICAL_TANK_LDAR_SEEPAGE::MONTHLY,SCN_CHEMICAL_TANK_LDAR_SEEPAGE,液态化学品储罐、LDAR与防渗风险,MONTHLY,KNOWLEDGE_RISK_UNIT,液态化学品储罐、LDAR与防渗风险,S04,S10;S13;S02;S06,profile.scenarios.SCN_CHEMICAL_TANK_LDAR_SEEPAGE.active;profile.scenarios.SCN_CHEMICAL_TANK_LDAR_SEEPAGE.evidence_confirmed,"{""all"":[{""field"":""profile.scenarios.SCN_CHEMICAL_TANK_LDAR_SEEPAGE.active"",""operator"":""equals"",""value"":true,""source"":""approved_baseline_scenario_activation""}],""any_evidence"":[{""field"":""profile.scenarios.SCN_CHEMICAL_TANK_LDAR_SEEPAGE.evidence_confirmed"",""operator"":""equals"",""value"":true},{""field"":""profile.scenarios.SCN_CHEMICAL_TANK_LDAR_SEEPAGE.industry_default_recalled"",""operator"":""equals"",""value"":true},{""field"":""profile.scenarios.SCN_CHEMICAL_TANK_LDAR_SEEPAGE.process_trigger_recalled"",""operator"":""equals"",""value"":true},{""field"":""profile.scenarios.SCN_CHEMICAL_TANK_LDAR_SEEPAGE.permit_condition_recalled"",""operator"":""equals"",""value"":true}],""not"":[{""field"":""profile.scenarios.SCN_CHEMICAL_TANK_LDAR_SEEPAGE.not_applicable_confirmed"",""operator"":""equals"",""value"":true}]}",涂料制造重点管理、有大型油墨/溶剂储存、液态化学品罐区、挥发性有机液体装卸,无液态化学品储存；仅小包装桶且无固定管线/阀门组件时LDAR不宜默认YES,是否有固定储罐或液态化学品罐区？；储存物料是否为挥发性有机液体？；是否开展LDAR？；围堰/防渗/事故收集是否完善？,SCN_CHEMICAL_TANK_LDAR_SEEPAGE:MONTHLY,approved scenario template + approved inspection candidate + approved score13 mapping,APPROVED_BASELINE,APPROVED_BASELINE_KNOWLEDGE,approved_baseline_export_ready,HUMAN_APPROVED_BASELINE,USER_ATTESTED_IN_CHAT_2026-05-30,v1.0-approved-baseline-knowledge
SHOWIF::SCN_GAS_STATION_VAPOR_UST::FIRST,SCN_GAS_STATION_VAPOR_UST,加油站油气回收、地下储罐与土壤地下水风险,FIRST,KNOWLEDGE_EXHAUST_SOIL_GROUNDWATER,加油站油气回收、地下储罐与土壤地下水风险,S06,S04;S10;S02,profile.scenarios.SCN_GAS_STATION_VAPOR_UST.active;profile.scenarios.SCN_GAS_STATION_VAPOR_UST.evidence_confirmed,"{""all"":[{""field"":""profile.scenarios.SCN_GAS_STATION_VAPOR_UST.active"",""operator"":""equals"",""value"":true,""source"":""approved_baseline_scenario_activation""}],""any_evidence"":[{""field"":""profile.scenarios.SCN_GAS_STATION_VAPOR_UST.evidence_confirmed"",""operator"":""equals"",""value"":true},{""field"":""profile.scenarios.SCN_GAS_STATION_VAPOR_UST.industry_default_recalled"",""operator"":""equals"",""value"":true},{""field"":""profile.scenarios.SCN_GAS_STATION_VAPOR_UST.process_trigger_recalled"",""operator"":""equals"",""value"":true},{""field"":""profile.scenarios.SCN_GAS_STATION_VAPOR_UST.permit_condition_recalled"",""operator"":""equals"",""value"":true}],""not"":[{""field"":""profile.scenarios.SCN_GAS_STATION_VAPOR_UST.not_applicable_confirmed"",""operator"":""equals"",""value"":true}]}",行业代码5265；经营汽油/柴油；存在地下储罐或油气回收系统,非成品油零售；仅充电站/便利店；无地下储罐或不经营汽柴油,是否经营汽油/柴油？；油气回收系统是否正常运行？；地下储罐是否双层罐或有防渗检测？；是否有洗车业务？,SCN_GAS_STATION_VAPOR_UST:FIRST,approved scenario template + approved inspection candidate + approved score13 mapping,APPROVED_BASELINE,APPROVED_BASELINE_KNOWLEDGE,approved_baseline_export_ready,HUMAN_APPROVED_BASELINE,USER_ATTESTED_IN_CHAT_2026-05-30,v1.0-approved-baseline-knowledge
SHOWIF::SCN_GAS_STATION_VAPOR_UST::MONTHLY,SCN_GAS_STATION_VAPOR_UST,加油站油气回收、地下储罐与土壤地下水风险,MONTHLY,KNOWLEDGE_EXHAUST_SOIL_GROUNDWATER,加油站油气回收、地下储罐与土壤地下水风险,S06,S04;S10;S02,profile.scenarios.SCN_GAS_STATION_VAPOR_UST.active;profile.scenarios.SCN_GAS_STATION_VAPOR_UST.evidence_confirmed,"{""all"":[{""field"":""profile.scenarios.SCN_GAS_STATION_VAPOR_UST.active"",""operator"":""equals"",""value"":true,""source"":""approved_baseline_scenario_activation""}],""any_evidence"":[{""field"":""profile.scenarios.SCN_GAS_STATION_VAPOR_UST.evidence_confirmed"",""operator"":""equals"",""value"":true},{""field"":""profile.scenarios.SCN_GAS_STATION_VAPOR_UST.industry_default_recalled"",""operator"":""equals"",""value"":true},{""field"":""profile.scenarios.SCN_GAS_STATION_VAPOR_UST.process_trigger_recalled"",""operator"":""equals"",""value"":true},{""field"":""profile.scenarios.SCN_GAS_STATION_VAPOR_UST.permit_condition_recalled"",""operator"":""equals"",""value"":true}],""not"":[{""field"":""profile.scenarios.SCN_GAS_STATION_VAPOR_UST.not_applicable_confirmed"",""operator"":""equals"",""value"":true}]}",行业代码5265；经营汽油/柴油；存在地下储罐或油气回收系统,非成品油零售；仅充电站/便利店；无地下储罐或不经营汽柴油,是否经营汽油/柴油？；油气回收系统是否正常运行？；地下储罐是否双层罐或有防渗检测？；是否有洗车业务？,SCN_GAS_STATION_VAPOR_UST:MONTHLY,approved scenario template + approved inspection candidate + approved score13 mapping,APPROVED_BASELINE,APPROVED_BASELINE_KNOWLEDGE,approved_baseline_export_ready,HUMAN_APPROVED_BASELINE,USER_ATTESTED_IN_CHAT_2026-05-30,v1.0-approved-baseline-knowledge
SHOWIF::SCN_DUST_PARTICULATE_CONTROL::FIRST,SCN_DUST_PARTICULATE_CONTROL,粉尘颗粒物产生与除尘设施,FIRST,KNOWLEDGE_EXHAUST_PARTICULATE,粉尘颗粒物产生与除尘设施,S10,S06;S04;S03,profile.scenarios.SCN_DUST_PARTICULATE_CONTROL.active;profile.scenarios.SCN_DUST_PARTICULATE_CONTROL.evidence_confirmed,"{""all"":[{""field"":""profile.scenarios.SCN_DUST_PARTICULATE_CONTROL.active"",""operator"":""equals"",""value"":true,""source"":""approved_baseline_scenario_activation""}],""any_evidence"":[{""field"":""profile.scenarios.SCN_DUST_PARTICULATE_CONTROL.evidence_confirmed"",""operator"":""equals"",""value"":true},{""field"":""profile.scenarios.SCN_DUST_PARTICULATE_CONTROL.industry_default_recalled"",""operator"":""equals"",""value"":true},{""field"":""profile.scenarios.SCN_DUST_PARTICULATE_CONTROL.process_trigger_recalled"",""operator"":""equals"",""value"":true},{""field"":""profile.scenarios.SCN_DUST_PARTICULATE_CONTROL.permit_condition_recalled"",""operator"":""equals"",""value"":true}],""not"":[{""field"":""profile.scenarios.SCN_DUST_PARTICULATE_CONTROL.not_applicable_confirmed"",""operator"":""equals"",""value"":true}]}",水泥制造、水泥粉磨、石灰石膏制造等粉尘颗粒物场景；熟料、粉磨、破碎、筛分、散装粉料装卸,无粉碎、粉磨、破碎、筛分、散装粉料装卸；纯湿法且无颗粒物排放工序,是否有熟料生产/粉磨/破碎/筛分？；是否仅粉磨？；除尘设施类型是什么？；是否安装在线监测？,SCN_DUST_PARTICULATE_CONTROL:FIRST,approved scenario template + approved inspection candidate + approved score13 mapping,APPROVED_BASELINE,APPROVED_BASELINE_KNOWLEDGE,approved_baseline_export_ready,HUMAN_APPROVED_BASELINE,USER_ATTESTED_IN_CHAT_2026-05-30,v1.0-approved-baseline-knowledge
SHOWIF::SCN_DUST_PARTICULATE_CONTROL::MONTHLY,SCN_DUST_PARTICULATE_CONTROL,粉尘颗粒物产生与除尘设施,MONTHLY,KNOWLEDGE_EXHAUST_PARTICULATE,粉尘颗粒物产生与除尘设施,S10,S06;S04;S03,profile.scenarios.SCN_DUST_PARTICULATE_CONTROL.active;profile.scenarios.SCN_DUST_PARTICULATE_CONTROL.evidence_confirmed,"{""all"":[{""field"":""profile.scenarios.SCN_DUST_PARTICULATE_CONTROL.active"",""operator"":""equals"",""value"":true,""source"":""approved_baseline_scenario_activation""}],""any_evidence"":[{""field"":""profile.scenarios.SCN_DUST_PARTICULATE_CONTROL.evidence_confirmed"",""operator"":""equals"",""value"":true},{""field"":""profile.scenarios.SCN_DUST_PARTICULATE_CONTROL.industry_default_recalled"",""operator"":""equals"",""value"":true},{""field"":""profile.scenarios.SCN_DUST_PARTICULATE_CONTROL.process_trigger_recalled"",""operator"":""equals"",""value"":true},{""field"":""profile.scenarios.SCN_DUST_PARTICULATE_CONTROL.permit_condition_recalled"",""operator"":""equals"",""value"":true}],""not"":[{""field"":""profile.scenarios.SCN_DUST_PARTICULATE_CONTROL.not_applicable_confirmed"",""operator"":""equals"",""value"":true}]}",水泥制造、水泥粉磨、石灰石膏制造等粉尘颗粒物场景；熟料、粉磨、破碎、筛分、散装粉料装卸,无粉碎、粉磨、破碎、筛分、散装粉料装卸；纯湿法且无颗粒物排放工序,是否有熟料生产/粉磨/破碎/筛分？；是否仅粉磨？；除尘设施类型是什么？；是否安装在线监测？,SCN_DUST_PARTICULATE_CONTROL:MONTHLY,approved scenario template + approved inspection candidate + approved score13 mapping,APPROVED_BASELINE,APPROVED_BASELINE_KNOWLEDGE,approved_baseline_export_ready,HUMAN_APPROVED_BASELINE,USER_ATTESTED_IN_CHAT_2026-05-30,v1.0-approved-baseline-knowledge
SHOWIF::SCN_ONLINE_MONITORING_KEY_UNIT::FIRST,SCN_ONLINE_MONITORING_KEY_UNIT,重点管理/重点排污单位在线监测,FIRST,KNOWLEDGE_COMPLIANCE_MONITORING,重点管理/重点排污单位在线监测,S03,S02;S10,profile.scenarios.SCN_ONLINE_MONITORING_KEY_UNIT.active;profile.scenarios.SCN_ONLINE_MONITORING_KEY_UNIT.evidence_confirmed,"{""all"":[{""field"":""profile.scenarios.SCN_ONLINE_MONITORING_KEY_UNIT.active"",""operator"":""equals"",""value"":true,""source"":""approved_baseline_scenario_activation""}],""any_evidence"":[{""field"":""profile.scenarios.SCN_ONLINE_MONITORING_KEY_UNIT.evidence_confirmed"",""operator"":""equals"",""value"":true},{""field"":""profile.scenarios.SCN_ONLINE_MONITORING_KEY_UNIT.industry_default_recalled"",""operator"":""equals"",""value"":true},{""field"":""profile.scenarios.SCN_ONLINE_MONITORING_KEY_UNIT.process_trigger_recalled"",""operator"":""equals"",""value"":true},{""field"":""profile.scenarios.SCN_ONLINE_MONITORING_KEY_UNIT.permit_condition_recalled"",""operator"":""equals"",""value"":true}],""not"":[{""field"":""profile.scenarios.SCN_ONLINE_MONITORING_KEY_UNIT.not_applicable_confirmed"",""operator"":""equals"",""value"":true}]}",重点管理、重点排污单位、地方要求安装在线监测；重点废水或废气主要排口,登记管理、小规模且未纳入重点排污单位名录；无主要排口或无地方安装要求,是否为重点排污单位？；哪些排口安装在线监测？；是否联网生态环境部门？；在线设备是否运维有效？,SCN_ONLINE_MONITORING_KEY_UNIT:FIRST,approved scenario template + approved inspection candidate + approved score13 mapping,APPROVED_BASELINE,APPROVED_BASELINE_KNOWLEDGE,approved_baseline_export_ready,HUMAN_APPROVED_BASELINE,USER_ATTESTED_IN_CHAT_2026-05-30,v1.0-approved-baseline-knowledge
SHOWIF::SCN_ONLINE_MONITORING_KEY_UNIT::MONTHLY,SCN_ONLINE_MONITORING_KEY_UNIT,重点管理/重点排污单位在线监测,MONTHLY,KNOWLEDGE_COMPLIANCE_MONITORING,重点管理/重点排污单位在线监测,S03,S02;S10,profile.scenarios.SCN_ONLINE_MONITORING_KEY_UNIT.active;profile.scenarios.SCN_ONLINE_MONITORING_KEY_UNIT.evidence_confirmed,"{""all"":[{""field"":""profile.scenarios.SCN_ONLINE_MONITORING_KEY_UNIT.active"",""operator"":""equals"",""value"":true,""source"":""approved_baseline_scenario_activation""}],""any_evidence"":[{""field"":""profile.scenarios.SCN_ONLINE_MONITORING_KEY_UNIT.evidence_confirmed"",""operator"":""equals"",""value"":true},{""field"":""profile.scenarios.SCN_ONLINE_MONITORING_KEY_UNIT.industry_default_recalled"",""operator"":""equals"",""value"":true},{""field"":""profile.scenarios.SCN_ONLINE_MONITORING_KEY_UNIT.process_trigger_recalled"",""operator"":""equals"",""value"":true},{""field"":""profile.scenarios.SCN_ONLINE_MONITORING_KEY_UNIT.permit_condition_recalled"",""operator"":""equals"",""value"":true}],""not"":[{""field"":""profile.scenarios.SCN_ONLINE_MONITORING_KEY_UNIT.not_applicable_confirmed"",""operator"":""equals"",""value"":true}]}",重点管理、重点排污单位、地方要求安装在线监测；重点废水或废气主要排口,登记管理、小规模且未纳入重点排污单位名录；无主要排口或无地方安装要求,是否为重点排污单位？；哪些排口安装在线监测？；是否联网生态环境部门？；在线设备是否运维有效？,SCN_ONLINE_MONITORING_KEY_UNIT:MONTHLY,approved scenario template + approved inspection candidate + approved score13 mapping,APPROVED_BASELINE,APPROVED_BASELINE_KNOWLEDGE,approved_baseline_export_ready,HUMAN_APPROVED_BASELINE,USER_ATTESTED_IN_CHAT_2026-05-30,v1.0-approved-baseline-knowledge
SHOWIF::SCN_RAINWATER_ACCIDENT_EMERGENCY::FIRST,SCN_RAINWATER_ACCIDENT_EMERGENCY,雨污分流、事故水与环境应急,FIRST,KNOWLEDGE_ENVIRONMENTAL_RISK,雨污分流、事故水与环境应急,S13,S10;S06;S04;S02,profile.scenarios.SCN_RAINWATER_ACCIDENT_EMERGENCY.active;profile.scenarios.SCN_RAINWATER_ACCIDENT_EMERGENCY.evidence_confirmed,"{""all"":[{""field"":""profile.scenarios.SCN_RAINWATER_ACCIDENT_EMERGENCY.active"",""operator"":""equals"",""value"":true,""source"":""approved_baseline_scenario_activation""}],""any_evidence"":[{""field"":""profile.scenarios.SCN_RAINWATER_ACCIDENT_EMERGENCY.evidence_confirmed"",""operator"":""equals"",""value"":true},{""field"":""profile.scenarios.SCN_RAINWATER_ACCIDENT_EMERGENCY.industry_default_recalled"",""operator"":""equals"",""value"":true},{""field"":""profile.scenarios.SCN_RAINWATER_ACCIDENT_EMERGENCY.process_trigger_recalled"",""operator"":""equals"",""value"":true},{""field"":""profile.scenarios.SCN_RAINWATER_ACCIDENT_EMERGENCY.permit_condition_recalled"",""operator"":""equals"",""value"":true}],""not"":[{""field"":""profile.scenarios.SCN_RAINWATER_ACCIDENT_EMERGENCY.not_applicable_confirmed"",""operator"":""equals"",""value"":true}]}",有化学品、危废、污水站、储罐、地下罐、装卸区或事故水收集要求；大多数行业该项应保留UNKNOWN由现场确认,无涉水/涉危/涉油/涉化风险单元；厂区雨污分流清晰且无事故水收集要求,厂区是否雨污分流？；风险单元是否有围堰和防渗？；是否有事故水收集设施？；应急物资是否按风险配置？,SCN_RAINWATER_ACCIDENT_EMERGENCY:FIRST,approved scenario template + approved inspection candidate + approved score13 mapping,APPROVED_BASELINE,APPROVED_BASELINE_KNOWLEDGE,approved_baseline_export_ready,HUMAN_APPROVED_BASELINE,USER_ATTESTED_IN_CHAT_2026-05-30,v1.0-approved-baseline-knowledge
SHOWIF::SCN_RAINWATER_ACCIDENT_EMERGENCY::MONTHLY,SCN_RAINWATER_ACCIDENT_EMERGENCY,雨污分流、事故水与环境应急,MONTHLY,KNOWLEDGE_ENVIRONMENTAL_RISK,雨污分流、事故水与环境应急,S13,S10;S06;S04;S02,profile.scenarios.SCN_RAINWATER_ACCIDENT_EMERGENCY.active;profile.scenarios.SCN_RAINWATER_ACCIDENT_EMERGENCY.evidence_confirmed,"{""all"":[{""field"":""profile.scenarios.SCN_RAINWATER_ACCIDENT_EMERGENCY.active"",""operator"":""equals"",""value"":true,""source"":""approved_baseline_scenario_activation""}],""any_evidence"":[{""field"":""profile.scenarios.SCN_RAINWATER_ACCIDENT_EMERGENCY.evidence_confirmed"",""operator"":""equals"",""value"":true},{""field"":""profile.scenarios.SCN_RAINWATER_ACCIDENT_EMERGENCY.industry_default_recalled"",""operator"":""equals"",""value"":true},{""field"":""profile.scenarios.SCN_RAINWATER_ACCIDENT_EMERGENCY.process_trigger_recalled"",""operator"":""equals"",""value"":true},{""field"":""profile.scenarios.SCN_RAINWATER_ACCIDENT_EMERGENCY.permit_condition_recalled"",""operator"":""equals"",""value"":true}],""not"":[{""field"":""profile.scenarios.SCN_RAINWATER_ACCIDENT_EMERGENCY.not_applicable_confirmed"",""operator"":""equals"",""value"":true}]}",有化学品、危废、污水站、储罐、地下罐、装卸区或事故水收集要求；大多数行业该项应保留UNKNOWN由现场确认,无涉水/涉危/涉油/涉化风险单元；厂区雨污分流清晰且无事故水收集要求,厂区是否雨污分流？；风险单元是否有围堰和防渗？；是否有事故水收集设施？；应急物资是否按风险配置？,SCN_RAINWATER_ACCIDENT_EMERGENCY:MONTHLY,approved scenario template + approved inspection candidate + approved score13 mapping,APPROVED_BASELINE,APPROVED_BASELINE_KNOWLEDGE,approved_baseline_export_ready,HUMAN_APPROVED_BASELINE,USER_ATTESTED_IN_CHAT_2026-05-30,v1.0-approved-baseline-knowledge
SHOWIF::SCN_TRAINING_SIGNAGE_REVIEW_GAP::FIRST,SCN_TRAINING_SIGNAGE_REVIEW_GAP,环保培训、标识公示与历史问题闭环补强,FIRST,KNOWLEDGE_GOVERNANCE,环保培训、标识公示与历史问题闭环补强,S08,S09;S11;S13,profile.scenarios.SCN_TRAINING_SIGNAGE_REVIEW_GAP.active;profile.scenarios.SCN_TRAINING_SIGNAGE_REVIEW_GAP.evidence_confirmed,"{""all"":[{""field"":""profile.scenarios.SCN_TRAINING_SIGNAGE_REVIEW_GAP.active"",""operator"":""equals"",""value"":true,""source"":""approved_baseline_scenario_activation""}],""any_evidence"":[{""field"":""profile.scenarios.SCN_TRAINING_SIGNAGE_REVIEW_GAP.evidence_confirmed"",""operator"":""equals"",""value"":true},{""field"":""profile.scenarios.SCN_TRAINING_SIGNAGE_REVIEW_GAP.industry_default_recalled"",""operator"":""equals"",""value"":true},{""field"":""profile.scenarios.SCN_TRAINING_SIGNAGE_REVIEW_GAP.process_trigger_recalled"",""operator"":""equals"",""value"":true},{""field"":""profile.scenarios.SCN_TRAINING_SIGNAGE_REVIEW_GAP.permit_condition_recalled"",""operator"":""equals"",""value"":true}],""not"":[{""field"":""profile.scenarios.SCN_TRAINING_SIGNAGE_REVIEW_GAP.not_applicable_confirmed"",""operator"":""equals"",""value"":true}]}",现有24标签没有承载S08/S09/S11的完整语义；作为知识图谱二级维度补强而非默认行业产污场景,不得作为行业默认污染场景判断企业适用性；仅在排查模板或报告维度增强时启用,是否开展环保培训并留存签到/照片/试卷？；关键环保标识、标牌、制度是否上墙？；历史问题是否闭环并有防复发措施？,SCN_TRAINING_SIGNAGE_REVIEW_GAP:FIRST,approved scenario template + approved inspection candidate + approved score13 mapping,APPROVED_BASELINE,APPROVED_BASELINE_KNOWLEDGE,approved_baseline_export_ready,HUMAN_APPROVED_BASELINE,USER_ATTESTED_IN_CHAT_2026-05-30,v1.0-approved-baseline-knowledge
SHOWIF::SCN_TRAINING_SIGNAGE_REVIEW_GAP::MONTHLY,SCN_TRAINING_SIGNAGE_REVIEW_GAP,环保培训、标识公示与历史问题闭环补强,MONTHLY,KNOWLEDGE_GOVERNANCE,环保培训、标识公示与历史问题闭环补强,S08,S09;S11;S13,profile.scenarios.SCN_TRAINING_SIGNAGE_REVIEW_GAP.active;profile.scenarios.SCN_TRAINING_SIGNAGE_REVIEW_GAP.evidence_confirmed,"{""all"":[{""field"":""profile.scenarios.SCN_TRAINING_SIGNAGE_REVIEW_GAP.active"",""operator"":""equals"",""value"":true,""source"":""approved_baseline_scenario_activation""}],""any_evidence"":[{""field"":""profile.scenarios.SCN_TRAINING_SIGNAGE_REVIEW_GAP.evidence_confirmed"",""operator"":""equals"",""value"":true},{""field"":""profile.scenarios.SCN_TRAINING_SIGNAGE_REVIEW_GAP.industry_default_recalled"",""operator"":""equals"",""value"":true},{""field"":""profile.scenarios.SCN_TRAINING_SIGNAGE_REVIEW_GAP.process_trigger_recalled"",""operator"":""equals"",""value"":true},{""field"":""profile.scenarios.SCN_TRAINING_SIGNAGE_REVIEW_GAP.permit_condition_recalled"",""operator"":""equals"",""value"":true}],""not"":[{""field"":""profile.scenarios.SCN_TRAINING_SIGNAGE_REVIEW_GAP.not_applicable_confirmed"",""operator"":""equals"",""value"":true}]}",现有24标签没有承载S08/S09/S11的完整语义；作为知识图谱二级维度补强而非默认行业产污场景,不得作为行业默认污染场景判断企业适用性；仅在排查模板或报告维度增强时启用,是否开展环保培训并留存签到/照片/试卷？；关键环保标识、标牌、制度是否上墙？；历史问题是否闭环并有防复发措施？,SCN_TRAINING_SIGNAGE_REVIEW_GAP:MONTHLY,approved scenario template + approved inspection candidate + approved score13 mapping,APPROVED_BASELINE,APPROVED_BASELINE_KNOWLEDGE,approved_baseline_export_ready,HUMAN_APPROVED_BASELINE,USER_ATTESTED_IN_CHAT_2026-05-30,v1.0-approved-baseline-knowledge
SHOWIF::SCN_NOISE_SOURCE_BOUNDARY_CONTROL::FIRST,SCN_NOISE_SOURCE_BOUNDARY_CONTROL,工业企业噪声源与厂界噪声控制,FIRST,KNOWLEDGE_NOISE,工业企业噪声源与厂界噪声控制,S10,S04;S02;S06,profile.scenarios.SCN_NOISE_SOURCE_BOUNDARY_CONTROL.active;profile.scenarios.SCN_NOISE_SOURCE_BOUNDARY_CONTROL.evidence_confirmed,"{""all"":[{""field"":""profile.scenarios.SCN_NOISE_SOURCE_BOUNDARY_CONTROL.active"",""operator"":""equals"",""value"":true,""source"":""approved_baseline_scenario_activation""}],""any_evidence"":[{""field"":""profile.scenarios.SCN_NOISE_SOURCE_BOUNDARY_CONTROL.evidence_confirmed"",""operator"":""equals"",""value"":true},{""field"":""profile.scenarios.SCN_NOISE_SOURCE_BOUNDARY_CONTROL.industry_default_recalled"",""operator"":""equals"",""value"":true},{""field"":""profile.scenarios.SCN_NOISE_SOURCE_BOUNDARY_CONTROL.process_trigger_recalled"",""operator"":""equals"",""value"":true},{""field"":""profile.scenarios.SCN_NOISE_SOURCE_BOUNDARY_CONTROL.permit_condition_recalled"",""operator"":""equals"",""value"":true}],""not"":[{""field"":""profile.scenarios.SCN_NOISE_SOURCE_BOUNDARY_CONTROL.not_applicable_confirmed"",""operator"":""equals"",""value"":true}]}",存在生产加工设备、动力设备、风机泵类、破碎粉磨、切割冲压、冷却塔或其他明显噪声源；环评、排污许可、工业噪声技术规范或监测报告中出现厂界噪声、噪声源、隔声、减振、消声等要求,仅办公、贸易、仓储且无固定噪声源或夜间生产活动；现场确认无生产设备、无动力设备、无厂界噪声管理要求,主要噪声源设备有哪些，是否与环评/许可一致？；是否有隔声、减振、消声、距离衰减或厂房封闭措施？；厂界噪声监测点位、昼夜生产时段和监测结果是否完整？；是否存在夜间生产、投诉、周边敏感点或超标整改记录？,SCN_NOISE_SOURCE_BOUNDARY_CONTROL:FIRST,approved scenario template + approved inspection candidate + approved score13 mapping,APPROVED_BASELINE,APPROVED_BASELINE_KNOWLEDGE,approved_baseline_export_ready,HUMAN_APPROVED_BASELINE,USER_ATTESTED_IN_CHAT_2026-05-30,v1.0-approved-baseline-knowledge
SHOWIF::SCN_NOISE_SOURCE_BOUNDARY_CONTROL::MONTHLY,SCN_NOISE_SOURCE_BOUNDARY_CONTROL,工业企业噪声源与厂界噪声控制,MONTHLY,KNOWLEDGE_NOISE,工业企业噪声源与厂界噪声控制,S10,S04;S02;S06,profile.scenarios.SCN_NOISE_SOURCE_BOUNDARY_CONTROL.active;profile.scenarios.SCN_NOISE_SOURCE_BOUNDARY_CONTROL.evidence_confirmed,"{""all"":[{""field"":""profile.scenarios.SCN_NOISE_SOURCE_BOUNDARY_CONTROL.active"",""operator"":""equals"",""value"":true,""source"":""approved_baseline_scenario_activation""}],""any_evidence"":[{""field"":""profile.scenarios.SCN_NOISE_SOURCE_BOUNDARY_CONTROL.evidence_confirmed"",""operator"":""equals"",""value"":true},{""field"":""profile.scenarios.SCN_NOISE_SOURCE_BOUNDARY_CONTROL.industry_default_recalled"",""operator"":""equals"",""value"":true},{""field"":""profile.scenarios.SCN_NOISE_SOURCE_BOUNDARY_CONTROL.process_trigger_recalled"",""operator"":""equals"",""value"":true},{""field"":""profile.scenarios.SCN_NOISE_SOURCE_BOUNDARY_CONTROL.permit_condition_recalled"",""operator"":""equals"",""value"":true}],""not"":[{""field"":""profile.scenarios.SCN_NOISE_SOURCE_BOUNDARY_CONTROL.not_applicable_confirmed"",""operator"":""equals"",""value"":true}]}",存在生产加工设备、动力设备、风机泵类、破碎粉磨、切割冲压、冷却塔或其他明显噪声源；环评、排污许可、工业噪声技术规范或监测报告中出现厂界噪声、噪声源、隔声、减振、消声等要求,仅办公、贸易、仓储且无固定噪声源或夜间生产活动；现场确认无生产设备、无动力设备、无厂界噪声管理要求,主要噪声源设备有哪些，是否与环评/许可一致？；是否有隔声、减振、消声、距离衰减或厂房封闭措施？；厂界噪声监测点位、昼夜生产时段和监测结果是否完整？；是否存在夜间生产、投诉、周边敏感点或超标整改记录？,SCN_NOISE_SOURCE_BOUNDARY_CONTROL:MONTHLY,approved scenario template + approved inspection candidate + approved score13 mapping,APPROVED_BASELINE,APPROVED_BASELINE_KNOWLEDGE,approved_baseline_export_ready,HUMAN_APPROVED_BASELINE,USER_ATTESTED_IN_CHAT_2026-05-30,v1.0-approved-baseline-knowledge
SHOWIF::SCN_NOISE_BOUNDARY_MONITORING_LEDGER::FIRST,SCN_NOISE_BOUNDARY_MONITORING_LEDGER,厂界噪声监测、执行标准与台账,FIRST,KNOWLEDGE_NOISE,厂界噪声监测、执行标准与台账,S10,S02;S01,profile.scenarios.SCN_NOISE_BOUNDARY_MONITORING_LEDGER.active;profile.scenarios.SCN_NOISE_BOUNDARY_MONITORING_LEDGER.evidence_confirmed,"{""all"":[{""field"":""profile.scenarios.SCN_NOISE_BOUNDARY_MONITORING_LEDGER.active"",""operator"":""equals"",""value"":true,""source"":""approved_baseline_scenario_activation""}],""any_evidence"":[{""field"":""profile.scenarios.SCN_NOISE_BOUNDARY_MONITORING_LEDGER.evidence_confirmed"",""operator"":""equals"",""value"":true},{""field"":""profile.scenarios.SCN_NOISE_BOUNDARY_MONITORING_LEDGER.industry_default_recalled"",""operator"":""equals"",""value"":true},{""field"":""profile.scenarios.SCN_NOISE_BOUNDARY_MONITORING_LEDGER.process_trigger_recalled"",""operator"":""equals"",""value"":true},{""field"":""profile.scenarios.SCN_NOISE_BOUNDARY_MONITORING_LEDGER.permit_condition_recalled"",""operator"":""equals"",""value"":true}],""not"":[{""field"":""profile.scenarios.SCN_NOISE_BOUNDARY_MONITORING_LEDGER.not_applicable_confirmed"",""operator"":""equals"",""value"":true}]}",环评、排污许可、自行监测方案或监测报告要求厂界噪声监测；存在昼夜生产、连续生产、厂界功能区类别或GB 12348执行标准判定,无厂界噪声管理要求且仅需现场噪声源初筛；社会生活噪声场景应使用SCN_SOCIAL_LIFE_NOISE_SOURCE，不混用工业厂界标准,厂界噪声执行标准、功能区类别和昼夜限值如何确定？；自行监测方案、点位图、频次和监测报告是否完整？；是否存在超标、异常、投诉或整改闭环？,SCN_NOISE_BOUNDARY_MONITORING_LEDGER:FIRST,approved scenario template + approved inspection candidate + approved score13 mapping,APPROVED_BASELINE,APPROVED_BASELINE_KNOWLEDGE,approved_baseline_export_ready,HUMAN_APPROVED_BASELINE,USER_ATTESTED_IN_CHAT_2026-05-30,v1.0-approved-baseline-knowledge
SHOWIF::SCN_NOISE_BOUNDARY_MONITORING_LEDGER::MONTHLY,SCN_NOISE_BOUNDARY_MONITORING_LEDGER,厂界噪声监测、执行标准与台账,MONTHLY,KNOWLEDGE_NOISE,厂界噪声监测、执行标准与台账,S10,S02;S01,profile.scenarios.SCN_NOISE_BOUNDARY_MONITORING_LEDGER.active;profile.scenarios.SCN_NOISE_BOUNDARY_MONITORING_LEDGER.evidence_confirmed,"{""all"":[{""field"":""profile.scenarios.SCN_NOISE_BOUNDARY_MONITORING_LEDGER.active"",""operator"":""equals"",""value"":true,""source"":""approved_baseline_scenario_activation""}],""any_evidence"":[{""field"":""profile.scenarios.SCN_NOISE_BOUNDARY_MONITORING_LEDGER.evidence_confirmed"",""operator"":""equals"",""value"":true},{""field"":""profile.scenarios.SCN_NOISE_BOUNDARY_MONITORING_LEDGER.industry_default_recalled"",""operator"":""equals"",""value"":true},{""field"":""profile.scenarios.SCN_NOISE_BOUNDARY_MONITORING_LEDGER.process_trigger_recalled"",""operator"":""equals"",""value"":true},{""field"":""profile.scenarios.SCN_NOISE_BOUNDARY_MONITORING_LEDGER.permit_condition_recalled"",""operator"":""equals"",""value"":true}],""not"":[{""field"":""profile.scenarios.SCN_NOISE_BOUNDARY_MONITORING_LEDGER.not_applicable_confirmed"",""operator"":""equals"",""value"":true}]}",环评、排污许可、自行监测方案或监测报告要求厂界噪声监测；存在昼夜生产、连续生产、厂界功能区类别或GB 12348执行标准判定,无厂界噪声管理要求且仅需现场噪声源初筛；社会生活噪声场景应使用SCN_SOCIAL_LIFE_NOISE_SOURCE，不混用工业厂界标准,厂界噪声执行标准、功能区类别和昼夜限值如何确定？；自行监测方案、点位图、频次和监测报告是否完整？；是否存在超标、异常、投诉或整改闭环？,SCN_NOISE_BOUNDARY_MONITORING_LEDGER:MONTHLY,approved scenario template + approved inspection candidate + approved score13 mapping,APPROVED_BASELINE,APPROVED_BASELINE_KNOWLEDGE,approved_baseline_export_ready,HUMAN_APPROVED_BASELINE,USER_ATTESTED_IN_CHAT_2026-05-30,v1.0-approved-baseline-knowledge
SHOWIF::SCN_NOISE_SENSITIVE_RECEPTOR_NIGHT_OPERATION::FIRST,SCN_NOISE_SENSITIVE_RECEPTOR_NIGHT_OPERATION,夜间生产、敏感点与噪声投诉风险,FIRST,KNOWLEDGE_NOISE,夜间生产、敏感点与噪声投诉风险,S10,S04;S11;S13,profile.scenarios.SCN_NOISE_SENSITIVE_RECEPTOR_NIGHT_OPERATION.active;profile.scenarios.SCN_NOISE_SENSITIVE_RECEPTOR_NIGHT_OPERATION.evidence_confirmed,"{""all"":[{""field"":""profile.scenarios.SCN_NOISE_SENSITIVE_RECEPTOR_NIGHT_OPERATION.active"",""operator"":""equals"",""value"":true,""source"":""approved_baseline_scenario_activation""}],""any_evidence"":[{""field"":""profile.scenarios.SCN_NOISE_SENSITIVE_RECEPTOR_NIGHT_OPERATION.evidence_confirmed"",""operator"":""equals"",""value"":true},{""field"":""profile.scenarios.SCN_NOISE_SENSITIVE_RECEPTOR_NIGHT_OPERATION.industry_default_recalled"",""operator"":""equals"",""value"":true},{""field"":""profile.scenarios.SCN_NOISE_SENSITIVE_RECEPTOR_NIGHT_OPERATION.process_trigger_recalled"",""operator"":""equals"",""value"":true},{""field"":""profile.scenarios.SCN_NOISE_SENSITIVE_RECEPTOR_NIGHT_OPERATION.permit_condition_recalled"",""operator"":""equals"",""value"":true}],""not"":[{""field"":""profile.scenarios.SCN_NOISE_SENSITIVE_RECEPTOR_NIGHT_OPERATION.not_applicable_confirmed"",""operator"":""equals"",""value"":true}]}",存在夜间生产、连续生产或靠近居民、学校、医院、养老机构等声环境敏感点；存在噪声投诉、夜间监测、限产整改、厂界超标或环评敏感点预测,昼间单班生产、远离敏感目标且无投诉或夜间运行证据；仅道路、铁路、航空或施工噪声且非本企业固定源管理对象,企业是否夜间生产或连续运行？；最近敏感点距离、方向和功能是什么？；是否有投诉、夜间监测、限时运行或整改记录？,SCN_NOISE_SENSITIVE_RECEPTOR_NIGHT_OPERATION:FIRST,approved scenario template + approved inspection candidate + approved score13 mapping,APPROVED_BASELINE,APPROVED_BASELINE_KNOWLEDGE,approved_baseline_export_ready,HUMAN_APPROVED_BASELINE,USER_ATTESTED_IN_CHAT_2026-05-30,v1.0-approved-baseline-knowledge
SHOWIF::SCN_NOISE_SENSITIVE_RECEPTOR_NIGHT_OPERATION::MONTHLY,SCN_NOISE_SENSITIVE_RECEPTOR_NIGHT_OPERATION,夜间生产、敏感点与噪声投诉风险,MONTHLY,KNOWLEDGE_NOISE,夜间生产、敏感点与噪声投诉风险,S10,S04;S11;S13,profile.scenarios.SCN_NOISE_SENSITIVE_RECEPTOR_NIGHT_OPERATION.active;profile.scenarios.SCN_NOISE_SENSITIVE_RECEPTOR_NIGHT_OPERATION.evidence_confirmed,"{""all"":[{""field"":""profile.scenarios.SCN_NOISE_SENSITIVE_RECEPTOR_NIGHT_OPERATION.active"",""operator"":""equals"",""value"":true,""source"":""approved_baseline_scenario_activation""}],""any_evidence"":[{""field"":""profile.scenarios.SCN_NOISE_SENSITIVE_RECEPTOR_NIGHT_OPERATION.evidence_confirmed"",""operator"":""equals"",""value"":true},{""field"":""profile.scenarios.SCN_NOISE_SENSITIVE_RECEPTOR_NIGHT_OPERATION.industry_default_recalled"",""operator"":""equals"",""value"":true},{""field"":""profile.scenarios.SCN_NOISE_SENSITIVE_RECEPTOR_NIGHT_OPERATION.process_trigger_recalled"",""operator"":""equals"",""value"":true},{""field"":""profile.scenarios.SCN_NOISE_SENSITIVE_RECEPTOR_NIGHT_OPERATION.permit_condition_recalled"",""operator"":""equals"",""value"":true}],""not"":[{""field"":""profile.scenarios.SCN_NOISE_SENSITIVE_RECEPTOR_NIGHT_OPERATION.not_applicable_confirmed"",""operator"":""equals"",""value"":true}]}",存在夜间生产、连续生产或靠近居民、学校、医院、养老机构等声环境敏感点；存在噪声投诉、夜间监测、限产整改、厂界超标或环评敏感点预测,昼间单班生产、远离敏感目标且无投诉或夜间运行证据；仅道路、铁路、航空或施工噪声且非本企业固定源管理对象,企业是否夜间生产或连续运行？；最近敏感点距离、方向和功能是什么？；是否有投诉、夜间监测、限时运行或整改记录？,SCN_NOISE_SENSITIVE_RECEPTOR_NIGHT_OPERATION:MONTHLY,approved scenario template + approved inspection candidate + approved score13 mapping,APPROVED_BASELINE,APPROVED_BASELINE_KNOWLEDGE,approved_baseline_export_ready,HUMAN_APPROVED_BASELINE,USER_ATTESTED_IN_CHAT_2026-05-30,v1.0-approved-baseline-knowledge
SHOWIF::SCN_SOCIAL_LIFE_NOISE_SOURCE::FIRST,SCN_SOCIAL_LIFE_NOISE_SOURCE,社会生活噪声与经营活动噪声源,FIRST,KNOWLEDGE_NOISE,社会生活噪声与经营活动噪声源,S10,S04;S11,profile.scenarios.SCN_SOCIAL_LIFE_NOISE_SOURCE.active;profile.scenarios.SCN_SOCIAL_LIFE_NOISE_SOURCE.evidence_confirmed,"{""all"":[{""field"":""profile.scenarios.SCN_SOCIAL_LIFE_NOISE_SOURCE.active"",""operator"":""equals"",""value"":true,""source"":""approved_baseline_scenario_activation""}],""any_evidence"":[{""field"":""profile.scenarios.SCN_SOCIAL_LIFE_NOISE_SOURCE.evidence_confirmed"",""operator"":""equals"",""value"":true},{""field"":""profile.scenarios.SCN_SOCIAL_LIFE_NOISE_SOURCE.industry_default_recalled"",""operator"":""equals"",""value"":true},{""field"":""profile.scenarios.SCN_SOCIAL_LIFE_NOISE_SOURCE.process_trigger_recalled"",""operator"":""equals"",""value"":true},{""field"":""profile.scenarios.SCN_SOCIAL_LIFE_NOISE_SOURCE.permit_condition_recalled"",""operator"":""equals"",""value"":true}],""not"":[{""field"":""profile.scenarios.SCN_SOCIAL_LIFE_NOISE_SOURCE.not_applicable_confirmed"",""operator"":""equals"",""value"":true}]}",存在商业经营、餐饮娱乐、扩声、装卸、冷却塔/空调外机等社会生活噪声源；周边存在居民、学校、医院等声环境敏感目标或投诉记录,非经营活动场所且无固定社会生活噪声源；设备停用或拆除并有现场和台账证据,是否存在扩声、装卸、空调外机、冷却塔或夜间经营活动？；周边最近敏感点距离和方向是什么？；是否有投诉、整改、限时经营或降噪措施？,SCN_SOCIAL_LIFE_NOISE_SOURCE:FIRST,approved scenario template + approved inspection candidate + approved score13 mapping,APPROVED_BASELINE,APPROVED_BASELINE_KNOWLEDGE,approved_baseline_export_ready,HUMAN_APPROVED_BASELINE,USER_ATTESTED_IN_CHAT_2026-05-30,v1.0-approved-baseline-knowledge
SHOWIF::SCN_SOCIAL_LIFE_NOISE_SOURCE::MONTHLY,SCN_SOCIAL_LIFE_NOISE_SOURCE,社会生活噪声与经营活动噪声源,MONTHLY,KNOWLEDGE_NOISE,社会生活噪声与经营活动噪声源,S10,S04;S11,profile.scenarios.SCN_SOCIAL_LIFE_NOISE_SOURCE.active;profile.scenarios.SCN_SOCIAL_LIFE_NOISE_SOURCE.evidence_confirmed,"{""all"":[{""field"":""profile.scenarios.SCN_SOCIAL_LIFE_NOISE_SOURCE.active"",""operator"":""equals"",""value"":true,""source"":""approved_baseline_scenario_activation""}],""any_evidence"":[{""field"":""profile.scenarios.SCN_SOCIAL_LIFE_NOISE_SOURCE.evidence_confirmed"",""operator"":""equals"",""value"":true},{""field"":""profile.scenarios.SCN_SOCIAL_LIFE_NOISE_SOURCE.industry_default_recalled"",""operator"":""equals"",""value"":true},{""field"":""profile.scenarios.SCN_SOCIAL_LIFE_NOISE_SOURCE.process_trigger_recalled"",""operator"":""equals"",""value"":true},{""field"":""profile.scenarios.SCN_SOCIAL_LIFE_NOISE_SOURCE.permit_condition_recalled"",""operator"":""equals"",""value"":true}],""not"":[{""field"":""profile.scenarios.SCN_SOCIAL_LIFE_NOISE_SOURCE.not_applicable_confirmed"",""operator"":""equals"",""value"":true}]}",存在商业经营、餐饮娱乐、扩声、装卸、冷却塔/空调外机等社会生活噪声源；周边存在居民、学校、医院等声环境敏感目标或投诉记录,非经营活动场所且无固定社会生活噪声源；设备停用或拆除并有现场和台账证据,是否存在扩声、装卸、空调外机、冷却塔或夜间经营活动？；周边最近敏感点距离和方向是什么？；是否有投诉、整改、限时经营或降噪措施？,SCN_SOCIAL_LIFE_NOISE_SOURCE:MONTHLY,approved scenario template + approved inspection candidate + approved score13 mapping,APPROVED_BASELINE,APPROVED_BASELINE_KNOWLEDGE,approved_baseline_export_ready,HUMAN_APPROVED_BASELINE,USER_ATTESTED_IN_CHAT_2026-05-30,v1.0-approved-baseline-knowledge
SHOWIF::SCN_RADIATION_DEVICE_SOURCE_SAFETY::FIRST,SCN_RADIATION_DEVICE_SOURCE_SAFETY,射线装置与核技术利用辐射安全,FIRST,KNOWLEDGE_RADIATION,射线装置与核技术利用辐射安全,S12,S01;S02;S09;S13,profile.scenarios.SCN_RADIATION_DEVICE_SOURCE_SAFETY.active;profile.scenarios.SCN_RADIATION_DEVICE_SOURCE_SAFETY.evidence_confirmed,"{""all"":[{""field"":""profile.scenarios.SCN_RADIATION_DEVICE_SOURCE_SAFETY.active"",""operator"":""equals"",""value"":true,""source"":""approved_baseline_scenario_activation""}],""any_evidence"":[{""field"":""profile.scenarios.SCN_RADIATION_DEVICE_SOURCE_SAFETY.evidence_confirmed"",""operator"":""equals"",""value"":true},{""field"":""profile.scenarios.SCN_RADIATION_DEVICE_SOURCE_SAFETY.industry_default_recalled"",""operator"":""equals"",""value"":true},{""field"":""profile.scenarios.SCN_RADIATION_DEVICE_SOURCE_SAFETY.process_trigger_recalled"",""operator"":""equals"",""value"":true},{""field"":""profile.scenarios.SCN_RADIATION_DEVICE_SOURCE_SAFETY.permit_condition_recalled"",""operator"":""equals"",""value"":true}],""not"":[{""field"":""profile.scenarios.SCN_RADIATION_DEVICE_SOURCE_SAFETY.not_applicable_confirmed"",""operator"":""equals"",""value"":true}]}",存在射线装置、放射诊疗、工业探伤、辐照、核技术利用项目或辐射安全许可证；环评、许可、设备清单或现场标识中出现射线装置、放射源、辐射安全、防护检测等信息,无射线装置、无放射源、无核技术利用活动且有设备清单或现场证明；相关检测/诊疗/探伤全部外协且本场所不贮存设备或源项,是否持有辐射安全许可证或放射诊疗许可，许可范围与设备清单是否一致？；射线装置类别、数量、安装位置和使用状态是什么？；机房屏蔽、防护检测、警示标识、个人剂量和培训记录是否齐全？,SCN_RADIATION_DEVICE_SOURCE_SAFETY:FIRST,approved scenario template + approved inspection candidate + approved score13 mapping,APPROVED_BASELINE,APPROVED_BASELINE_KNOWLEDGE,approved_baseline_export_ready,HUMAN_APPROVED_BASELINE,USER_ATTESTED_IN_CHAT_2026-05-30,v1.0-approved-baseline-knowledge
SHOWIF::SCN_RADIATION_DEVICE_SOURCE_SAFETY::MONTHLY,SCN_RADIATION_DEVICE_SOURCE_SAFETY,射线装置与核技术利用辐射安全,MONTHLY,KNOWLEDGE_RADIATION,射线装置与核技术利用辐射安全,S12,S01;S02;S09;S13,profile.scenarios.SCN_RADIATION_DEVICE_SOURCE_SAFETY.active;profile.scenarios.SCN_RADIATION_DEVICE_SOURCE_SAFETY.evidence_confirmed,"{""all"":[{""field"":""profile.scenarios.SCN_RADIATION_DEVICE_SOURCE_SAFETY.active"",""operator"":""equals"",""value"":true,""source"":""approved_baseline_scenario_activation""}],""any_evidence"":[{""field"":""profile.scenarios.SCN_RADIATION_DEVICE_SOURCE_SAFETY.evidence_confirmed"",""operator"":""equals"",""value"":true},{""field"":""profile.scenarios.SCN_RADIATION_DEVICE_SOURCE_SAFETY.industry_default_recalled"",""operator"":""equals"",""value"":true},{""field"":""profile.scenarios.SCN_RADIATION_DEVICE_SOURCE_SAFETY.process_trigger_recalled"",""operator"":""equals"",""value"":true},{""field"":""profile.scenarios.SCN_RADIATION_DEVICE_SOURCE_SAFETY.permit_condition_recalled"",""operator"":""equals"",""value"":true}],""not"":[{""field"":""profile.scenarios.SCN_RADIATION_DEVICE_SOURCE_SAFETY.not_applicable_confirmed"",""operator"":""equals"",""value"":true}]}",存在射线装置、放射诊疗、工业探伤、辐照、核技术利用项目或辐射安全许可证；环评、许可、设备清单或现场标识中出现射线装置、放射源、辐射安全、防护检测等信息,无射线装置、无放射源、无核技术利用活动且有设备清单或现场证明；相关检测/诊疗/探伤全部外协且本场所不贮存设备或源项,是否持有辐射安全许可证或放射诊疗许可，许可范围与设备清单是否一致？；射线装置类别、数量、安装位置和使用状态是什么？；机房屏蔽、防护检测、警示标识、个人剂量和培训记录是否齐全？,SCN_RADIATION_DEVICE_SOURCE_SAFETY:MONTHLY,approved scenario template + approved inspection candidate + approved score13 mapping,APPROVED_BASELINE,APPROVED_BASELINE_KNOWLEDGE,approved_baseline_export_ready,HUMAN_APPROVED_BASELINE,USER_ATTESTED_IN_CHAT_2026-05-30,v1.0-approved-baseline-knowledge
SHOWIF::SCN_RAD_WASTE_PACKAGE_SOLIDIFICATION_CONTAINER::FIRST,SCN_RAD_WASTE_PACKAGE_SOLIDIFICATION_CONTAINER,放射性废物包、固化体与高完整性容器,FIRST,KNOWLEDGE_RADIATION,放射性废物包、固化体与高完整性容器,S12,S07;S02,profile.scenarios.SCN_RAD_WASTE_PACKAGE_SOLIDIFICATION_CONTAINER.active;profile.scenarios.SCN_RAD_WASTE_PACKAGE_SOLIDIFICATION_CONTAINER.evidence_confirmed,"{""all"":[{""field"":""profile.scenarios.SCN_RAD_WASTE_PACKAGE_SOLIDIFICATION_CONTAINER.active"",""operator"":""equals"",""value"":true,""source"":""approved_baseline_scenario_activation""}],""any_evidence"":[{""field"":""profile.scenarios.SCN_RAD_WASTE_PACKAGE_SOLIDIFICATION_CONTAINER.evidence_confirmed"",""operator"":""equals"",""value"":true},{""field"":""profile.scenarios.SCN_RAD_WASTE_PACKAGE_SOLIDIFICATION_CONTAINER.industry_default_recalled"",""operator"":""equals"",""value"":true},{""field"":""profile.scenarios.SCN_RAD_WASTE_PACKAGE_SOLIDIFICATION_CONTAINER.process_trigger_recalled"",""operator"":""equals"",""value"":true},{""field"":""profile.scenarios.SCN_RAD_WASTE_PACKAGE_SOLIDIFICATION_CONTAINER.permit_condition_recalled"",""operator"":""equals"",""value"":true}],""not"":[{""field"":""profile.scenarios.SCN_RAD_WASTE_PACKAGE_SOLIDIFICATION_CONTAINER.not_applicable_confirmed"",""operator"":""equals"",""value"":true}]}",存在低中水平放射性废物固化、包装、容器使用、废物包鉴定或交接；资料中出现水泥固化体、废物包、球墨铸铁/混凝土/交联高密度聚乙烯高完整性容器,普通危废包装桶、医废周转箱、一般固废压缩打包不得触发；无放射性废物包装、固化、鉴定或容器使用活动,废物包编号、核素、活度、形态、包装日期和去向是否闭环？；固化体性能检测、容器合格证明和包装记录是否齐全？；废物包暂存分区和标签是否与台账一致？,SCN_RAD_WASTE_PACKAGE_SOLIDIFICATION_CONTAINER:FIRST,approved scenario template + approved inspection candidate + approved score13 mapping,APPROVED_BASELINE,APPROVED_BASELINE_KNOWLEDGE,approved_baseline_export_ready,HUMAN_APPROVED_BASELINE,USER_ATTESTED_IN_CHAT_2026-05-30,v1.0-approved-baseline-knowledge
SHOWIF::SCN_RAD_WASTE_PACKAGE_SOLIDIFICATION_CONTAINER::MONTHLY,SCN_RAD_WASTE_PACKAGE_SOLIDIFICATION_CONTAINER,放射性废物包、固化体与高完整性容器,MONTHLY,KNOWLEDGE_RADIATION,放射性废物包、固化体与高完整性容器,S12,S07;S02,profile.scenarios.SCN_RAD_WASTE_PACKAGE_SOLIDIFICATION_CONTAINER.active;profile.scenarios.SCN_RAD_WASTE_PACKAGE_SOLIDIFICATION_CONTAINER.evidence_confirmed,"{""all"":[{""field"":""profile.scenarios.SCN_RAD_WASTE_PACKAGE_SOLIDIFICATION_CONTAINER.active"",""operator"":""equals"",""value"":true,""source"":""approved_baseline_scenario_activation""}],""any_evidence"":[{""field"":""profile.scenarios.SCN_RAD_WASTE_PACKAGE_SOLIDIFICATION_CONTAINER.evidence_confirmed"",""operator"":""equals"",""value"":true},{""field"":""profile.scenarios.SCN_RAD_WASTE_PACKAGE_SOLIDIFICATION_CONTAINER.industry_default_recalled"",""operator"":""equals"",""value"":true},{""field"":""profile.scenarios.SCN_RAD_WASTE_PACKAGE_SOLIDIFICATION_CONTAINER.process_trigger_recalled"",""operator"":""equals"",""value"":true},{""field"":""profile.scenarios.SCN_RAD_WASTE_PACKAGE_SOLIDIFICATION_CONTAINER.permit_condition_recalled"",""operator"":""equals"",""value"":true}],""not"":[{""field"":""profile.scenarios.SCN_RAD_WASTE_PACKAGE_SOLIDIFICATION_CONTAINER.not_applicable_confirmed"",""operator"":""equals"",""value"":true}]}",存在低中水平放射性废物固化、包装、容器使用、废物包鉴定或交接；资料中出现水泥固化体、废物包、球墨铸铁/混凝土/交联高密度聚乙烯高完整性容器,普通危废包装桶、医废周转箱、一般固废压缩打包不得触发；无放射性废物包装、固化、鉴定或容器使用活动,废物包编号、核素、活度、形态、包装日期和去向是否闭环？；固化体性能检测、容器合格证明和包装记录是否齐全？；废物包暂存分区和标签是否与台账一致？,SCN_RAD_WASTE_PACKAGE_SOLIDIFICATION_CONTAINER:MONTHLY,approved scenario template + approved inspection candidate + approved score13 mapping,APPROVED_BASELINE,APPROVED_BASELINE_KNOWLEDGE,approved_baseline_export_ready,HUMAN_APPROVED_BASELINE,USER_ATTESTED_IN_CHAT_2026-05-30,v1.0-approved-baseline-knowledge
SHOWIF::SCN_RAD_WASTE_DISPOSAL_FACILITY::FIRST,SCN_RAD_WASTE_DISPOSAL_FACILITY,放射性废物处置设施与场址管理,FIRST,KNOWLEDGE_RADIATION,放射性废物处置设施与场址管理,S12,S13;S02;S04,profile.scenarios.SCN_RAD_WASTE_DISPOSAL_FACILITY.active;profile.scenarios.SCN_RAD_WASTE_DISPOSAL_FACILITY.evidence_confirmed,"{""all"":[{""field"":""profile.scenarios.SCN_RAD_WASTE_DISPOSAL_FACILITY.active"",""operator"":""equals"",""value"":true,""source"":""approved_baseline_scenario_activation""}],""any_evidence"":[{""field"":""profile.scenarios.SCN_RAD_WASTE_DISPOSAL_FACILITY.evidence_confirmed"",""operator"":""equals"",""value"":true},{""field"":""profile.scenarios.SCN_RAD_WASTE_DISPOSAL_FACILITY.industry_default_recalled"",""operator"":""equals"",""value"":true},{""field"":""profile.scenarios.SCN_RAD_WASTE_DISPOSAL_FACILITY.process_trigger_recalled"",""operator"":""equals"",""value"":true},{""field"":""profile.scenarios.SCN_RAD_WASTE_DISPOSAL_FACILITY.permit_condition_recalled"",""operator"":""equals"",""value"":true}],""not"":[{""field"":""profile.scenarios.SCN_RAD_WASTE_DISPOSAL_FACILITY.not_applicable_confirmed"",""operator"":""equals"",""value"":true}]}",存在近地表处置、岩洞处置、废放射源近地表处置或处置设施选址/建造/运行证据；资料中出现处置许可证、环境影响报告书、接收台账、监测井或封场运行记录,普通填埋场、危废填埋、生活垃圾填埋不得因固废处置默认触发；无放射性废物处置设施、无接收或处置活动,处置设施许可、选址、设计、建造和运行文件是否齐全？；接收、暂存、处置、环境监测和封场记录是否闭环？；监测井、排水/渗漏控制和周边环境监测是否符合要求？,SCN_RAD_WASTE_DISPOSAL_FACILITY:FIRST,approved scenario template + approved inspection candidate + approved score13 mapping,APPROVED_BASELINE,APPROVED_BASELINE_KNOWLEDGE,approved_baseline_export_ready,HUMAN_APPROVED_BASELINE,USER_ATTESTED_IN_CHAT_2026-05-30,v1.0-approved-baseline-knowledge
SHOWIF::SCN_RAD_WASTE_DISPOSAL_FACILITY::MONTHLY,SCN_RAD_WASTE_DISPOSAL_FACILITY,放射性废物处置设施与场址管理,MONTHLY,KNOWLEDGE_RADIATION,放射性废物处置设施与场址管理,S12,S13;S02;S04,profile.scenarios.SCN_RAD_WASTE_DISPOSAL_FACILITY.active;profile.scenarios.SCN_RAD_WASTE_DISPOSAL_FACILITY.evidence_confirmed,"{""all"":[{""field"":""profile.scenarios.SCN_RAD_WASTE_DISPOSAL_FACILITY.active"",""operator"":""equals"",""value"":true,""source"":""approved_baseline_scenario_activation""}],""any_evidence"":[{""field"":""profile.scenarios.SCN_RAD_WASTE_DISPOSAL_FACILITY.evidence_confirmed"",""operator"":""equals"",""value"":true},{""field"":""profile.scenarios.SCN_RAD_WASTE_DISPOSAL_FACILITY.industry_default_recalled"",""operator"":""equals"",""value"":true},{""field"":""profile.scenarios.SCN_RAD_WASTE_DISPOSAL_FACILITY.process_trigger_recalled"",""operator"":""equals"",""value"":true},{""field"":""profile.scenarios.SCN_RAD_WASTE_DISPOSAL_FACILITY.permit_condition_recalled"",""operator"":""equals"",""value"":true}],""not"":[{""field"":""profile.scenarios.SCN_RAD_WASTE_DISPOSAL_FACILITY.not_applicable_confirmed"",""operator"":""equals"",""value"":true}]}",存在近地表处置、岩洞处置、废放射源近地表处置或处置设施选址/建造/运行证据；资料中出现处置许可证、环境影响报告书、接收台账、监测井或封场运行记录,普通填埋场、危废填埋、生活垃圾填埋不得因固废处置默认触发；无放射性废物处置设施、无接收或处置活动,处置设施许可、选址、设计、建造和运行文件是否齐全？；接收、暂存、处置、环境监测和封场记录是否闭环？；监测井、排水/渗漏控制和周边环境监测是否符合要求？,SCN_RAD_WASTE_DISPOSAL_FACILITY:MONTHLY,approved scenario template + approved inspection candidate + approved score13 mapping,APPROVED_BASELINE,APPROVED_BASELINE_KNOWLEDGE,approved_baseline_export_ready,HUMAN_APPROVED_BASELINE,USER_ATTESTED_IN_CHAT_2026-05-30,v1.0-approved-baseline-knowledge
SHOWIF::SCN_RADIOACTIVE_SOURCE_SECURITY::FIRST,SCN_RADIOACTIVE_SOURCE_SECURITY,放射源安全保卫、台账与退役去向,FIRST,KNOWLEDGE_RADIATION,放射源安全保卫、台账与退役去向,S12,S02;S09;S13,profile.scenarios.SCN_RADIOACTIVE_SOURCE_SECURITY.active;profile.scenarios.SCN_RADIOACTIVE_SOURCE_SECURITY.evidence_confirmed,"{""all"":[{""field"":""profile.scenarios.SCN_RADIOACTIVE_SOURCE_SECURITY.active"",""operator"":""equals"",""value"":true,""source"":""approved_baseline_scenario_activation""}],""any_evidence"":[{""field"":""profile.scenarios.SCN_RADIOACTIVE_SOURCE_SECURITY.evidence_confirmed"",""operator"":""equals"",""value"":true},{""field"":""profile.scenarios.SCN_RADIOACTIVE_SOURCE_SECURITY.industry_default_recalled"",""operator"":""equals"",""value"":true},{""field"":""profile.scenarios.SCN_RADIOACTIVE_SOURCE_SECURITY.process_trigger_recalled"",""operator"":""equals"",""value"":true},{""field"":""profile.scenarios.SCN_RADIOACTIVE_SOURCE_SECURITY.permit_condition_recalled"",""operator"":""equals"",""value"":true}],""not"":[{""field"":""profile.scenarios.SCN_RADIOACTIVE_SOURCE_SECURITY.not_applicable_confirmed"",""operator"":""equals"",""value"":true}]}",存在密封放射源、废放射源、源库、含源仪表、料位计、测厚仪等源项；许可或台账中出现放射源编码、核素、活度、贮存、送贮、退役等信息,无放射源且仅使用非含源射线装置；历史放射源已依法退役/送贮并有闭环证明,放射源核素、活度、编码、类别和账物是否一致？；源库或暂存柜是否具备防盗、防丢失、防误照射措施？；废旧源、退役源是否有送贮、转让或处置闭环？,SCN_RADIOACTIVE_SOURCE_SECURITY:FIRST,approved scenario template + approved inspection candidate + approved score13 mapping,APPROVED_BASELINE,APPROVED_BASELINE_KNOWLEDGE,approved_baseline_export_ready,HUMAN_APPROVED_BASELINE,USER_ATTESTED_IN_CHAT_2026-05-30,v1.0-approved-baseline-knowledge
SHOWIF::SCN_RADIOACTIVE_SOURCE_SECURITY::MONTHLY,SCN_RADIOACTIVE_SOURCE_SECURITY,放射源安全保卫、台账与退役去向,MONTHLY,KNOWLEDGE_RADIATION,放射源安全保卫、台账与退役去向,S12,S02;S09;S13,profile.scenarios.SCN_RADIOACTIVE_SOURCE_SECURITY.active;profile.scenarios.SCN_RADIOACTIVE_SOURCE_SECURITY.evidence_confirmed,"{""all"":[{""field"":""profile.scenarios.SCN_RADIOACTIVE_SOURCE_SECURITY.active"",""operator"":""equals"",""value"":true,""source"":""approved_baseline_scenario_activation""}],""any_evidence"":[{""field"":""profile.scenarios.SCN_RADIOACTIVE_SOURCE_SECURITY.evidence_confirmed"",""operator"":""equals"",""value"":true},{""field"":""profile.scenarios.SCN_RADIOACTIVE_SOURCE_SECURITY.industry_default_recalled"",""operator"":""equals"",""value"":true},{""field"":""profile.scenarios.SCN_RADIOACTIVE_SOURCE_SECURITY.process_trigger_recalled"",""operator"":""equals"",""value"":true},{""field"":""profile.scenarios.SCN_RADIOACTIVE_SOURCE_SECURITY.permit_condition_recalled"",""operator"":""equals"",""value"":true}],""not"":[{""field"":""profile.scenarios.SCN_RADIOACTIVE_SOURCE_SECURITY.not_applicable_confirmed"",""operator"":""equals"",""value"":true}]}",存在密封放射源、废放射源、源库、含源仪表、料位计、测厚仪等源项；许可或台账中出现放射源编码、核素、活度、贮存、送贮、退役等信息,无放射源且仅使用非含源射线装置；历史放射源已依法退役/送贮并有闭环证明,放射源核素、活度、编码、类别和账物是否一致？；源库或暂存柜是否具备防盗、防丢失、防误照射措施？；废旧源、退役源是否有送贮、转让或处置闭环？,SCN_RADIOACTIVE_SOURCE_SECURITY:MONTHLY,approved scenario template + approved inspection candidate + approved score13 mapping,APPROVED_BASELINE,APPROVED_BASELINE_KNOWLEDGE,approved_baseline_export_ready,HUMAN_APPROVED_BASELINE,USER_ATTESTED_IN_CHAT_2026-05-30,v1.0-approved-baseline-knowledge
SHOWIF::SCN_RADIOACTIVE_WASTE_STORAGE_TRANSFER_DISPOSAL::FIRST,SCN_RADIOACTIVE_WASTE_STORAGE_TRANSFER_DISPOSAL,放射性废物贮存、转移与处置,FIRST,KNOWLEDGE_RADIATION,放射性废物贮存、转移与处置,S12,S07;S02;S13,profile.scenarios.SCN_RADIOACTIVE_WASTE_STORAGE_TRANSFER_DISPOSAL.active;profile.scenarios.SCN_RADIOACTIVE_WASTE_STORAGE_TRANSFER_DISPOSAL.evidence_confirmed,"{""all"":[{""field"":""profile.scenarios.SCN_RADIOACTIVE_WASTE_STORAGE_TRANSFER_DISPOSAL.active"",""operator"":""equals"",""value"":true,""source"":""approved_baseline_scenario_activation""}],""any_evidence"":[{""field"":""profile.scenarios.SCN_RADIOACTIVE_WASTE_STORAGE_TRANSFER_DISPOSAL.evidence_confirmed"",""operator"":""equals"",""value"":true},{""field"":""profile.scenarios.SCN_RADIOACTIVE_WASTE_STORAGE_TRANSFER_DISPOSAL.industry_default_recalled"",""operator"":""equals"",""value"":true},{""field"":""profile.scenarios.SCN_RADIOACTIVE_WASTE_STORAGE_TRANSFER_DISPOSAL.process_trigger_recalled"",""operator"":""equals"",""value"":true},{""field"":""profile.scenarios.SCN_RADIOACTIVE_WASTE_STORAGE_TRANSFER_DISPOSAL.permit_condition_recalled"",""operator"":""equals"",""value"":true}],""not"":[{""field"":""profile.scenarios.SCN_RADIOACTIVE_WASTE_STORAGE_TRANSFER_DISPOSAL.not_applicable_confirmed"",""operator"":""equals"",""value"":true}]}",存在放射性废物产生、贮存、固化、包装、运输、处置或废物库运行管理活动；资料中出现低中水平放射性废物、废物包、固化体、废物库、处置设施等词汇,无放射性废物产生、无源项且无放射性废物贮存/转移/处置活动；仅一般危废或医废，不涉及放射性核素或放射性污染控制要求,放射性废物类别、核素、活度、形态、数量和贮存状态是什么？；废物包、容器、固化体和库房是否满足相应标准和许可要求？；转移、送贮、处置、退役或场址土壤残留控制是否有闭环证据？,SCN_RADIOACTIVE_WASTE_STORAGE_TRANSFER_DISPOSAL:FIRST,approved scenario template + approved inspection candidate + approved score13 mapping,APPROVED_BASELINE,APPROVED_BASELINE_KNOWLEDGE,approved_baseline_export_ready,HUMAN_APPROVED_BASELINE,USER_ATTESTED_IN_CHAT_2026-05-30,v1.0-approved-baseline-knowledge
SHOWIF::SCN_RADIOACTIVE_WASTE_STORAGE_TRANSFER_DISPOSAL::MONTHLY,SCN_RADIOACTIVE_WASTE_STORAGE_TRANSFER_DISPOSAL,放射性废物贮存、转移与处置,MONTHLY,KNOWLEDGE_RADIATION,放射性废物贮存、转移与处置,S12,S07;S02;S13,profile.scenarios.SCN_RADIOACTIVE_WASTE_STORAGE_TRANSFER_DISPOSAL.active;profile.scenarios.SCN_RADIOACTIVE_WASTE_STORAGE_TRANSFER_DISPOSAL.evidence_confirmed,"{""all"":[{""field"":""profile.scenarios.SCN_RADIOACTIVE_WASTE_STORAGE_TRANSFER_DISPOSAL.active"",""operator"":""equals"",""value"":true,""source"":""approved_baseline_scenario_activation""}],""any_evidence"":[{""field"":""profile.scenarios.SCN_RADIOACTIVE_WASTE_STORAGE_TRANSFER_DISPOSAL.evidence_confirmed"",""operator"":""equals"",""value"":true},{""field"":""profile.scenarios.SCN_RADIOACTIVE_WASTE_STORAGE_TRANSFER_DISPOSAL.industry_default_recalled"",""operator"":""equals"",""value"":true},{""field"":""profile.scenarios.SCN_RADIOACTIVE_WASTE_STORAGE_TRANSFER_DISPOSAL.process_trigger_recalled"",""operator"":""equals"",""value"":true},{""field"":""profile.scenarios.SCN_RADIOACTIVE_WASTE_STORAGE_TRANSFER_DISPOSAL.permit_condition_recalled"",""operator"":""equals"",""value"":true}],""not"":[{""field"":""profile.scenarios.SCN_RADIOACTIVE_WASTE_STORAGE_TRANSFER_DISPOSAL.not_applicable_confirmed"",""operator"":""equals"",""value"":true}]}",存在放射性废物产生、贮存、固化、包装、运输、处置或废物库运行管理活动；资料中出现低中水平放射性废物、废物包、固化体、废物库、处置设施等词汇,无放射性废物产生、无源项且无放射性废物贮存/转移/处置活动；仅一般危废或医废，不涉及放射性核素或放射性污染控制要求,放射性废物类别、核素、活度、形态、数量和贮存状态是什么？；废物包、容器、固化体和库房是否满足相应标准和许可要求？；转移、送贮、处置、退役或场址土壤残留控制是否有闭环证据？,SCN_RADIOACTIVE_WASTE_STORAGE_TRANSFER_DISPOSAL:MONTHLY,approved scenario template + approved inspection candidate + approved score13 mapping,APPROVED_BASELINE,APPROVED_BASELINE_KNOWLEDGE,approved_baseline_export_ready,HUMAN_APPROVED_BASELINE,USER_ATTESTED_IN_CHAT_2026-05-30,v1.0-approved-baseline-knowledge
SHOWIF::SCN_RADIOACTIVE_MATERIAL_TRANSPORT::FIRST,SCN_RADIOACTIVE_MATERIAL_TRANSPORT,放射性物品运输与运输容器安全,FIRST,KNOWLEDGE_RADIATION,放射性物品运输与运输容器安全,S12,S02;S13;S09,profile.scenarios.SCN_RADIOACTIVE_MATERIAL_TRANSPORT.active;profile.scenarios.SCN_RADIOACTIVE_MATERIAL_TRANSPORT.evidence_confirmed,"{""all"":[{""field"":""profile.scenarios.SCN_RADIOACTIVE_MATERIAL_TRANSPORT.active"",""operator"":""equals"",""value"":true,""source"":""approved_baseline_scenario_activation""}],""any_evidence"":[{""field"":""profile.scenarios.SCN_RADIOACTIVE_MATERIAL_TRANSPORT.evidence_confirmed"",""operator"":""equals"",""value"":true},{""field"":""profile.scenarios.SCN_RADIOACTIVE_MATERIAL_TRANSPORT.industry_default_recalled"",""operator"":""equals"",""value"":true},{""field"":""profile.scenarios.SCN_RADIOACTIVE_MATERIAL_TRANSPORT.process_trigger_recalled"",""operator"":""equals"",""value"":true},{""field"":""profile.scenarios.SCN_RADIOACTIVE_MATERIAL_TRANSPORT.permit_condition_recalled"",""operator"":""equals"",""value"":true}],""not"":[{""field"":""profile.scenarios.SCN_RADIOACTIVE_MATERIAL_TRANSPORT.not_applicable_confirmed"",""operator"":""equals"",""value"":true}]}",存在放射性物品运输、托运、承运、运输容器设计/使用或运输许可活动；资料中出现放射性物品运输、运输容器、包装等级、栓系、提升、运输许可等信息,不从事放射性物品运输、托运、承运或运输容器相关活动；仅普通危化品或一般货物运输，不涉及放射性物品,运输物品类别、包装类型、运输容器和许可资质是否匹配？；运输容器提升装置、栓系装置、防脆性断裂设计或检验证据是否齐全？；运输应急方案、车辆、人员培训和交接记录是否闭环？,SCN_RADIOACTIVE_MATERIAL_TRANSPORT:FIRST,approved scenario template + approved inspection candidate + approved score13 mapping,APPROVED_BASELINE,APPROVED_BASELINE_KNOWLEDGE,approved_baseline_export_ready,HUMAN_APPROVED_BASELINE,USER_ATTESTED_IN_CHAT_2026-05-30,v1.0-approved-baseline-knowledge
SHOWIF::SCN_RADIOACTIVE_MATERIAL_TRANSPORT::MONTHLY,SCN_RADIOACTIVE_MATERIAL_TRANSPORT,放射性物品运输与运输容器安全,MONTHLY,KNOWLEDGE_RADIATION,放射性物品运输与运输容器安全,S12,S02;S13;S09,profile.scenarios.SCN_RADIOACTIVE_MATERIAL_TRANSPORT.active;profile.scenarios.SCN_RADIOACTIVE_MATERIAL_TRANSPORT.evidence_confirmed,"{""all"":[{""field"":""profile.scenarios.SCN_RADIOACTIVE_MATERIAL_TRANSPORT.active"",""operator"":""equals"",""value"":true,""source"":""approved_baseline_scenario_activation""}],""any_evidence"":[{""field"":""profile.scenarios.SCN_RADIOACTIVE_MATERIAL_TRANSPORT.evidence_confirmed"",""operator"":""equals"",""value"":true},{""field"":""profile.scenarios.SCN_RADIOACTIVE_MATERIAL_TRANSPORT.industry_default_recalled"",""operator"":""equals"",""value"":true},{""field"":""profile.scenarios.SCN_RADIOACTIVE_MATERIAL_TRANSPORT.process_trigger_recalled"",""operator"":""equals"",""value"":true},{""field"":""profile.scenarios.SCN_RADIOACTIVE_MATERIAL_TRANSPORT.permit_condition_recalled"",""operator"":""equals"",""value"":true}],""not"":[{""field"":""profile.scenarios.SCN_RADIOACTIVE_MATERIAL_TRANSPORT.not_applicable_confirmed"",""operator"":""equals"",""value"":true}]}",存在放射性物品运输、托运、承运、运输容器设计/使用或运输许可活动；资料中出现放射性物品运输、运输容器、包装等级、栓系、提升、运输许可等信息,不从事放射性物品运输、托运、承运或运输容器相关活动；仅普通危化品或一般货物运输，不涉及放射性物品,运输物品类别、包装类型、运输容器和许可资质是否匹配？；运输容器提升装置、栓系装置、防脆性断裂设计或检验证据是否齐全？；运输应急方案、车辆、人员培训和交接记录是否闭环？,SCN_RADIOACTIVE_MATERIAL_TRANSPORT:MONTHLY,approved scenario template + approved inspection candidate + approved score13 mapping,APPROVED_BASELINE,APPROVED_BASELINE_KNOWLEDGE,approved_baseline_export_ready,HUMAN_APPROVED_BASELINE,USER_ATTESTED_IN_CHAT_2026-05-30,v1.0-approved-baseline-knowledge
SHOWIF::SCN_NORM_RADIOACTIVITY_IN_INDUSTRIAL_RESIDUE::FIRST,SCN_NORM_RADIOACTIVITY_IN_INDUSTRIAL_RESIDUE,含天然放射性工业废渣与建材放射性控制,FIRST,KNOWLEDGE_RADIATION,含天然放射性工业废渣与建材放射性控制,S12,S07;S10;S04;S02,profile.scenarios.SCN_NORM_RADIOACTIVITY_IN_INDUSTRIAL_RESIDUE.active;profile.scenarios.SCN_NORM_RADIOACTIVITY_IN_INDUSTRIAL_RESIDUE.evidence_confirmed,"{""all"":[{""field"":""profile.scenarios.SCN_NORM_RADIOACTIVITY_IN_INDUSTRIAL_RESIDUE.active"",""operator"":""equals"",""value"":true,""source"":""approved_baseline_scenario_activation""}],""any_evidence"":[{""field"":""profile.scenarios.SCN_NORM_RADIOACTIVITY_IN_INDUSTRIAL_RESIDUE.evidence_confirmed"",""operator"":""equals"",""value"":true},{""field"":""profile.scenarios.SCN_NORM_RADIOACTIVITY_IN_INDUSTRIAL_RESIDUE.industry_default_recalled"",""operator"":""equals"",""value"":true},{""field"":""profile.scenarios.SCN_NORM_RADIOACTIVITY_IN_INDUSTRIAL_RESIDUE.process_trigger_recalled"",""operator"":""equals"",""value"":true},{""field"":""profile.scenarios.SCN_NORM_RADIOACTIVITY_IN_INDUSTRIAL_RESIDUE.permit_condition_recalled"",""operator"":""equals"",""value"":true}],""not"":[{""field"":""profile.scenarios.SCN_NORM_RADIOACTIVITY_IN_INDUSTRIAL_RESIDUE.not_applicable_confirmed"",""operator"":""equals"",""value"":true}]}",涉及铀钍矿冶、含天然放射性物料、工业废渣用于建材或退役场址土壤残留控制；资料中出现铀、钍、天然放射性核素、工业废渣放射性、建材放射性限制等信息,无含天然放射性物料、无相关工业废渣利用或矿冶活动；仅普通一般固废且无放射性检测或监管要求,是否使用或产生含天然放射性物料、矿冶废物或工业废渣？；工业废渣用于建材或外售时是否有放射性检测和去向证明？；退役场址或堆场土壤残留放射性是否有调查和控制要求？,SCN_NORM_RADIOACTIVITY_IN_INDUSTRIAL_RESIDUE:FIRST,approved scenario template + approved inspection candidate + approved score13 mapping,APPROVED_BASELINE,APPROVED_BASELINE_KNOWLEDGE,approved_baseline_export_ready,HUMAN_APPROVED_BASELINE,USER_ATTESTED_IN_CHAT_2026-05-30,v1.0-approved-baseline-knowledge
SHOWIF::SCN_NORM_RADIOACTIVITY_IN_INDUSTRIAL_RESIDUE::MONTHLY,SCN_NORM_RADIOACTIVITY_IN_INDUSTRIAL_RESIDUE,含天然放射性工业废渣与建材放射性控制,MONTHLY,KNOWLEDGE_RADIATION,含天然放射性工业废渣与建材放射性控制,S12,S07;S10;S04;S02,profile.scenarios.SCN_NORM_RADIOACTIVITY_IN_INDUSTRIAL_RESIDUE.active;profile.scenarios.SCN_NORM_RADIOACTIVITY_IN_INDUSTRIAL_RESIDUE.evidence_confirmed,"{""all"":[{""field"":""profile.scenarios.SCN_NORM_RADIOACTIVITY_IN_INDUSTRIAL_RESIDUE.active"",""operator"":""equals"",""value"":true,""source"":""approved_baseline_scenario_activation""}],""any_evidence"":[{""field"":""profile.scenarios.SCN_NORM_RADIOACTIVITY_IN_INDUSTRIAL_RESIDUE.evidence_confirmed"",""operator"":""equals"",""value"":true},{""field"":""profile.scenarios.SCN_NORM_RADIOACTIVITY_IN_INDUSTRIAL_RESIDUE.industry_default_recalled"",""operator"":""equals"",""value"":true},{""field"":""profile.scenarios.SCN_NORM_RADIOACTIVITY_IN_INDUSTRIAL_RESIDUE.process_trigger_recalled"",""operator"":""equals"",""value"":true},{""field"":""profile.scenarios.SCN_NORM_RADIOACTIVITY_IN_INDUSTRIAL_RESIDUE.permit_condition_recalled"",""operator"":""equals"",""value"":true}],""not"":[{""field"":""profile.scenarios.SCN_NORM_RADIOACTIVITY_IN_INDUSTRIAL_RESIDUE.not_applicable_confirmed"",""operator"":""equals"",""value"":true}]}",涉及铀钍矿冶、含天然放射性物料、工业废渣用于建材或退役场址土壤残留控制；资料中出现铀、钍、天然放射性核素、工业废渣放射性、建材放射性限制等信息,无含天然放射性物料、无相关工业废渣利用或矿冶活动；仅普通一般固废且无放射性检测或监管要求,是否使用或产生含天然放射性物料、矿冶废物或工业废渣？；工业废渣用于建材或外售时是否有放射性检测和去向证明？；退役场址或堆场土壤残留放射性是否有调查和控制要求？,SCN_NORM_RADIOACTIVITY_IN_INDUSTRIAL_RESIDUE:MONTHLY,approved scenario template + approved inspection candidate + approved score13 mapping,APPROVED_BASELINE,APPROVED_BASELINE_KNOWLEDGE,approved_baseline_export_ready,HUMAN_APPROVED_BASELINE,USER_ATTESTED_IN_CHAT_2026-05-30,v1.0-approved-baseline-knowledge
SHOWIF::SCN_URANIUM_THORIUM_MINING_RAD_WASTE::FIRST,SCN_URANIUM_THORIUM_MINING_RAD_WASTE,铀钍矿冶放射性废物与尾矿风险,FIRST,KNOWLEDGE_RADIATION,铀钍矿冶放射性废物与尾矿风险,S12,S10;S04;S13;S02,profile.scenarios.SCN_URANIUM_THORIUM_MINING_RAD_WASTE.active;profile.scenarios.SCN_URANIUM_THORIUM_MINING_RAD_WASTE.evidence_confirmed,"{""all"":[{""field"":""profile.scenarios.SCN_URANIUM_THORIUM_MINING_RAD_WASTE.active"",""operator"":""equals"",""value"":true,""source"":""approved_baseline_scenario_activation""}],""any_evidence"":[{""field"":""profile.scenarios.SCN_URANIUM_THORIUM_MINING_RAD_WASTE.evidence_confirmed"",""operator"":""equals"",""value"":true},{""field"":""profile.scenarios.SCN_URANIUM_THORIUM_MINING_RAD_WASTE.industry_default_recalled"",""operator"":""equals"",""value"":true},{""field"":""profile.scenarios.SCN_URANIUM_THORIUM_MINING_RAD_WASTE.process_trigger_recalled"",""operator"":""equals"",""value"":true},{""field"":""profile.scenarios.SCN_URANIUM_THORIUM_MINING_RAD_WASTE.permit_condition_recalled"",""operator"":""equals"",""value"":true}],""not"":[{""field"":""profile.scenarios.SCN_URANIUM_THORIUM_MINING_RAD_WASTE.not_applicable_confirmed"",""operator"":""equals"",""value"":true}]}",行业或资料明确为放射性金属矿采选、铀钍矿冶或矿冶放射性废物管理；出现铀、钍、矿冶废物、尾矿、废石、辐射环境监测等直接证据,普通有色矿采选、稀土矿采选只能作为UNKNOWN候选，不能默认触发；无铀钍或放射性金属矿冶事实、无相关废物管理要求,矿种、工艺和废物是否涉及铀、钍或放射性金属？；尾矿库、废石场、渗滤液和辐射监测是否纳入管理？；矿冶放射性废物去向、监测和应急措施是否闭环？,SCN_URANIUM_THORIUM_MINING_RAD_WASTE:FIRST,approved scenario template + approved inspection candidate + approved score13 mapping,APPROVED_BASELINE,APPROVED_BASELINE_KNOWLEDGE,approved_baseline_export_ready,HUMAN_APPROVED_BASELINE,USER_ATTESTED_IN_CHAT_2026-05-30,v1.0-approved-baseline-knowledge
SHOWIF::SCN_URANIUM_THORIUM_MINING_RAD_WASTE::MONTHLY,SCN_URANIUM_THORIUM_MINING_RAD_WASTE,铀钍矿冶放射性废物与尾矿风险,MONTHLY,KNOWLEDGE_RADIATION,铀钍矿冶放射性废物与尾矿风险,S12,S10;S04;S13;S02,profile.scenarios.SCN_URANIUM_THORIUM_MINING_RAD_WASTE.active;profile.scenarios.SCN_URANIUM_THORIUM_MINING_RAD_WASTE.evidence_confirmed,"{""all"":[{""field"":""profile.scenarios.SCN_URANIUM_THORIUM_MINING_RAD_WASTE.active"",""operator"":""equals"",""value"":true,""source"":""approved_baseline_scenario_activation""}],""any_evidence"":[{""field"":""profile.scenarios.SCN_URANIUM_THORIUM_MINING_RAD_WASTE.evidence_confirmed"",""operator"":""equals"",""value"":true},{""field"":""profile.scenarios.SCN_URANIUM_THORIUM_MINING_RAD_WASTE.industry_default_recalled"",""operator"":""equals"",""value"":true},{""field"":""profile.scenarios.SCN_URANIUM_THORIUM_MINING_RAD_WASTE.process_trigger_recalled"",""operator"":""equals"",""value"":true},{""field"":""profile.scenarios.SCN_URANIUM_THORIUM_MINING_RAD_WASTE.permit_condition_recalled"",""operator"":""equals"",""value"":true}],""not"":[{""field"":""profile.scenarios.SCN_URANIUM_THORIUM_MINING_RAD_WASTE.not_applicable_confirmed"",""operator"":""equals"",""value"":true}]}",行业或资料明确为放射性金属矿采选、铀钍矿冶或矿冶放射性废物管理；出现铀、钍、矿冶废物、尾矿、废石、辐射环境监测等直接证据,普通有色矿采选、稀土矿采选只能作为UNKNOWN候选，不能默认触发；无铀钍或放射性金属矿冶事实、无相关废物管理要求,矿种、工艺和废物是否涉及铀、钍或放射性金属？；尾矿库、废石场、渗滤液和辐射监测是否纳入管理？；矿冶放射性废物去向、监测和应急措施是否闭环？,SCN_URANIUM_THORIUM_MINING_RAD_WASTE:MONTHLY,approved scenario template + approved inspection candidate + approved score13 mapping,APPROVED_BASELINE,APPROVED_BASELINE_KNOWLEDGE,approved_baseline_export_ready,HUMAN_APPROVED_BASELINE,USER_ATTESTED_IN_CHAT_2026-05-30,v1.0-approved-baseline-knowledge
SHOWIF::SCN_NUCLEAR_FUEL_EFFLUENT_DECOMMISSIONING::FIRST,SCN_NUCLEAR_FUEL_EFFLUENT_DECOMMISSIONING,核燃料循环流出物与核设施退役场址,FIRST,KNOWLEDGE_RADIATION,核燃料循环流出物与核设施退役场址,S12,S10;S04;S02,profile.scenarios.SCN_NUCLEAR_FUEL_EFFLUENT_DECOMMISSIONING.active;profile.scenarios.SCN_NUCLEAR_FUEL_EFFLUENT_DECOMMISSIONING.evidence_confirmed,"{""all"":[{""field"":""profile.scenarios.SCN_NUCLEAR_FUEL_EFFLUENT_DECOMMISSIONING.active"",""operator"":""equals"",""value"":true,""source"":""approved_baseline_scenario_activation""}],""any_evidence"":[{""field"":""profile.scenarios.SCN_NUCLEAR_FUEL_EFFLUENT_DECOMMISSIONING.evidence_confirmed"",""operator"":""equals"",""value"":true},{""field"":""profile.scenarios.SCN_NUCLEAR_FUEL_EFFLUENT_DECOMMISSIONING.industry_default_recalled"",""operator"":""equals"",""value"":true},{""field"":""profile.scenarios.SCN_NUCLEAR_FUEL_EFFLUENT_DECOMMISSIONING.process_trigger_recalled"",""operator"":""equals"",""value"":true},{""field"":""profile.scenarios.SCN_NUCLEAR_FUEL_EFFLUENT_DECOMMISSIONING.permit_condition_recalled"",""operator"":""equals"",""value"":true}],""not"":[{""field"":""profile.scenarios.SCN_NUCLEAR_FUEL_EFFLUENT_DECOMMISSIONING.not_applicable_confirmed"",""operator"":""equals"",""value"":true}]}",行业或资料明确为核燃料加工、核燃料循环放射性流出物或核设施退役；出现退役方案、场址调查、土壤残留放射性、监管批复或放射性流出物监测资料,普通燃料加工、普通化工退役场地不得触发；无核燃料循环、无核设施退役、无放射性流出物管理事实,核燃料循环设施、流出物排放和监测点是否明确？；退役方案、场址调查和土壤残留放射性控制是否有监管批复？；流出物监测、归一化排放量和年度报告是否完整？,SCN_NUCLEAR_FUEL_EFFLUENT_DECOMMISSIONING:FIRST,approved scenario template + approved inspection candidate + approved score13 mapping,APPROVED_BASELINE,APPROVED_BASELINE_KNOWLEDGE,approved_baseline_export_ready,HUMAN_APPROVED_BASELINE,USER_ATTESTED_IN_CHAT_2026-05-30,v1.0-approved-baseline-knowledge
SHOWIF::SCN_NUCLEAR_FUEL_EFFLUENT_DECOMMISSIONING::MONTHLY,SCN_NUCLEAR_FUEL_EFFLUENT_DECOMMISSIONING,核燃料循环流出物与核设施退役场址,MONTHLY,KNOWLEDGE_RADIATION,核燃料循环流出物与核设施退役场址,S12,S10;S04;S02,profile.scenarios.SCN_NUCLEAR_FUEL_EFFLUENT_DECOMMISSIONING.active;profile.scenarios.SCN_NUCLEAR_FUEL_EFFLUENT_DECOMMISSIONING.evidence_confirmed,"{""all"":[{""field"":""profile.scenarios.SCN_NUCLEAR_FUEL_EFFLUENT_DECOMMISSIONING.active"",""operator"":""equals"",""value"":true,""source"":""approved_baseline_scenario_activation""}],""any_evidence"":[{""field"":""profile.scenarios.SCN_NUCLEAR_FUEL_EFFLUENT_DECOMMISSIONING.evidence_confirmed"",""operator"":""equals"",""value"":true},{""field"":""profile.scenarios.SCN_NUCLEAR_FUEL_EFFLUENT_DECOMMISSIONING.industry_default_recalled"",""operator"":""equals"",""value"":true},{""field"":""profile.scenarios.SCN_NUCLEAR_FUEL_EFFLUENT_DECOMMISSIONING.process_trigger_recalled"",""operator"":""equals"",""value"":true},{""field"":""profile.scenarios.SCN_NUCLEAR_FUEL_EFFLUENT_DECOMMISSIONING.permit_condition_recalled"",""operator"":""equals"",""value"":true}],""not"":[{""field"":""profile.scenarios.SCN_NUCLEAR_FUEL_EFFLUENT_DECOMMISSIONING.not_applicable_confirmed"",""operator"":""equals"",""value"":true}]}",行业或资料明确为核燃料加工、核燃料循环放射性流出物或核设施退役；出现退役方案、场址调查、土壤残留放射性、监管批复或放射性流出物监测资料,普通燃料加工、普通化工退役场地不得触发；无核燃料循环、无核设施退役、无放射性流出物管理事实,核燃料循环设施、流出物排放和监测点是否明确？；退役方案、场址调查和土壤残留放射性控制是否有监管批复？；流出物监测、归一化排放量和年度报告是否完整？,SCN_NUCLEAR_FUEL_EFFLUENT_DECOMMISSIONING:MONTHLY,approved scenario template + approved inspection candidate + approved score13 mapping,APPROVED_BASELINE,APPROVED_BASELINE_KNOWLEDGE,approved_baseline_export_ready,HUMAN_APPROVED_BASELINE,USER_ATTESTED_IN_CHAT_2026-05-30,v1.0-approved-baseline-knowledge
SHOWIF::SCN_BUILDING_MATERIAL_SLAG_RADIONUCLIDE::FIRST,SCN_BUILDING_MATERIAL_SLAG_RADIONUCLIDE,建材工业废渣放射性物质限制,FIRST,KNOWLEDGE_RADIATION,建材工业废渣放射性物质限制,S12,S07;S02,profile.scenarios.SCN_BUILDING_MATERIAL_SLAG_RADIONUCLIDE.active;profile.scenarios.SCN_BUILDING_MATERIAL_SLAG_RADIONUCLIDE.evidence_confirmed,"{""all"":[{""field"":""profile.scenarios.SCN_BUILDING_MATERIAL_SLAG_RADIONUCLIDE.active"",""operator"":""equals"",""value"":true,""source"":""approved_baseline_scenario_activation""}],""any_evidence"":[{""field"":""profile.scenarios.SCN_BUILDING_MATERIAL_SLAG_RADIONUCLIDE.evidence_confirmed"",""operator"":""equals"",""value"":true},{""field"":""profile.scenarios.SCN_BUILDING_MATERIAL_SLAG_RADIONUCLIDE.industry_default_recalled"",""operator"":""equals"",""value"":true},{""field"":""profile.scenarios.SCN_BUILDING_MATERIAL_SLAG_RADIONUCLIDE.process_trigger_recalled"",""operator"":""equals"",""value"":true},{""field"":""profile.scenarios.SCN_BUILDING_MATERIAL_SLAG_RADIONUCLIDE.permit_condition_recalled"",""operator"":""equals"",""value"":true}],""not"":[{""field"":""profile.scenarios.SCN_BUILDING_MATERIAL_SLAG_RADIONUCLIDE.not_applicable_confirmed"",""operator"":""equals"",""value"":true}]}",建材生产使用工业废渣、磷石膏、粉煤灰、冶炼渣、稀土/铀钍相关渣等原料；资料出现建筑材料用工业废渣放射性物质限制、产品放射性检测或批次台账,普通水泥、砖瓦、石材、陶瓷企业不得全行业默认触发；无工业废渣原料证据、无放射性检测或监管要求,是否使用工业废渣作为建材原料，来源和批次是什么？；原料和产品是否有放射性物质检测报告？；不合格批次、去向和整改是否有记录？,SCN_BUILDING_MATERIAL_SLAG_RADIONUCLIDE:FIRST,approved scenario template + approved inspection candidate + approved score13 mapping,APPROVED_BASELINE,APPROVED_BASELINE_KNOWLEDGE,approved_baseline_export_ready,HUMAN_APPROVED_BASELINE,USER_ATTESTED_IN_CHAT_2026-05-30,v1.0-approved-baseline-knowledge
SHOWIF::SCN_BUILDING_MATERIAL_SLAG_RADIONUCLIDE::MONTHLY,SCN_BUILDING_MATERIAL_SLAG_RADIONUCLIDE,建材工业废渣放射性物质限制,MONTHLY,KNOWLEDGE_RADIATION,建材工业废渣放射性物质限制,S12,S07;S02,profile.scenarios.SCN_BUILDING_MATERIAL_SLAG_RADIONUCLIDE.active;profile.scenarios.SCN_BUILDING_MATERIAL_SLAG_RADIONUCLIDE.evidence_confirmed,"{""all"":[{""field"":""profile.scenarios.SCN_BUILDING_MATERIAL_SLAG_RADIONUCLIDE.active"",""operator"":""equals"",""value"":true,""source"":""approved_baseline_scenario_activation""}],""any_evidence"":[{""field"":""profile.scenarios.SCN_BUILDING_MATERIAL_SLAG_RADIONUCLIDE.evidence_confirmed"",""operator"":""equals"",""value"":true},{""field"":""profile.scenarios.SCN_BUILDING_MATERIAL_SLAG_RADIONUCLIDE.industry_default_recalled"",""operator"":""equals"",""value"":true},{""field"":""profile.scenarios.SCN_BUILDING_MATERIAL_SLAG_RADIONUCLIDE.process_trigger_recalled"",""operator"":""equals"",""value"":true},{""field"":""profile.scenarios.SCN_BUILDING_MATERIAL_SLAG_RADIONUCLIDE.permit_condition_recalled"",""operator"":""equals"",""value"":true}],""not"":[{""field"":""profile.scenarios.SCN_BUILDING_MATERIAL_SLAG_RADIONUCLIDE.not_applicable_confirmed"",""operator"":""equals"",""value"":true}]}",建材生产使用工业废渣、磷石膏、粉煤灰、冶炼渣、稀土/铀钍相关渣等原料；资料出现建筑材料用工业废渣放射性物质限制、产品放射性检测或批次台账,普通水泥、砖瓦、石材、陶瓷企业不得全行业默认触发；无工业废渣原料证据、无放射性检测或监管要求,是否使用工业废渣作为建材原料，来源和批次是什么？；原料和产品是否有放射性物质检测报告？；不合格批次、去向和整改是否有记录？,SCN_BUILDING_MATERIAL_SLAG_RADIONUCLIDE:MONTHLY,approved scenario template + approved inspection candidate + approved score13 mapping,APPROVED_BASELINE,APPROVED_BASELINE_KNOWLEDGE,approved_baseline_export_ready,HUMAN_APPROVED_BASELINE,USER_ATTESTED_IN_CHAT_2026-05-30,v1.0-approved-baseline-knowledge
SHOWIF::NEW_SCN_LAB_WASTE_CANDIDATE::FIRST,NEW_SCN_LAB_WASTE_CANDIDATE,实验室废液与检测试剂危废候选场景,FIRST,KNOWLEDGE_HAZWASTE,实验室废液与检测试剂危废候选,S07,S02;S09;S13,profile.scenarios.NEW_SCN_LAB_WASTE_CANDIDATE.active;profile.scenarios.NEW_SCN_LAB_WASTE_CANDIDATE.evidence_confirmed,"{""all"":[{""field"":""profile.scenarios.NEW_SCN_LAB_WASTE_CANDIDATE.active"",""operator"":""equals"",""value"":true,""source"":""approved_baseline_scenario_activation""}],""any_evidence"":[{""field"":""profile.scenarios.NEW_SCN_LAB_WASTE_CANDIDATE.evidence_confirmed"",""operator"":""equals"",""value"":true},{""field"":""profile.scenarios.NEW_SCN_LAB_WASTE_CANDIDATE.industry_default_recalled"",""operator"":""equals"",""value"":true},{""field"":""profile.scenarios.NEW_SCN_LAB_WASTE_CANDIDATE.process_trigger_recalled"",""operator"":""equals"",""value"":true},{""field"":""profile.scenarios.NEW_SCN_LAB_WASTE_CANDIDATE.permit_condition_recalled"",""operator"":""equals"",""value"":true}],""not"":[{""field"":""profile.scenarios.NEW_SCN_LAB_WASTE_CANDIDATE.not_applicable_confirmed"",""operator"":""equals"",""value"":true}]}",环评、许可、台账或现场确认存在实验室、化验室、检测试剂或样品前处理工序；产生废试剂、实验废液、废试剂瓶、样品前处理残液或相关危废台账记录；检测实验室、研发实验室或企业自检实验室存在废液分类收集和危废暂存要求,检测全部外协且现场无实验室、无试剂柜、无废液收集容器；仅普通办公质检留样且无化学试剂、无实验废液、无危废代码证据,现场是否设置实验室或化验室，是否涉及样品前处理和化学试剂使用？；实验废液、废试剂瓶是否分类收集，标签、危废代码和去向是否完整？；危废暂存间、应急吸附物资和台账是否与实验室废液产生量匹配？,NEW_SCN_LAB_WASTE_CANDIDATE:FIRST,approved scenario template + approved inspection candidate + approved score13 mapping,APPROVED_BASELINE,APPROVED_BASELINE_KNOWLEDGE,approved_baseline_export_ready,HUMAN_APPROVED_BASELINE,USER_ATTESTED_IN_CHAT_2026-05-30,v1.0-approved-baseline-knowledge
SHOWIF::NEW_SCN_LAB_WASTE_CANDIDATE::MONTHLY,NEW_SCN_LAB_WASTE_CANDIDATE,实验室废液与检测试剂危废候选场景,MONTHLY,KNOWLEDGE_HAZWASTE,实验室废液与检测试剂危废候选,S07,S02;S09;S13,profile.scenarios.NEW_SCN_LAB_WASTE_CANDIDATE.active;profile.scenarios.NEW_SCN_LAB_WASTE_CANDIDATE.evidence_confirmed,"{""all"":[{""field"":""profile.scenarios.NEW_SCN_LAB_WASTE_CANDIDATE.active"",""operator"":""equals"",""value"":true,""source"":""approved_baseline_scenario_activation""}],""any_evidence"":[{""field"":""profile.scenarios.NEW_SCN_LAB_WASTE_CANDIDATE.evidence_confirmed"",""operator"":""equals"",""value"":true},{""field"":""profile.scenarios.NEW_SCN_LAB_WASTE_CANDIDATE.industry_default_recalled"",""operator"":""equals"",""value"":true},{""field"":""profile.scenarios.NEW_SCN_LAB_WASTE_CANDIDATE.process_trigger_recalled"",""operator"":""equals"",""value"":true},{""field"":""profile.scenarios.NEW_SCN_LAB_WASTE_CANDIDATE.permit_condition_recalled"",""operator"":""equals"",""value"":true}],""not"":[{""field"":""profile.scenarios.NEW_SCN_LAB_WASTE_CANDIDATE.not_applicable_confirmed"",""operator"":""equals"",""value"":true}]}",环评、许可、台账或现场确认存在实验室、化验室、检测试剂或样品前处理工序；产生废试剂、实验废液、废试剂瓶、样品前处理残液或相关危废台账记录；检测实验室、研发实验室或企业自检实验室存在废液分类收集和危废暂存要求,检测全部外协且现场无实验室、无试剂柜、无废液收集容器；仅普通办公质检留样且无化学试剂、无实验废液、无危废代码证据,现场是否设置实验室或化验室，是否涉及样品前处理和化学试剂使用？；实验废液、废试剂瓶是否分类收集，标签、危废代码和去向是否完整？；危废暂存间、应急吸附物资和台账是否与实验室废液产生量匹配？,NEW_SCN_LAB_WASTE_CANDIDATE:MONTHLY,approved scenario template + approved inspection candidate + approved score13 mapping,APPROVED_BASELINE,APPROVED_BASELINE_KNOWLEDGE,approved_baseline_export_ready,HUMAN_APPROVED_BASELINE,USER_ATTESTED_IN_CHAT_2026-05-30,v1.0-approved-baseline-knowledge
SHOWIF::NEW_SCN_TAILINGS_CANDIDATE::FIRST,NEW_SCN_TAILINGS_CANDIDATE,尾矿库、尾矿输送与回水渗滤液候选场景,FIRST,KNOWLEDGE_TAILINGS,尾矿库、尾矿输送与回水渗滤液候选,S13,S10;S04;S02,profile.scenarios.NEW_SCN_TAILINGS_CANDIDATE.active;profile.scenarios.NEW_SCN_TAILINGS_CANDIDATE.evidence_confirmed,"{""all"":[{""field"":""profile.scenarios.NEW_SCN_TAILINGS_CANDIDATE.active"",""operator"":""equals"",""value"":true,""source"":""approved_baseline_scenario_activation""}],""any_evidence"":[{""field"":""profile.scenarios.NEW_SCN_TAILINGS_CANDIDATE.evidence_confirmed"",""operator"":""equals"",""value"":true},{""field"":""profile.scenarios.NEW_SCN_TAILINGS_CANDIDATE.industry_default_recalled"",""operator"":""equals"",""value"":true},{""field"":""profile.scenarios.NEW_SCN_TAILINGS_CANDIDATE.process_trigger_recalled"",""operator"":""equals"",""value"":true},{""field"":""profile.scenarios.NEW_SCN_TAILINGS_CANDIDATE.permit_condition_recalled"",""operator"":""equals"",""value"":true}],""not"":[{""field"":""profile.scenarios.NEW_SCN_TAILINGS_CANDIDATE.not_applicable_confirmed"",""operator"":""equals"",""value"":true}]}",环评、安全评价、许可或现场资料确认存在尾矿库、尾矿坝、尾矿输送或回水系统；存在尾矿渗滤液、回水池、排洪构筑物、在线监测或库区巡检记录；矿山、选矿或冶炼配套尾矿贮存设施需要与水、固废、应急风险联合确认,企业无尾矿库且尾矿全部外运处置，并有合同、台账和去向证明；仅普通原料堆场或一般固废堆场，无法证明存在尾矿坝、库区或回水系统,是否存在尾矿库、尾矿坝、排洪系统或回水池，是否与环评/安全评价一致？；尾矿渗滤液、回水和事故水如何收集、处理和监测？；库区巡检、应急预案、下游敏感点和历史整改是否完整留痕？,NEW_SCN_TAILINGS_CANDIDATE:FIRST,approved scenario template + approved inspection candidate + approved score13 mapping,APPROVED_BASELINE,APPROVED_BASELINE_KNOWLEDGE,approved_baseline_export_ready,HUMAN_APPROVED_BASELINE,USER_ATTESTED_IN_CHAT_2026-05-30,v1.0-approved-baseline-knowledge
SHOWIF::NEW_SCN_TAILINGS_CANDIDATE::MONTHLY,NEW_SCN_TAILINGS_CANDIDATE,尾矿库、尾矿输送与回水渗滤液候选场景,MONTHLY,KNOWLEDGE_TAILINGS,尾矿库、尾矿输送与回水渗滤液候选,S13,S10;S04;S02,profile.scenarios.NEW_SCN_TAILINGS_CANDIDATE.active;profile.scenarios.NEW_SCN_TAILINGS_CANDIDATE.evidence_confirmed,"{""all"":[{""field"":""profile.scenarios.NEW_SCN_TAILINGS_CANDIDATE.active"",""operator"":""equals"",""value"":true,""source"":""approved_baseline_scenario_activation""}],""any_evidence"":[{""field"":""profile.scenarios.NEW_SCN_TAILINGS_CANDIDATE.evidence_confirmed"",""operator"":""equals"",""value"":true},{""field"":""profile.scenarios.NEW_SCN_TAILINGS_CANDIDATE.industry_default_recalled"",""operator"":""equals"",""value"":true},{""field"":""profile.scenarios.NEW_SCN_TAILINGS_CANDIDATE.process_trigger_recalled"",""operator"":""equals"",""value"":true},{""field"":""profile.scenarios.NEW_SCN_TAILINGS_CANDIDATE.permit_condition_recalled"",""operator"":""equals"",""value"":true}],""not"":[{""field"":""profile.scenarios.NEW_SCN_TAILINGS_CANDIDATE.not_applicable_confirmed"",""operator"":""equals"",""value"":true}]}",环评、安全评价、许可或现场资料确认存在尾矿库、尾矿坝、尾矿输送或回水系统；存在尾矿渗滤液、回水池、排洪构筑物、在线监测或库区巡检记录；矿山、选矿或冶炼配套尾矿贮存设施需要与水、固废、应急风险联合确认,企业无尾矿库且尾矿全部外运处置，并有合同、台账和去向证明；仅普通原料堆场或一般固废堆场，无法证明存在尾矿坝、库区或回水系统,是否存在尾矿库、尾矿坝、排洪系统或回水池，是否与环评/安全评价一致？；尾矿渗滤液、回水和事故水如何收集、处理和监测？；库区巡检、应急预案、下游敏感点和历史整改是否完整留痕？,NEW_SCN_TAILINGS_CANDIDATE:MONTHLY,approved scenario template + approved inspection candidate + approved score13 mapping,APPROVED_BASELINE,APPROVED_BASELINE_KNOWLEDGE,approved_baseline_export_ready,HUMAN_APPROVED_BASELINE,USER_ATTESTED_IN_CHAT_2026-05-30,v1.0-approved-baseline-knowledge
SHOWIF::NEW_SCN_WASTE_DISPOSAL_CANDIDATE::FIRST,NEW_SCN_WASTE_DISPOSAL_CANDIDATE,垃圾焚烧、填埋与渗滤液飞灰候选场景,FIRST,KNOWLEDGE_WASTE_DISPOSAL,垃圾焚烧、填埋与渗滤液飞灰候选,S10,S06;S07;S02;S13,profile.scenarios.NEW_SCN_WASTE_DISPOSAL_CANDIDATE.active;profile.scenarios.NEW_SCN_WASTE_DISPOSAL_CANDIDATE.evidence_confirmed,"{""all"":[{""field"":""profile.scenarios.NEW_SCN_WASTE_DISPOSAL_CANDIDATE.active"",""operator"":""equals"",""value"":true,""source"":""approved_baseline_scenario_activation""}],""any_evidence"":[{""field"":""profile.scenarios.NEW_SCN_WASTE_DISPOSAL_CANDIDATE.evidence_confirmed"",""operator"":""equals"",""value"":true},{""field"":""profile.scenarios.NEW_SCN_WASTE_DISPOSAL_CANDIDATE.industry_default_recalled"",""operator"":""equals"",""value"":true},{""field"":""profile.scenarios.NEW_SCN_WASTE_DISPOSAL_CANDIDATE.process_trigger_recalled"",""operator"":""equals"",""value"":true},{""field"":""profile.scenarios.NEW_SCN_WASTE_DISPOSAL_CANDIDATE.permit_condition_recalled"",""operator"":""equals"",""value"":true}],""not"":[{""field"":""profile.scenarios.NEW_SCN_WASTE_DISPOSAL_CANDIDATE.not_applicable_confirmed"",""operator"":""equals"",""value"":true}]}",环评、许可、台账或现场确认存在垃圾焚烧、生活垃圾填埋、渗滤液处理或飞灰暂存；存在烟气净化、渗滤液处理、飞灰危废去向、炉渣管理或在线监测要求；固废处置设施涉及废气、废水、固废和应急多个风险单元，需要按场景组合确认,仅生活垃圾转运站且无焚烧、填埋、渗滤液处理和飞灰暂存设施；仅一般工业固废暂存或外运，无法证明存在垃圾处置主体设施,企业是否实际从事垃圾焚烧、填埋或渗滤液处理，设施边界如何确定？；烟气净化、渗滤液处理、飞灰暂存和在线监测是否运行并留痕？；飞灰、炉渣、渗滤液污泥等去向、危废属性和转移记录是否完整？,NEW_SCN_WASTE_DISPOSAL_CANDIDATE:FIRST,approved scenario template + approved inspection candidate + approved score13 mapping,APPROVED_BASELINE,APPROVED_BASELINE_KNOWLEDGE,approved_baseline_export_ready,HUMAN_APPROVED_BASELINE,USER_ATTESTED_IN_CHAT_2026-05-30,v1.0-approved-baseline-knowledge
SHOWIF::NEW_SCN_WASTE_DISPOSAL_CANDIDATE::MONTHLY,NEW_SCN_WASTE_DISPOSAL_CANDIDATE,垃圾焚烧、填埋与渗滤液飞灰候选场景,MONTHLY,KNOWLEDGE_WASTE_DISPOSAL,垃圾焚烧、填埋与渗滤液飞灰候选,S10,S06;S07;S02;S13,profile.scenarios.NEW_SCN_WASTE_DISPOSAL_CANDIDATE.active;profile.scenarios.NEW_SCN_WASTE_DISPOSAL_CANDIDATE.evidence_confirmed,"{""all"":[{""field"":""profile.scenarios.NEW_SCN_WASTE_DISPOSAL_CANDIDATE.active"",""operator"":""equals"",""value"":true,""source"":""approved_baseline_scenario_activation""}],""any_evidence"":[{""field"":""profile.scenarios.NEW_SCN_WASTE_DISPOSAL_CANDIDATE.evidence_confirmed"",""operator"":""equals"",""value"":true},{""field"":""profile.scenarios.NEW_SCN_WASTE_DISPOSAL_CANDIDATE.industry_default_recalled"",""operator"":""equals"",""value"":true},{""field"":""profile.scenarios.NEW_SCN_WASTE_DISPOSAL_CANDIDATE.process_trigger_recalled"",""operator"":""equals"",""value"":true},{""field"":""profile.scenarios.NEW_SCN_WASTE_DISPOSAL_CANDIDATE.permit_condition_recalled"",""operator"":""equals"",""value"":true}],""not"":[{""field"":""profile.scenarios.NEW_SCN_WASTE_DISPOSAL_CANDIDATE.not_applicable_confirmed"",""operator"":""equals"",""value"":true}]}",环评、许可、台账或现场确认存在垃圾焚烧、生活垃圾填埋、渗滤液处理或飞灰暂存；存在烟气净化、渗滤液处理、飞灰危废去向、炉渣管理或在线监测要求；固废处置设施涉及废气、废水、固废和应急多个风险单元，需要按场景组合确认,仅生活垃圾转运站且无焚烧、填埋、渗滤液处理和飞灰暂存设施；仅一般工业固废暂存或外运，无法证明存在垃圾处置主体设施,企业是否实际从事垃圾焚烧、填埋或渗滤液处理，设施边界如何确定？；烟气净化、渗滤液处理、飞灰暂存和在线监测是否运行并留痕？；飞灰、炉渣、渗滤液污泥等去向、危废属性和转移记录是否完整？,NEW_SCN_WASTE_DISPOSAL_CANDIDATE:MONTHLY,approved scenario template + approved inspection candidate + approved score13 mapping,APPROVED_BASELINE,APPROVED_BASELINE_KNOWLEDGE,approved_baseline_export_ready,HUMAN_APPROVED_BASELINE,USER_ATTESTED_IN_CHAT_2026-05-30,v1.0-approved-baseline-knowledge
